#if defined(LV_LVGL_H_INCLUDE_SIMPLE)
#include "lvgl.h"
#else
#include "lvgl/lvgl.h"
#endif

#ifndef LV_ATTRIBUTE_MEM_ALIGN
#define LV_ATTRIBUTE_MEM_ALIGN
#endif
#ifndef LV_ATTRIBUTE_DETAIL_RADIO
#define LV_ATTRIBUTE_DETAIL_RADIO
#endif

static const LV_ATTRIBUTE_MEM_ALIGN LV_ATTRIBUTE_LARGE_CONST LV_ATTRIBUTE_DETAIL_RADIO
uint8_t detail_radio_map[] = {
    0x00,0x00,0x00,0x00,0x00,0x00,0x00,0x00,0x00,0x00,0x00,0x00,0x00,0x00,0x00,0x00,
    0x00,0x00,0x00,0x00,0x00,0x00,0x00,0x00,0x00,0x00,0x00,0x00,0x00,0x00,0x00,0x00,
    0x00,0x00,0x00,0x00,0x00,0x00,0x00,0x00,0x00,0x00,0x00,0x00,0x00,0x00,0x00,0x00,
    0x00,0x00,0x00,0x00,0x00,0x00,0x00,0x00,0x00,0x00,0x00,0x00,0x00,0x00,0x00,0x00,
    0x00,0x00,0x00,0x00,0x00,0x00,0x00,0x00,0x00,0x00,0x00,0x00,0x00,0x00,0x00,0x00,
    0x00,0x00,0x00,0x00,0x00,0x00,0x00,0x00,0x00,0x00,0x00,0x00,0x00,0x00,0x00,0x00,
    0x00,0x00,0x00,0x00,0x00,0x00,0x00,0x00,0x00,0x00,0x00,0x00,0x00,0x00,0x00,0x00,
    0x00,0x00,0x00,0x00,0x00,0x00,0x00,0x00,0x00,0x00,0x00,0x00,0x00,0x00,0x00,0x00,
    0x00,0x00,0x00,0x00,0x00,0x00,0x00,0x00,0x00,0x00,0x00,0x00,0x00,0x00,0x00,0x00,
    0x00,0x00,0x00,0x00,0x00,0x00,0x00,0x00,0x00,0x00,0x00,0x00,0x00,0x00,0x00,0x00,
    0x00,0x00,0x00,0x00,0x00,0x00,0x00,0x00,0x00,0x00,0x00,0x00,0x00,0x00,0x00,0x00,
    0x00,0x00,0x00,0x00,0x00,0x00,0x00,0x00,0x00,0x00,0x00,0x00,0x00,0x00,0x00,0x00,
    0x00,0x00,0x00,0x00,0x00,0x00,0x00,0x00,0x00,0x00,0x00,0x00,0x00,0x00,0x00,0x00,
    0x00,0x00,0x00,0x00,0x00,0x00,0x00,0x00,0x00,0x00,0x00,0x00,0x00,0x00,0x00,0x00,
    0x00,0x00,0x00,0x00,0x00,0x00,0x00,0x00,0x00,0x00,0x00,0x00,0x00,0x00,0x00,0x00,
    0x00,0x00,0x00,0x00,0x00,0x00,0x00,0x00,0x00,0x00,0x00,0x00,0x00,0x00,0x00,0x00,
    0x00,0x00,0x00,0x00,0x00,0x00,0x00,0x00,0x00,0x00,0x00,0x00,0x00,0x00,0x00,0x00,
    0x00,0x00,0x00,0x00,0x00,0x00,0x00,0x00,0x00,0x00,0x00,0x00,0x00,0x00,0x00,0x00,
    0x00,0x00,0x00,0x00,0x00,0x00,0x00,0x00,0x00,0x00,0x00,0x00,0x00,0x00,0x00,0x00,
    0x00,0x00,0x00,0x00,0x00,0x00,0x00,0x00,0x00,0x00,0x00,0x00,0x00,0x00,0x00,0x00,
    0x00,0x00,0x00,0x00,0x00,0x00,0x00,0x00,0x00,0x00,0x00,0x00,0x00,0x00,0x00,0x00,
    0x00,0x00,0x00,0x00,0x00,0x00,0x00,0x00,0x00,0x00,0x00,0x00,0x00,0x00,0x00,0x00,
    0x00,0x00,0x00,0x00,0x00,0x00,0x00,0x00,0x00,0x00,0x00,0x00,0x00,0x00,0x00,0x00,
    0x00,0x00,0x00,0x00,0x00,0x00,0x00,0x00,0x00,0x00,0x00,0x00,0x00,0x00,0x00,0x00,
    0x00,0x00,0x00,0x00,0x00,0x00,0x00,0x00,0x00,0x00,0x00,0x00,0x00,0x00,0x00,0x00,
    0x00,0x00,0x00,0x00,0x00,0x00,0x00,0x00,0x00,0x00,0x00,0x00,0x00,0x00,0x00,0x00,
    0x00,0x00,0x00,0x00,0x00,0x00,0x00,0x00,0x00,0x00,0x00,0x00,0x00,0x00,0x00,0x00,
    0x00,0x00,0x00,0x00,0x00,0x00,0x00,0x00,0x00,0x00,0x00,0x00,0x00,0x00,0x00,0x00,
    0x00,0x00,0x00,0x00,0x00,0x00,0x00,0x00,0x00,0x00,0x00,0x00,0x00,0x00,0x00,0x00,
    0xff,0x7f,0xff,0x02,0xff,0xbf,0xff,0x04,0xff,0xff,0xff,0x02,0x00,0x00,0x00,0x00,
    0x00,0x00,0x00,0x00,0x00,0x00,0x00,0x00,0x00,0x00,0x00,0x00,0x00,0x00,0x00,0x00,
    0xd2,0xd2,0xd2,0x11,0xe9,0xda,0xe9,0x23,0xee,0xda,0xea,0x3f,0xee,0xd5,0xe8,0x4f,
    0xef,0xd7,0xe4,0x74,0xf4,0xd2,0xec,0x79,0xf3,0xcf,0xe9,0x80,0xf0,0xd5,0xe5,0xa1,
    0xf3,0xd6,0xea,0xaa,0xf4,0xd3,0xed,0xaa,0xf6,0xd1,0xed,0xac,0xf3,0xcf,0xec,0xb0,
    0xf2,0xcf,0xe9,0xb3,0xf1,0xcf,0xe7,0xba,0xf1,0xd0,0xe7,0xba,0xf2,0xd1,0xea,0xb9,
    0xef,0xd1,0xe6,0xc3,0xef,0xd0,0xe6,0xc5,0xf0,0xd0,0xe7,0xc1,0xf0,0xd0,0xe7,0xc1,
    0xef,0xd1,0xe7,0xc0,0xf0,0xd1,0xe8,0xc0,0xf1,0xd3,0xe7,0xc0,0xf1,0xd3,0xe7,0xbb,
    0xf2,0xd2,0xe8,0xb7,0xf2,0xd1,0xe9,0xba,0xf1,0xd0,0xe7,0xbc,0xf3,0xcf,0xe9,0xb3,
    0xf4,0xd1,0xea,0xaf,0xf4,0xd1,0xe9,0xaf,0xf4,0xd2,0xea,0xab,0xf4,0xd6,0xea,0xaa,
    0xf0,0xd5,0xe5,0xa1,0xf2,0xd4,0xe8,0x7e,0xf6,0xd8,0xee,0x78,0xf3,0xdc,0xe5,0x6f,
    0xf1,0xdc,0xed,0x4a,0xed,0xe0,0xe9,0x3b,0xf6,0xed,0xf6,0x1d,0xe7,0xff,0xe7,0x0b,
    0x00,0x00,0x00,0x00,0x00,0x00,0x00,0x00,0x00,0x00,0x00,0x00,0x00,0x00,0x00,0x00,
    0x00,0x00,0x00,0x00,0xff,0xff,0xff,0x02,0xff,0xbf,0xff,0x04,0xff,0x7f,0xff,0x02,
    0x00,0x00,0x00,0x00,0x00,0x00,0x00,0x00,0x00,0x00,0x00,0x00,0x00,0x00,0x00,0x00,
    0x00,0x00,0x00,0x00,0x00,0x00,0x00,0x00,0x00,0x00,0x00,0x00,0x00,0x00,0x00,0x00,
    0x00,0x00,0x00,0x00,0x00,0x00,0x00,0x00,0x00,0x00,0x00,0x00,0x00,0x00,0x00,0x00,
    0x00,0x00,0x00,0x00,0x00,0x00,0x00,0x00,0x00,0x00,0x00,0x00,0x00,0x00,0x00,0x00,
    0x00,0x00,0x00,0x00,0x00,0x00,0x00,0x00,0x00,0x00,0x00,0x00,0x00,0x00,0x00,0x00,
    0x00,0x00,0x00,0x00,0x00,0x00,0x00,0x00,0x00,0x00,0x00,0x00,0x00,0x00,0x00,0x00,
    0x00,0x00,0x00,0x00,0x00,0x00,0x00,0x00,0x00,0x00,0x00,0x00,0x00,0x00,0x00,0x00,
    0x00,0x00,0x00,0x00,0x00,0x00,0x00,0x00,0x00,0x00,0x00,0x00,0x00,0x00,0x00,0x00,
    0x00,0x00,0x00,0x00,0x00,0x00,0x00,0x00,0x00,0x00,0x00,0x00,0x00,0x00,0x00,0x00,
    0x00,0x00,0x00,0x00,0x00,0x00,0x00,0x00,0xff,0xff,0xff,0x02,0xff,0xaa,0xff,0x03,
    0x00,0x00,0x00,0x00,0x00,0x00,0x00,0x00,0x00,0x00,0x00,0x00,0xe6,0xda,0xda,0x15,
    0xec,0xd6,0xe9,0x46,0xf0,0xd5,0xe8,0x7b,0xef,0xd4,0xe8,0xa8,0xee,0xd2,0xe8,0xcc,
    0xf1,0xd2,0xea,0xe5,0xf1,0xd2,0xec,0xf5,0xf6,0xd3,0xef,0xff,0xfb,0xd5,0xf3,0xff,
    0xff,0xda,0xf7,0xff,0xff,0xda,0xf8,0xff,0xff,0xd9,0xf8,0xff,0xff,0xd8,0xf7,0xff,
    0xff,0xd9,0xf7,0xff,0xff,0xd8,0xf8,0xff,0xff,0xd7,0xf8,0xff,0xff,0xd7,0xf8,0xff,
    0xff,0xd7,0xf7,0xff,0xff,0xd7,0xf6,0xff,0xff,0xd6,0xf6,0xff,0xff,0xd6,0xf6,0xff,
    0xfe,0xd5,0xf4,0xff,0xfd,0xd5,0xf3,0xff,0xfd,0xd5,0xf4,0xff,0xfe,0xd5,0xf4,0xff,
    0xfe,0xd6,0xf5,0xff,0xfe,0xd6,0xf5,0xff,0xff,0xd7,0xf5,0xff,0xff,0xd8,0xf6,0xff,
    0xff,0xd8,0xf6,0xff,0xff,0xd7,0xf6,0xff,0xff,0xd7,0xf5,0xff,0xff,0xd8,0xf5,0xff,
    0xff,0xd8,0xf5,0xff,0xff,0xd8,0xf5,0xff,0xff,0xd8,0xf5,0xff,0xff,0xd7,0xf6,0xff,
    0xff,0xd8,0xf5,0xff,0xff,0xd9,0xf7,0xff,0xff,0xdb,0xf8,0xff,0xff,0xdb,0xf6,0xff,
    0xfa,0xd6,0xf1,0xff,0xf4,0xd2,0xeb,0xff,0xf3,0xd3,0xea,0xf2,0xf3,0xd3,0xeb,0xdf,
    0xf0,0xd0,0xe9,0xc6,0xef,0xd2,0xe5,0xa8,0xed,0xd1,0xe3,0x81,0xf0,0xdb,0xe9,0x47,
    0xe6,0xe6,0xda,0x15,0x00,0x00,0x00,0x00,0x00,0x00,0x00,0x00,0x00,0x00,0x00,0x00,
    0xff,0xaa,0xff,0x03,0xff,0xff,0xff,0x02,0x00,0x00,0x00,0x00,0x00,0x00,0x00,0x00,
    0x00,0x00,0x00,0x00,0x00,0x00,0x00,0x00,0x00,0x00,0x00,0x00,0x00,0x00,0x00,0x00,
    0x00,0x00,0x00,0x00,0x00,0x00,0x00,0x00,0x00,0x00,0x00,0x00,0x00,0x00,0x00,0x00,
    0x00,0x00,0x00,0x00,0x00,0x00,0x00,0x00,0x00,0x00,0x00,0x00,0x00,0x00,0x00,0x00,
    0x00,0x00,0x00,0x00,0x00,0x00,0x00,0x00,0x00,0x00,0x00,0x00,0x00,0x00,0x00,0x00,
    0x00,0x00,0x00,0x00,0x00,0x00,0x00,0x00,0x00,0x00,0x00,0x00,0x00,0x00,0x00,0x00,
    0x00,0x00,0x00,0x00,0x00,0x00,0x00,0x00,0x00,0x00,0x00,0x00,0x00,0x00,0x00,0x00,
    0x00,0x00,0x00,0x00,0x00,0x00,0x00,0x00,0x00,0x00,0x00,0x00,0x00,0x00,0x00,0x00,
    0x00,0x00,0x00,0x00,0x00,0x00,0x00,0x00,0x00,0x00,0x00,0x00,0x00,0x00,0x00,0x00,
    0xff,0x7f,0x7f,0x02,0xff,0xff,0xff,0x02,0x00,0x00,0x00,0x00,0x00,0x00,0x00,0x00,
    0xef,0xd7,0xef,0x20,0xeb,0xd4,0xe9,0x6b,0xf5,0xd7,0xee,0xb7,0xf6,0xd5,0xed,0xee,
    0xff,0xdc,0xf8,0xff,0xff,0xe3,0xfe,0xff,0xff,0xe1,0xfc,0xff,0xff,0xdc,0xf8,0xff,
    0xfa,0xd6,0xf3,0xff,0xf7,0xd1,0xef,0xff,0xf4,0xcd,0xec,0xfe,0xf2,0xcc,0xea,0xfe,
    0xf3,0xcc,0xea,0xfc,0xf2,0xcc,0xea,0xfc,0xf2,0xcb,0xea,0xfc,0xf2,0xca,0xe9,0xfc,
    0xf2,0xc9,0xe9,0xfc,0xf2,0xc9,0xe9,0xfc,0xf2,0xc9,0xe9,0xfc,0xf1,0xc9,0xe9,0xfc,
    0xf1,0xc8,0xe9,0xfc,0xf1,0xc7,0xe8,0xfd,0xf0,0xc6,0xe8,0xfd,0xf0,0xc6,0xe8,0xfd,
    0xf0,0xc6,0xe7,0xfd,0xf0,0xc5,0xe7,0xfd,0xf0,0xc5,0xe7,0xfd,0xf0,0xc6,0xe8,0xfd,
    0xf0,0xc6,0xe8,0xfd,0xf0,0xc6,0xe8,0xfd,0xf0,0xc6,0xe8,0xfd,0xf0,0xc6,0xe8,0xfd,
    0xf1,0xc7,0xe8,0xfd,0xf0,0xc7,0xe8,0xfd,0xf1,0xc7,0xe7,0xfd,0xf2,0xc8,0xe8,0xfc,
    0xf1,0xc8,0xe8,0xfc,0xf1,0xc8,0xe8,0xfc,0xf1,0xc8,0xe8,0xfc,0xf1,0xc8,0xe9,0xfc,
    0xf1,0xc9,0xe8,0xfc,0xf1,0xc9,0xe9,0xfc,0xf1,0xca,0xe9,0xfc,0xf3,0xcb,0xe9,0xfc,
    0xf2,0xca,0xe9,0xfe,0xf3,0xcb,0xeb,0xff,0xf7,0xcf,0xed,0xff,0xfb,0xd2,0xf1,0xff,
    0xff,0xd6,0xf6,0xff,0xff,0xdc,0xf9,0xff,0xff,0xde,0xfb,0xff,0xfe,0xd8,0xf5,0xff,
    0xf5,0xd3,0xeb,0xee,0xf5,0xd8,0xeb,0xb9,0xf0,0xdb,0xe9,0x6c,0xe7,0xdf,0xe7,0x20,
    0x00,0x00,0x00,0x00,0x00,0x00,0x00,0x00,0xff,0xff,0xff,0x02,0xff,0xff,0xff,0x02,
    0x00,0x00,0x00,0x00,0x00,0x00,0x00,0x00,0x00,0x00,0x00,0x00,0x00,0x00,0x00,0x00,
    0x00,0x00,0x00,0x00,0x00,0x00,0x00,0x00,0x00,0x00,0x00,0x00,0x00,0x00,0x00,0x00,
    0x00,0x00,0x00,0x00,0x00,0x00,0x00,0x00,0x00,0x00,0x00,0x00,0x00,0x00,0x00,0x00,
    0x00,0x00,0x00,0x00,0x00,0x00,0x00,0x00,0x00,0x00,0x00,0x00,0x00,0x00,0x00,0x00,
    0x00,0x00,0x00,0x00,0x00,0x00,0x00,0x00,0x00,0x00,0x00,0x00,0x00,0x00,0x00,0x00,
    0x00,0x00,0x00,0x00,0x00,0x00,0x00,0x00,0x00,0x00,0x00,0x00,0x00,0x00,0x00,0x00,
    0x00,0x00,0x00,0x00,0x00,0x00,0x00,0x00,0x00,0x00,0x00,0x00,0x00,0x00,0x00,0x00,
    0x00,0x00,0x00,0x00,0x00,0x00,0x00,0x00,0x00,0x00,0x00,0x00,0xff,0xff,0xff,0x03,
    0x00,0x00,0x00,0x00,0x00,0x00,0x00,0x00,0xf5,0xda,0xe8,0x38,0xf7,0xda,0xf1,0xa6,
    0xf5,0xd5,0xef,0xf4,0xff,0xde,0xfc,0xff,0xff,0xdc,0xfb,0xff,0xfa,0xd4,0xf2,0xff,
    0xf4,0xcf,0xec,0xfd,0xf4,0xce,0xed,0xfb,0xf4,0xce,0xed,0xfb,0xf2,0xca,0xeb,0xfd,
    0xf1,0xc8,0xe9,0xfe,0xf0,0xc6,0xe8,0xfe,0xf0,0xc5,0xe7,0xff,0xee,0xc2,0xe5,0xff,
    0xee,0xc1,0xe5,0xff,0xed,0xc0,0xe4,0xff,0xed,0xbf,0xe4,0xff,0xed,0xbf,0xe4,0xff,
    0xed,0xbf,0xe3,0xff,0xed,0xbf,0xe4,0xff,0xed,0xbe,0xe3,0xff,0xec,0xbd,0xe3,0xff,
    0xec,0xbd,0xe3,0xff,0xec,0xbc,0xe2,0xff,0xec,0xbc,0xe3,0xff,0xec,0xbb,0xe2,0xff,
    0xeb,0xbb,0xe1,0xff,0xeb,0xba,0xe2,0xff,0xeb,0xba,0xe2,0xff,0xeb,0xba,0xe2,0xff,
    0xeb,0xbb,0xe2,0xff,0xea,0xba,0xe2,0xff,0xeb,0xba,0xe2,0xff,0xeb,0xba,0xe2,0xff,
    0xea,0xbb,0xe2,0xff,0xeb,0xbc,0xe2,0xff,0xec,0xbc,0xe1,0xff,0xeb,0xbc,0xe2,0xff,
    0xec,0xbc,0xe2,0xff,0xec,0xbc,0xe2,0xff,0xec,0xbd,0xe3,0xff,0xec,0xbe,0xe3,0xff,
    0xec,0xbf,0xe3,0xff,0xec,0xbf,0xe4,0xff,0xed,0xc0,0xe5,0xff,0xee,0xc1,0xe5,0xff,
    0xef,0xc1,0xe6,0xff,0xef,0xc3,0xe7,0xff,0xf0,0xc4,0xe8,0xfe,0xf1,0xc4,0xe8,0xfd,
    0xf1,0xc6,0xe9,0xfc,0xf1,0xc7,0xe9,0xfb,0xf1,0xc8,0xe8,0xfb,0xf1,0xc7,0xe7,0xfd,
    0xf6,0xcd,0xec,0xff,0xfe,0xd7,0xf5,0xff,0xff,0xdc,0xf7,0xff,0xf4,0xd3,0xeb,0xf3,
    0xf8,0xd9,0xee,0xa8,0xf6,0xdb,0xed,0x3a,0x00,0x00,0x00,0x00,0x00,0x00,0x00,0x00,
    0xff,0xff,0xff,0x03,0x00,0x00,0x00,0x00,0x00,0x00,0x00,0x00,0x00,0x00,0x00,0x00,
    0x00,0x00,0x00,0x00,0x00,0x00,0x00,0x00,0x00,0x00,0x00,0x00,0x00,0x00,0x00,0x00,
    0x00,0x00,0x00,0x00,0x00,0x00,0x00,0x00,0x00,0x00,0x00,0x00,0x00,0x00,0x00,0x00,
    0x00,0x00,0x00,0x00,0x00,0x00,0x00,0x00,0x00,0x00,0x00,0x00,0x00,0x00,0x00,0x00,
    0x00,0x00,0x00,0x00,0x00,0x00,0x00,0x00,0x00,0x00,0x00,0x00,0x00,0x00,0x00,0x00,
    0x00,0x00,0x00,0x00,0x00,0x00,0x00,0x00,0x00,0x00,0x00,0x00,0x00,0x00,0x00,0x00,
    0x00,0x00,0x00,0x00,0x00,0x00,0x00,0x00,0x00,0x00,0x00,0x00,0x00,0x00,0x00,0x00,
    0x00,0x00,0x00,0x00,0xff,0xff,0xff,0x01,0xff,0xff,0xff,0x02,0x00,0x00,0x00,0x00,
    0xe8,0xd2,0xe1,0x22,0xf5,0xd8,0xef,0xa5,0xf9,0xd6,0xf1,0xff,0xff,0xde,0xfc,0xff,
    0xf7,0xd4,0xf0,0xff,0xf6,0xd1,0xef,0xfb,0xf4,0xce,0xed,0xfc,0xf3,0xca,0xeb,0xfe,
    0xf1,0xc6,0xe9,0xff,0xf0,0xc2,0xe7,0xff,0xee,0xbf,0xe5,0xff,0xed,0xbd,0xe3,0xff,
    0xec,0xbb,0xe2,0xff,0xeb,0xba,0xe1,0xff,0xea,0xb9,0xe0,0xff,0xe9,0xb7,0xde,0xff,
    0xe9,0xb7,0xde,0xff,0xe9,0xb7,0xdf,0xff,0xe8,0xb6,0xde,0xff,0xe9,0xb7,0xde,0xff,
    0xe9,0xb7,0xde,0xff,0xe9,0xb7,0xdf,0xff,0xe9,0xb6,0xdf,0xff,0xe9,0xb6,0xde,0xff,
    0xea,0xb6,0xdf,0xff,0xea,0xb6,0xdf,0xff,0xe9,0xb5,0xde,0xff,0xe9,0xb5,0xde,0xff,
    0xe9,0xb4,0xde,0xff,0xe9,0xb4,0xde,0xff,0xe8,0xb3,0xdd,0xff,0xe8,0xb4,0xdd,0xff,
    0xe8,0xb4,0xde,0xff,0xe8,0xb3,0xdd,0xff,0xe8,0xb3,0xde,0xff,0xe8,0xb3,0xde,0xff,
    0xe8,0xb4,0xde,0xff,0xe8,0xb4,0xdd,0xff,0xe9,0xb5,0xde,0xff,0xe8,0xb6,0xdd,0xff,
    0xe9,0xb5,0xde,0xff,0xe9,0xb5,0xde,0xff,0xea,0xb5,0xde,0xff,0xe9,0xb6,0xde,0xff,
    0xe9,0xb6,0xdf,0xff,0xe9,0xb7,0xdf,0xff,0xe9,0xb7,0xdf,0xff,0xea,0xb8,0xe0,0xff,
    0xea,0xb8,0xe0,0xff,0xeb,0xb9,0xe0,0xff,0xeb,0xb9,0xe1,0xff,0xeb,0xba,0xe1,0xff,
    0xec,0xbb,0xe2,0xff,0xed,0xbd,0xe3,0xff,0xee,0xbe,0xe4,0xff,0xee,0xc1,0xe5,0xff,
    0xee,0xc4,0xe5,0xfe,0xef,0xc7,0xe5,0xfc,0xee,0xc7,0xe5,0xfb,0xf3,0xc9,0xe7,0xff,
    0xff,0xd7,0xf4,0xff,0xf6,0xd2,0xeb,0xff,0xf7,0xd8,0xeb,0xac,0xe4,0xcf,0xd4,0x30,
    0x00,0x00,0x00,0x00,0xff,0xff,0xff,0x01,0xff,0xff,0xff,0x01,0x00,0x00,0x00,0x00,
    0x00,0x00,0x00,0x00,0x00,0x00,0x00,0x00,0x00,0x00,0x00,0x00,0x00,0x00,0x00,0x00,
    0x00,0x00,0x00,0x00,0x00,0x00,0x00,0x00,0x00,0x00,0x00,0x00,0x00,0x00,0x00,0x00,
    0x00,0x00,0x00,0x00,0x00,0x00,0x00,0x00,0x00,0x00,0x00,0x00,0x00,0x00,0x00,0x00,
    0x00,0x00,0x00,0x00,0x00,0x00,0x00,0x00,0x00,0x00,0x00,0x00,0x00,0x00,0x00,0x00,
    0x00,0x00,0x00,0x00,0x00,0x00,0x00,0x00,0x00,0x00,0x00,0x00,0x00,0x00,0x00,0x00,
    0x00,0x00,0x00,0x00,0x00,0x00,0x00,0x00,0x00,0x00,0x00,0x00,0x00,0x00,0x00,0x00,
    0x7f,0x7f,0x7f,0x02,0x00,0x00,0x00,0x00,0x00,0x00,0x00,0x00,0xf0,0xd4,0xe8,0x67,
    0xf8,0xd8,0xf2,0xef,0xff,0xe1,0xfe,0xff,0xf5,0xd2,0xef,0xfe,0xf5,0xd2,0xee,0xfc,
    0xf5,0xce,0xed,0xfe,0xf2,0xc9,0xeb,0xff,0xf0,0xc3,0xe8,0xff,0xed,0xbe,0xe4,0xff,
    0xeb,0xba,0xe2,0xff,0xea,0xb7,0xe0,0xff,0xe9,0xb5,0xdf,0xff,0xe9,0xb5,0xde,0xff,
    0xe8,0xb3,0xdd,0xff,0xe8,0xb3,0xdc,0xff,0xe8,0xb3,0xdc,0xff,0xe7,0xb2,0xdb,0xff,
    0xe7,0xb2,0xdc,0xff,0xe7,0xb1,0xdc,0xff,0xe7,0xb2,0xdc,0xff,0xe8,0xb3,0xdc,0xff,
    0xe8,0xb3,0xdc,0xff,0xe8,0xb3,0xdc,0xff,0xe8,0xb4,0xdd,0xff,0xe8,0xb4,0xdd,0xff,
    0xe9,0xb4,0xdd,0xff,0xe9,0xb3,0xde,0xff,0xe9,0xb1,0xde,0xff,0xe9,0xb2,0xde,0xff,
    0xe9,0xb2,0xdd,0xff,0xe9,0xb1,0xdc,0xff,0xe8,0xb2,0xdc,0xff,0xe8,0xb2,0xdc,0xff,
    0xe7,0xb1,0xdd,0xff,0xe7,0xb0,0xdc,0xff,0xe7,0xb0,0xdc,0xff,0xe7,0xb1,0xdc,0xff,
    0xe8,0xb1,0xdd,0xff,0xe8,0xb1,0xdc,0xff,0xe8,0xb1,0xdd,0xff,0xe8,0xb2,0xdd,0xff,
    0xe9,0xb2,0xdd,0xff,0xe9,0xb2,0xdd,0xff,0xe9,0xb3,0xdd,0xff,0xe8,0xb3,0xdd,0xff,
    0xe7,0xb2,0xdc,0xff,0xe7,0xb3,0xdd,0xff,0xe7,0xb3,0xdd,0xff,0xe7,0xb3,0xdd,0xff,
    0xe7,0xb3,0xdd,0xff,0xe6,0xb4,0xdd,0xff,0xe8,0xb4,0xde,0xff,0xe8,0xb5,0xde,0xff,
    0xe8,0xb5,0xde,0xff,0xe8,0xb5,0xde,0xff,0xe9,0xb6,0xdf,0xff,0xe9,0xb8,0xdf,0xff,
    0xea,0xbb,0xe1,0xff,0xeb,0xbd,0xe2,0xff,0xec,0xc0,0xe4,0xff,0xed,0xc1,0xe3,0xfe,
    0xed,0xc3,0xe3,0xfc,0xee,0xc5,0xe4,0xfe,0xff,0xd5,0xf3,0xff,0xf6,0xd0,0xe9,0xf8,
    0xf2,0xd4,0xe5,0x78,0x00,0x00,0x00,0x00,0x00,0x00,0x00,0x00,0xaa,0xaa,0xaa,0x03,
    0x00,0x00,0x00,0x00,0x00,0x00,0x00,0x00,0x00,0x00,0x00,0x00,0x00,0x00,0x00,0x00,
    0x00,0x00,0x00,0x00,0x00,0x00,0x00,0x00,0x00,0x00,0x00,0x00,0x00,0x00,0x00,0x00,
    0x00,0x00,0x00,0x00,0x00,0x00,0x00,0x00,0x00,0x00,0x00,0x00,0x00,0x00,0x00,0x00,
    0x00,0x00,0x00,0x00,0x00,0x00,0x00,0x00,0x00,0x00,0x00,0x00,0x00,0x00,0x00,0x00,
    0x00,0x00,0x00,0x00,0x00,0x00,0x00,0x00,0x00,0x00,0x00,0x00,0x00,0x00,0x00,0x00,
    0x00,0x00,0x00,0x00,0x00,0x00,0x00,0x00,0x00,0x00,0x00,0x00,0xff,0xff,0xff,0x02,
    0x00,0x00,0x00,0x00,0xda,0xda,0xb6,0x07,0xf3,0xd3,0xf0,0x9f,0xff,0xdf,0xfe,0xff,
    0xf9,0xd6,0xf3,0xff,0xf6,0xd4,0xf0,0xfb,0xf5,0xd0,0xef,0xff,0xf2,0xc9,0xea,0xff,
    0xef,0xc2,0xe6,0xff,0xed,0xbd,0xe4,0xff,0xeb,0xba,0xe1,0xff,0xea,0xb7,0xdf,0xff,
    0xe9,0xb4,0xde,0xff,0xe8,0xb3,0xdd,0xff,0xe7,0xb1,0xdc,0xff,0xe7,0xb0,0xdc,0xff,
    0xe7,0xb0,0xdc,0xff,0xe7,0xb0,0xdb,0xff,0xe7,0xb0,0xdb,0xff,0xe7,0xaf,0xda,0xff,
    0xe7,0xb0,0xdb,0xff,0xe7,0xaf,0xdb,0xff,0xe7,0xb0,0xdb,0xff,0xe7,0xb0,0xdb,0xff,
    0xe7,0xb0,0xdb,0xff,0xe8,0xb1,0xdc,0xff,0xe7,0xb2,0xdd,0xff,0xe7,0xb2,0xdc,0xff,
    0xe8,0xb1,0xdc,0xff,0xe9,0xb1,0xdd,0xff,0xe9,0xb0,0xdd,0xff,0xe9,0xb0,0xdd,0xff,
    0xe9,0xb0,0xdc,0xff,0xe8,0xb0,0xdc,0xff,0xe9,0xb1,0xdc,0xff,0xe8,0xb0,0xdc,0xff,
    0xe8,0xb0,0xdc,0xff,0xe7,0xaf,0xdc,0xff,0xe7,0xaf,0xdc,0xff,0xe8,0xb0,0xdc,0xff,
    0xe8,0xb0,0xdc,0xff,0xe8,0xb0,0xdc,0xff,0xe8,0xb0,0xdc,0xff,0xe8,0xb0,0xdc,0xff,
    0xe9,0xb0,0xdd,0xff,0xe8,0xb1,0xdd,0xff,0xe9,0xb0,0xdd,0xff,0xe8,0xb0,0xdd,0xff,
    0xe7,0xb0,0xdc,0xff,0xe7,0xb1,0xdc,0xff,0xe7,0xb1,0xdd,0xff,0xe7,0xb1,0xdc,0xff,
    0xe6,0xb1,0xdc,0xff,0xe6,0xb1,0xdc,0xff,0xe6,0xb1,0xdc,0xff,0xe7,0xb1,0xdc,0xff,
    0xe7,0xb2,0xdd,0xff,0xe7,0xb3,0xdd,0xff,0xe7,0xb3,0xdd,0xff,0xe8,0xb4,0xdd,0xff,
    0xe8,0xb4,0xdd,0xff,0xe8,0xb5,0xde,0xff,0xe9,0xb8,0xdf,0xff,0xeb,0xb9,0xe1,0xff,
    0xec,0xbd,0xe2,0xff,0xed,0xc0,0xe3,0xff,0xed,0xc0,0xe2,0xfc,0xf0,0xc4,0xe5,0xff,
    0xff,0xd6,0xf6,0xff,0xf5,0xd3,0xe6,0xb4,0xd2,0xd2,0xc3,0x11,0x00,0x00,0x00,0x00,
    0xaa,0xaa,0xaa,0x03,0x00,0x00,0x00,0x00,0x00,0x00,0x00,0x00,0x00,0x00,0x00,0x00,
    0x00,0x00,0x00,0x00,0x00,0x00,0x00,0x00,0x00,0x00,0x00,0x00,0x00,0x00,0x00,0x00,
    0x00,0x00,0x00,0x00,0x00,0x00,0x00,0x00,0x00,0x00,0x00,0x00,0x00,0x00,0x00,0x00,
    0x00,0x00,0x00,0x00,0x00,0x00,0x00,0x00,0x00,0x00,0x00,0x00,0x00,0x00,0x00,0x00,
    0x00,0x00,0x00,0x00,0x00,0x00,0x00,0x00,0x00,0x00,0x00,0x00,0x00,0x00,0x00,0x00,
    0x00,0x00,0x00,0x00,0x00,0x00,0x00,0x00,0xff,0xff,0xff,0x02,0x00,0x00,0x00,0x00,
    0xdf,0xcf,0xdf,0x10,0xf8,0xda,0xf0,0xc3,0xff,0xe2,0xff,0xff,0xf7,0xd4,0xf1,0xfb,
    0xf5,0xd1,0xef,0xfe,0xf3,0xcb,0xec,0xff,0xef,0xc2,0xe6,0xff,0xed,0xbd,0xe3,0xff,
    0xeb,0xb8,0xe1,0xff,0xea,0xb6,0xdf,0xff,0xe9,0xb5,0xde,0xff,0xe9,0xb4,0xdd,0xff,
    0xe8,0xb2,0xdd,0xff,0xe8,0xb0,0xdc,0xff,0xe7,0xaf,0xdb,0xff,0xe7,0xaf,0xdb,0xff,
    0xe7,0xaf,0xdb,0xff,0xe7,0xae,0xdb,0xff,0xe7,0xae,0xdb,0xff,0xe7,0xae,0xdb,0xff,
    0xe7,0xae,0xdb,0xff,0xe7,0xaf,0xdb,0xff,0xe7,0xae,0xdb,0xff,0xe7,0xae,0xda,0xff,
    0xe7,0xaf,0xdb,0xff,0xe8,0xb1,0xdc,0xff,0xe8,0xb1,0xdb,0xff,0xe7,0xb0,0xdc,0xff,
    0xe8,0xaf,0xdc,0xff,0xe9,0xae,0xdc,0xff,0xe9,0xaf,0xdc,0xff,0xe9,0xaf,0xdc,0xff,
    0xe8,0xaf,0xdb,0xff,0xe8,0xaf,0xdb,0xff,0xe8,0xaf,0xdb,0xff,0xe8,0xaf,0xdc,0xff,
    0xe8,0xaf,0xdb,0xff,0xe7,0xaf,0xdc,0xff,0xe8,0xaf,0xdc,0xff,0xe8,0xaf,0xdb,0xff,
    0xe8,0xaf,0xdc,0xff,0xe7,0xaf,0xdc,0xff,0xe8,0xaf,0xdc,0xff,0xe8,0xaf,0xdc,0xff,
    0xe8,0xaf,0xdc,0xff,0xe8,0xaf,0xdb,0xff,0xe9,0xaf,0xdc,0xff,0xe8,0xaf,0xdc,0xff,
    0xe7,0xaf,0xdc,0xff,0xe6,0xaf,0xdb,0xff,0xe6,0xaf,0xdb,0xff,0xe6,0xb0,0xdb,0xff,
    0xe5,0xb2,0xdc,0xff,0xe4,0xb2,0xdb,0xff,0xe4,0xb1,0xdb,0xff,0xe6,0xb1,0xdb,0xff,
    0xe7,0xb1,0xdb,0xff,0xe7,0xb1,0xdc,0xff,0xe7,0xb1,0xdc,0xff,0xe7,0xb2,0xdc,0xff,
    0xe7,0xb1,0xdc,0xff,0xe7,0xb2,0xdc,0xff,0xe8,0xb3,0xdc,0xff,0xe8,0xb4,0xde,0xff,
    0xe9,0xb7,0xde,0xff,0xeb,0xb9,0xe1,0xff,0xec,0xbd,0xe2,0xff,0xec,0xbe,0xe1,0xfe,
    0xec,0xbf,0xe1,0xfa,0xff,0xd3,0xf2,0xff,0xf7,0xd2,0xe6,0xce,0xdd,0xd6,0xd0,0x26,
    0x00,0x00,0x00,0x00,0xff,0xaa,0xaa,0x03,0x00,0x00,0x00,0x00,0x00,0x00,0x00,0x00,
    0x00,0x00,0x00,0x00,0x00,0x00,0x00,0x00,0x00,0x00,0x00,0x00,0x00,0x00,0x00,0x00,
    0x00,0x00,0x00,0x00,0x00,0x00,0x00,0x00,0x00,0x00,0x00,0x00,0x00,0x00,0x00,0x00,
    0x00,0x00,0x00,0x00,0x00,0x00,0x00,0x00,0x00,0x00,0x00,0x00,0x00,0x00,0x00,0x00,
    0x00,0x00,0x00,0x00,0x00,0x00,0x00,0x00,0x00,0x00,0x00,0x00,0x00,0x00,0x00,0x00,
    0x00,0x00,0x00,0x00,0xff,0xff,0xff,0x02,0x00,0x00,0x00,0x00,0xee,0xdd,0xcc,0x0f,
    0xf6,0xd4,0xee,0xc7,0xff,0xdf,0xff,0xff,0xf5,0xd5,0xf0,0xfa,0xf6,0xd1,0xf0,0xff,
    0xf0,0xc7,0xea,0xff,0xed,0xbf,0xe4,0xff,0xea,0xb9,0xe1,0xff,0xea,0xb6,0xdf,0xff,
    0xea,0xb4,0xde,0xff,0xe9,0xb3,0xdd,0xff,0xe9,0xb2,0xdd,0xff,0xe9,0xb1,0xdc,0xff,
    0xe8,0xb0,0xdc,0xff,0xe7,0xae,0xdb,0xff,0xe6,0xae,0xda,0xff,0xe6,0xad,0xda,0xff,
    0xe6,0xad,0xda,0xff,0xe6,0xad,0xda,0xff,0xe7,0xad,0xda,0xff,0xe7,0xad,0xda,0xff,
    0xe7,0xae,0xdb,0xff,0xe7,0xae,0xdb,0xff,0xe8,0xae,0xdb,0xff,0xe7,0xae,0xdb,0xff,
    0xe7,0xae,0xdb,0xff,0xe7,0xaf,0xdc,0xff,0xe8,0xb0,0xdb,0xff,0xe8,0xaf,0xdb,0xff,
    0xe8,0xae,0xdb,0xff,0xe8,0xad,0xdb,0xff,0xe9,0xad,0xdb,0xff,0xe8,0xad,0xdb,0xff,
    0xe8,0xad,0xdb,0xff,0xe8,0xae,0xda,0xff,0xe8,0xae,0xdb,0xff,0xe7,0xad,0xdb,0xff,
    0xe7,0xae,0xdb,0xff,0xe6,0xae,0xdc,0xff,0xe7,0xae,0xdb,0xff,0xe7,0xad,0xdb,0xff,
    0xe7,0xae,0xdb,0xff,0xe6,0xad,0xda,0xff,0xe6,0xad,0xdb,0xff,0xe7,0xae,0xdb,0xff,
    0xe7,0xad,0xdb,0xff,0xe8,0xad,0xdb,0xff,0xe8,0xae,0xdb,0xff,0xe7,0xae,0xdb,0xff,
    0xe6,0xae,0xdb,0xff,0xe6,0xae,0xdb,0xff,0xe5,0xae,0xdb,0xff,0xe7,0xae,0xdb,0xff,
    0xeb,0xab,0xd8,0xff,0xea,0xac,0xd7,0xff,0xeb,0xac,0xd8,0xff,0xe8,0xae,0xd9,0xff,
    0xe6,0xb1,0xdb,0xff,0xe7,0xb0,0xdb,0xff,0xe6,0xb0,0xdb,0xff,0xe6,0xb0,0xdb,0xff,
    0xe6,0xb0,0xdb,0xff,0xe7,0xb1,0xda,0xff,0xe6,0xb1,0xdb,0xff,0xe7,0xb2,0xdb,0xff,
    0xe7,0xb3,0xdc,0xff,0xe8,0xb4,0xdd,0xff,0xe9,0xb6,0xde,0xff,0xea,0xba,0xdf,0xff,
    0xeb,0xbc,0xe0,0xff,0xea,0xbd,0xdd,0xfb,0xfe,0xcf,0xee,0xff,0xf2,0xd0,0xe4,0xe5,
    0xd1,0xd1,0xc8,0x1c,0x00,0x00,0x00,0x00,0xff,0xff,0xff,0x02,0x00,0x00,0x00,0x00,
    0x00,0x00,0x00,0x00,0x00,0x00,0x00,0x00,0x00,0x00,0x00,0x00,0x00,0x00,0x00,0x00,
    0x00,0x00,0x00,0x00,0x00,0x00,0x00,0x00,0x00,0x00,0x00,0x00,0x00,0x00,0x00,0x00,
    0x00,0x00,0x00,0x00,0x00,0x00,0x00,0x00,0x00,0x00,0x00,0x00,0x00,0x00,0x00,0x00,
    0x00,0x00,0x00,0x00,0x00,0x00,0x00,0x00,0x00,0x00,0x00,0x00,0x00,0x00,0x00,0x00,
    0xff,0xff,0xff,0x01,0xff,0x7f,0xff,0x02,0xcc,0xe5,0xcc,0x0a,0xf3,0xd3,0xec,0xc6,
    0xff,0xde,0xfd,0xff,0xf4,0xd3,0xee,0xfb,0xf6,0xd0,0xef,0xff,0xf0,0xc5,0xe8,0xff,
    0xec,0xbc,0xe2,0xff,0xe9,0xb7,0xdf,0xff,0xe8,0xb5,0xdd,0xff,0xe8,0xb4,0xdd,0xff,
    0xe8,0xb2,0xdc,0xff,0xe8,0xb0,0xdc,0xff,0xe7,0xb0,0xdc,0xff,0xe8,0xaf,0xdb,0xff,
    0xe7,0xae,0xdb,0xff,0xe6,0xad,0xda,0xff,0xe6,0xad,0xda,0xff,0xe5,0xac,0xda,0xff,
    0xe6,0xac,0xda,0xff,0xe6,0xac,0xda,0xff,0xe6,0xab,0xda,0xff,0xe6,0xad,0xda,0xff,
    0xe7,0xad,0xda,0xff,0xe7,0xae,0xdb,0xff,0xe8,0xae,0xdb,0xff,0xe8,0xae,0xdb,0xff,
    0xe8,0xae,0xdb,0xff,0xe8,0xad,0xdb,0xff,0xe9,0xae,0xdc,0xff,0xe8,0xae,0xdb,0xff,
    0xe8,0xad,0xdb,0xff,0xe8,0xad,0xdb,0xff,0xe8,0xad,0xdb,0xff,0xe8,0xac,0xdb,0xff,
    0xe7,0xad,0xda,0xff,0xe7,0xac,0xda,0xff,0xe7,0xac,0xdb,0xff,0xe8,0xad,0xdb,0xff,
    0xe8,0xad,0xdb,0xff,0xe7,0xad,0xdb,0xff,0xe7,0xad,0xdb,0xff,0xe7,0xae,0xda,0xff,
    0xe6,0xad,0xda,0xff,0xe6,0xad,0xdb,0xff,0xe7,0xac,0xdb,0xff,0xe7,0xad,0xda,0xff,
    0xe6,0xad,0xdb,0xff,0xe6,0xad,0xda,0xff,0xe6,0xae,0xda,0xff,0xe6,0xae,0xdb,0xff,
    0xe6,0xae,0xda,0xff,0xe5,0xae,0xdb,0xff,0xe6,0xab,0xd9,0xff,0xe2,0xb3,0xdd,0xff,
    0xc8,0xcc,0xe9,0xff,0xbb,0xd7,0xed,0xff,0xc0,0xd0,0xea,0xff,0xde,0xb9,0xdd,0xff,
    0xe9,0xad,0xd8,0xff,0xe5,0xb0,0xdb,0xff,0xe6,0xaf,0xdb,0xff,0xe5,0xaf,0xda,0xff,
    0xe6,0xaf,0xda,0xff,0xe6,0xb0,0xda,0xff,0xe6,0xb0,0xda,0xff,0xe7,0xb1,0xdb,0xff,
    0xe7,0xb0,0xdb,0xff,0xe7,0xb1,0xdb,0xff,0xe7,0xb1,0xdb,0xff,0xe7,0xb4,0xdc,0xff,
    0xe8,0xb8,0xdd,0xff,0xeb,0xbc,0xde,0xff,0xea,0xbd,0xde,0xfb,0xf9,0xcc,0xeb,0xff,
    0xf1,0xd0,0xe3,0xd4,0xd8,0xd8,0xcc,0x14,0x00,0x00,0x00,0x00,0x7f,0xff,0x7f,0x02,
    0x00,0x00,0x00,0x00,0x00,0x00,0x00,0x00,0x00,0x00,0x00,0x00,0x00,0x00,0x00,0x00,
    0x00,0x00,0x00,0x00,0x00,0x00,0x00,0x00,0x00,0x00,0x00,0x00,0x00,0x00,0x00,0x00,
    0x00,0x00,0x00,0x00,0x00,0x00,0x00,0x00,0x00,0x00,0x00,0x00,0x00,0x00,0x00,0x00,
    0x00,0x00,0x00,0x00,0x00,0x00,0x00,0x00,0x00,0x00,0x00,0x00,0x00,0x00,0x00,0x01,
    0xff,0xbf,0xbf,0x04,0x00,0xff,0x00,0x01,0xf1,0xd2,0xe7,0xac,0xff,0xe0,0xff,0xff,
    0xf6,0xd4,0xf1,0xfa,0xf6,0xd0,0xef,0xff,0xf0,0xc4,0xe7,0xff,0xec,0xbb,0xe2,0xff,
    0xe9,0xb6,0xdf,0xff,0xe8,0xb3,0xdd,0xff,0xe8,0xb2,0xdb,0xff,0xe8,0xb1,0xdc,0xff,
    0xe7,0xb0,0xdb,0xff,0xe8,0xaf,0xdb,0xff,0xe7,0xae,0xda,0xff,0xe7,0xad,0xda,0xff,
    0xe8,0xad,0xda,0xff,0xe7,0xad,0xda,0xff,0xe6,0xac,0xd9,0xff,0xe6,0xac,0xd9,0xff,
    0xe6,0xab,0xd9,0xff,0xe6,0xab,0xd9,0xff,0xe7,0xab,0xd9,0xff,0xe6,0xac,0xd9,0xff,
    0xe7,0xac,0xd9,0xff,0xe8,0xae,0xda,0xff,0xe9,0xae,0xda,0xff,0xe9,0xae,0xdb,0xff,
    0xe9,0xae,0xdb,0xff,0xe8,0xad,0xdb,0xff,0xe9,0xad,0xdb,0xff,0xe8,0xad,0xdb,0xff,
    0xe8,0xad,0xdb,0xff,0xe8,0xac,0xda,0xff,0xe8,0xac,0xda,0xff,0xe8,0xac,0xda,0xff,
    0xe8,0xab,0xda,0xff,0xe7,0xab,0xda,0xff,0xe7,0xab,0xda,0xff,0xe8,0xac,0xda,0xff,
    0xe7,0xac,0xdb,0xff,0xe7,0xac,0xda,0xff,0xe6,0xac,0xd9,0xff,0xe6,0xac,0xd9,0xff,
    0xe6,0xad,0xd9,0xff,0xe7,0xac,0xda,0xff,0xe6,0xac,0xda,0xff,0xe6,0xac,0xda,0xff,
    0xe7,0xac,0xda,0xff,0xe7,0xad,0xda,0xff,0xe6,0xad,0xda,0xff,0xe7,0xad,0xda,0xff,
    0xe5,0xad,0xda,0xff,0xe6,0xab,0xd9,0xff,0xdb,0xb8,0xdd,0xff,0xa8,0xea,0xf9,0xff,
    0x9b,0xf5,0xff,0xff,0x8d,0xee,0xff,0xff,0x7a,0xe9,0xff,0xff,0x89,0xe3,0xfc,0xff,
    0xcc,0xc1,0xe3,0xff,0xe9,0xae,0xd8,0xff,0xe4,0xaf,0xda,0xff,0xe5,0xae,0xd9,0xff,
    0xe5,0xad,0xd9,0xff,0xe6,0xae,0xd9,0xff,0xe6,0xaf,0xda,0xff,0xe6,0xaf,0xdb,0xff,
    0xe7,0xaf,0xda,0xff,0xe7,0xaf,0xdb,0xff,0xe6,0xb0,0xda,0xff,0xe6,0xb1,0xda,0xff,
    0xe7,0xb4,0xdb,0xff,0xe8,0xb7,0xdd,0xff,0xe9,0xb9,0xde,0xff,0xe9,0xbb,0xdd,0xfb,
    0xff,0xd1,0xef,0xff,0xf0,0xcd,0xde,0xc3,0xff,0xff,0xff,0x02,0xff,0xaa,0xaa,0x03,
    0xff,0xff,0xff,0x01,0x00,0x00,0x00,0x00,0x00,0x00,0x00,0x00,0x00,0x00,0x00,0x00,
    0x00,0x00,0x00,0x00,0x00,0x00,0x00,0x00,0x00,0x00,0x00,0x00,0x00,0x00,0x00,0x00,
    0x00,0x00,0x00,0x00,0x00,0x00,0x00,0x00,0x00,0x00,0x00,0x00,0x00,0x00,0x00,0x00,
    0x00,0x00,0x00,0x00,0x00,0x00,0x00,0x00,0x00,0x00,0x00,0x00,0xbf,0xbf,0xbf,0x04,
    0x00,0x00,0x00,0x00,0xec,0xce,0xdd,0x79,0xff,0xe2,0xff,0xff,0xf6,0xd3,0xf0,0xfa,
    0xf7,0xd2,0xf0,0xff,0xf0,0xc4,0xe8,0xff,0xec,0xba,0xe1,0xff,0xea,0xb6,0xdf,0xff,
    0xe8,0xb4,0xdd,0xff,0xe8,0xb2,0xdc,0xff,0xe8,0xb0,0xdb,0xff,0xe7,0xaf,0xda,0xff,
    0xe7,0xaf,0xdb,0xff,0xe7,0xae,0xdb,0xff,0xe7,0xad,0xda,0xff,0xe7,0xad,0xda,0xff,
    0xe7,0xad,0xda,0xff,0xe8,0xac,0xda,0xff,0xe7,0xac,0xd9,0xff,0xe7,0xab,0xd9,0xff,
    0xe7,0xaa,0xd9,0xff,0xe5,0xaa,0xd8,0xff,0xe6,0xab,0xd9,0xff,0xe6,0xac,0xd9,0xff,
    0xe7,0xad,0xd9,0xff,0xe7,0xad,0xda,0xff,0xe8,0xae,0xda,0xff,0xe8,0xae,0xda,0xff,
    0xe8,0xae,0xda,0xff,0xe9,0xad,0xda,0xff,0xe8,0xad,0xda,0xff,0xe8,0xad,0xdb,0xff,
    0xe8,0xad,0xdb,0xff,0xe7,0xac,0xda,0xff,0xe7,0xab,0xda,0xff,0xe8,0xac,0xda,0xff,
    0xe7,0xab,0xd9,0xff,0xe7,0xab,0xda,0xff,0xe7,0xab,0xd9,0xff,0xe7,0xab,0xda,0xff,
    0xe7,0xab,0xda,0xff,0xe7,0xac,0xda,0xff,0xe6,0xac,0xd9,0xff,0xe6,0xab,0xd9,0xff,
    0xe6,0xac,0xd9,0xff,0xe6,0xac,0xd9,0xff,0xe5,0xab,0xd9,0xff,0xe7,0xac,0xda,0xff,
    0xe7,0xad,0xda,0xff,0xe6,0xad,0xda,0xff,0xe6,0xae,0xda,0xff,0xe6,0xad,0xd9,0xff,
    0xe6,0xae,0xda,0xff,0xe6,0xae,0xda,0xff,0xa6,0xe0,0xf5,0xff,0xa7,0xf6,0xff,0xff,
    0xc0,0xf3,0xfc,0xff,0x91,0xe8,0xfd,0xff,0x71,0xdc,0xfd,0xff,0x66,0xd7,0xfe,0xff,
    0x82,0xd6,0xfa,0xff,0xde,0xb5,0xdb,0xff,0xe7,0xad,0xd8,0xff,0xe5,0xad,0xd8,0xff,
    0xe5,0xac,0xd8,0xff,0xe5,0xad,0xd9,0xff,0xe6,0xae,0xd9,0xff,0xe6,0xae,0xda,0xff,
    0xe6,0xae,0xd9,0xff,0xe7,0xaf,0xda,0xff,0xe6,0xaf,0xda,0xff,0xe6,0xb0,0xda,0xff,
    0xe6,0xb0,0xda,0xff,0xe6,0xb3,0xdb,0xff,0xe8,0xb5,0xdc,0xff,0xe9,0xb7,0xdc,0xff,
    0xea,0xbb,0xdc,0xfa,0xff,0xd3,0xf0,0xff,0xe9,0xc9,0xdb,0x8e,0x00,0x00,0x00,0x00,
    0xff,0xff,0xff,0x03,0x00,0x00,0x00,0x00,0x00,0x00,0x00,0x00,0x00,0x00,0x00,0x00,
    0x00,0x00,0x00,0x00,0x00,0x00,0x00,0x00,0x00,0x00,0x00,0x00,0x00,0x00,0x00,0x00,
    0x00,0x00,0x00,0x00,0x00,0x00,0x00,0x00,0x00,0x00,0x00,0x00,0x00,0x00,0x00,0x00,
    0x00,0x00,0x00,0x00,0x00,0x00,0x00,0x00,0xff,0xff,0xff,0x02,0x00,0x00,0x00,0x00,
    0xe9,0xc8,0xd3,0x2f,0xf7,0xd2,0xed,0xf9,0xf8,0xd5,0xf2,0xfb,0xf5,0xd1,0xef,0xfe,
    0xf1,0xc6,0xe9,0xff,0xec,0xba,0xe2,0xff,0xe9,0xb5,0xde,0xff,0xe8,0xb3,0xdd,0xff,
    0xe8,0xb1,0xdc,0xff,0xe8,0xb1,0xdb,0xff,0xe8,0xb0,0xdb,0xff,0xe7,0xaf,0xdb,0xff,
    0xe7,0xae,0xdb,0xff,0xe7,0xae,0xdb,0xff,0xe6,0xad,0xda,0xff,0xe7,0xad,0xda,0xff,
    0xe7,0xac,0xda,0xff,0xe7,0xad,0xda,0xff,0xe8,0xac,0xda,0xff,0xe7,0xab,0xd9,0xff,
    0xe6,0xaa,0xd8,0xff,0xe5,0xaa,0xd8,0xff,0xe6,0xab,0xd9,0xff,0xe6,0xac,0xd9,0xff,
    0xe7,0xad,0xd9,0xff,0xe7,0xac,0xd9,0xff,0xe8,0xad,0xda,0xff,0xe8,0xae,0xda,0xff,
    0xe7,0xad,0xd9,0xff,0xe7,0xad,0xd9,0xff,0xe8,0xad,0xda,0xff,0xe8,0xad,0xda,0xff,
    0xe7,0xac,0xd9,0xff,0xe7,0xac,0xda,0xff,0xe6,0xac,0xd9,0xff,0xe7,0xac,0xd9,0xff,
    0xe7,0xac,0xda,0xff,0xe7,0xab,0xd9,0xff,0xe7,0xab,0xda,0xff,0xe6,0xab,0xda,0xff,
    0xe6,0xab,0xda,0xff,0xe7,0xab,0xda,0xff,0xe7,0xab,0xd9,0xff,0xe6,0xaa,0xd9,0xff,
    0xe6,0xaa,0xd9,0xff,0xe5,0xab,0xd9,0xff,0xe5,0xab,0xd9,0xff,0xe6,0xac,0xda,0xff,
    0xe6,0xad,0xd9,0xff,0xe5,0xae,0xd9,0xff,0xe6,0xaf,0xda,0xff,0xe7,0xae,0xdb,0xff,
    0xe8,0xa9,0xd8,0xff,0xcb,0xa9,0xd6,0xff,0x7a,0xde,0xf9,0xff,0xa0,0xee,0xfd,0xff,
    0x9e,0xec,0xfc,0xff,0x7a,0xe0,0xfd,0xff,0x63,0xd7,0xfe,0xff,0x55,0xca,0xfc,0xff,
    0x5d,0xc6,0xf8,0xff,0xb7,0xb9,0xe3,0xff,0xed,0xaa,0xd5,0xff,0xe3,0xac,0xd7,0xff,
    0xe4,0xab,0xd7,0xff,0xe4,0xac,0xd8,0xff,0xe5,0xad,0xd9,0xff,0xe6,0xad,0xd9,0xff,
    0xe6,0xad,0xd9,0xff,0xe6,0xad,0xda,0xff,0xe6,0xae,0xda,0xff,0xe6,0xaf,0xd9,0xff,
    0xe6,0xaf,0xda,0xff,0xe6,0xb0,0xda,0xff,0xe6,0xb2,0xda,0xff,0xe7,0xb4,0xdc,0xff,
    0xe8,0xb6,0xdb,0xff,0xed,0xbd,0xdf,0xfb,0xfa,0xce,0xe9,0xff,0xe3,0xcc,0xcf,0x41,
    0x00,0x00,0x00,0x00,0xff,0xaa,0xaa,0x03,0x00,0x00,0x00,0x00,0x00,0x00,0x00,0x00,
    0x00,0x00,0x00,0x00,0x00,0x00,0x00,0x00,0x00,0x00,0x00,0x00,0x00,0x00,0x00,0x00,
    0x00,0x00,0x00,0x00,0x00,0x00,0x00,0x00,0x00,0x00,0x00,0x00,0x00,0x00,0x00,0x00,
    0x00,0x00,0x00,0x00,0x00,0x00,0x00,0x00,0xff,0xff,0xff,0x02,0x7f,0x7f,0x7f,0x02,
    0xef,0xc9,0xe1,0xc8,0xfe,0xd9,0xf7,0xff,0xf4,0xd0,0xee,0xfc,0xf3,0xc9,0xeb,0xff,
    0xed,0xbc,0xe3,0xff,0xea,0xb6,0xdf,0xff,0xe9,0xb3,0xdd,0xff,0xe9,0xb2,0xdc,0xff,
    0xe8,0xb1,0xdb,0xff,0xe8,0xb0,0xdb,0xff,0xe7,0xaf,0xdb,0xff,0xe7,0xae,0xdb,0xff,
    0xe7,0xad,0xdb,0xff,0xe8,0xad,0xdb,0xff,0xe8,0xad,0xdb,0xff,0xe8,0xad,0xda,0xff,
    0xe7,0xad,0xda,0xff,0xe7,0xac,0xda,0xff,0xe7,0xab,0xd9,0xff,0xe7,0xab,0xd9,0xff,
    0xe7,0xaa,0xd8,0xff,0xe6,0xaa,0xd8,0xff,0xe6,0xaa,0xd9,0xff,0xe6,0xab,0xda,0xff,
    0xe8,0xac,0xd9,0xff,0xe7,0xac,0xd9,0xff,0xe7,0xac,0xd9,0xff,0xe8,0xac,0xda,0xff,
    0xe7,0xad,0xd9,0xff,0xe8,0xad,0xda,0xff,0xe8,0xad,0xd9,0xff,0xe8,0xac,0xda,0xff,
    0xe7,0xac,0xd9,0xff,0xe6,0xab,0xd9,0xff,0xe6,0xab,0xd9,0xff,0xe7,0xac,0xd9,0xff,
    0xe6,0xab,0xd9,0xff,0xe7,0xab,0xd9,0xff,0xe6,0xaa,0xd9,0xff,0xe7,0xab,0xd9,0xff,
    0xe6,0xab,0xd9,0xff,0xe6,0xaa,0xd9,0xff,0xe6,0xaa,0xd8,0xff,0xe6,0xaa,0xd8,0xff,
    0xe6,0xaa,0xd9,0xff,0xe5,0xaa,0xd8,0xff,0xe4,0xab,0xd8,0xff,0xe4,0xac,0xd8,0xff,
    0xe5,0xac,0xda,0xff,0xe7,0xab,0xdb,0xff,0xe1,0xa9,0xd6,0xff,0xd6,0xae,0xd0,0xff,
    0xcf,0xbb,0xd1,0xff,0xd6,0xd0,0xdb,0xff,0x87,0xd5,0xf4,0xff,0x6b,0xdd,0xff,0xff,
    0x6f,0xda,0xfc,0xff,0x5f,0xd3,0xfd,0xff,0x51,0xca,0xfd,0xff,0x42,0xbd,0xf7,0xff,
    0x46,0xb4,0xec,0xff,0x9f,0xb3,0xdf,0xff,0xee,0xaa,0xd5,0xff,0xe3,0xab,0xd6,0xff,
    0xe5,0xab,0xd7,0xff,0xe5,0xab,0xd7,0xff,0xe5,0xac,0xd8,0xff,0xe7,0xad,0xd9,0xff,
    0xe6,0xac,0xd9,0xff,0xe6,0xac,0xd9,0xff,0xe6,0xad,0xd9,0xff,0xe6,0xae,0xd9,0xff,
    0xe6,0xae,0xd9,0xff,0xe5,0xae,0xd9,0xff,0xe5,0xb0,0xd9,0xff,0xe6,0xb1,0xda,0xff,
    0xe7,0xb2,0xdb,0xff,0xe6,0xb6,0xda,0xfd,0xf5,0xc5,0xe5,0xfe,0xec,0xc7,0xdb,0xd7,
    0xc6,0xc6,0xc6,0x09,0xff,0x7f,0xff,0x02,0xff,0xff,0xff,0x01,0x00,0x00,0x00,0x00,
    0x00,0x00,0x00,0x00,0x00,0x00,0x00,0x00,0x00,0x00,0x00,0x00,0x00,0x00,0x00,0x00,
    0x00,0x00,0x00,0x00,0x00,0x00,0x00,0x00,0x00,0x00,0x00,0x00,0x00,0x00,0x00,0x00,
    0x00,0x00,0x00,0x00,0xff,0xff,0xff,0x03,0x00,0x00,0x00,0x00,0xe7,0xc7,0xde,0x57,
    0xff,0xd8,0xf8,0xff,0xf3,0xce,0xec,0xfc,0xf3,0xcb,0xec,0xff,0xee,0xbe,0xe5,0xff,
    0xea,0xb7,0xe0,0xff,0xea,0xb4,0xde,0xff,0xe9,0xb2,0xdd,0xff,0xe9,0xb1,0xdc,0xff,
    0xe7,0xb0,0xdb,0xff,0xe8,0xaf,0xdb,0xff,0xe8,0xae,0xdb,0xff,0xe7,0xad,0xda,0xff,
    0xe7,0xad,0xdb,0xff,0xe7,0xae,0xdb,0xff,0xe7,0xae,0xdb,0xff,0xe8,0xad,0xda,0xff,
    0xe7,0xac,0xda,0xff,0xe7,0xac,0xd9,0xff,0xe7,0xab,0xd9,0xff,0xe7,0xab,0xd9,0xff,
    0xe6,0xaa,0xd8,0xff,0xe5,0xaa,0xd8,0xff,0xe6,0xaa,0xd9,0xff,0xe7,0xab,0xda,0xff,
    0xe8,0xac,0xda,0xff,0xe8,0xac,0xd9,0xff,0xe7,0xab,0xda,0xff,0xe8,0xac,0xdb,0xff,
    0xe8,0xad,0xda,0xff,0xe8,0xac,0xda,0xff,0xe7,0xac,0xd9,0xff,0xe7,0xac,0xd9,0xff,
    0xe7,0xab,0xd8,0xff,0xe6,0xab,0xd8,0xff,0xe6,0xac,0xd9,0xff,0xe6,0xab,0xd9,0xff,
    0xe6,0xab,0xd9,0xff,0xe6,0xab,0xd9,0xff,0xe7,0xab,0xd9,0xff,0xe7,0xab,0xd9,0xff,
    0xe6,0xaa,0xd9,0xff,0xe6,0xaa,0xd9,0xff,0xe6,0xaa,0xd8,0xff,0xe5,0xaa,0xd8,0xff,
    0xe5,0xab,0xd8,0xff,0xe5,0xac,0xd9,0xff,0xe8,0xab,0xda,0xff,0xe4,0xa7,0xd7,0xff,
    0xda,0xa6,0xd1,0xff,0xd0,0xaf,0xcf,0xff,0xd4,0xca,0xd8,0xff,0xe7,0xe9,0xeb,0xff,
    0xf6,0xfb,0xfc,0xff,0xf3,0xf0,0xf1,0xff,0x9a,0xb6,0xcc,0xff,0x45,0xc4,0xf9,0xff,
    0x4f,0xca,0xfe,0xff,0x44,0xc2,0xfb,0xff,0x3a,0xb8,0xf6,0xff,0x36,0xab,0xeb,0xff,
    0x3a,0xa5,0xe0,0xff,0xa9,0xac,0xd7,0xff,0xed,0xa9,0xd4,0xff,0xe2,0xaa,0xd6,0xff,
    0xe4,0xaa,0xd6,0xff,0xe4,0xaa,0xd7,0xff,0xe6,0xab,0xd8,0xff,0xe6,0xac,0xd9,0xff,
    0xe6,0xac,0xd8,0xff,0xe6,0xac,0xd8,0xff,0xe6,0xad,0xd9,0xff,0xe6,0xad,0xd9,0xff,
    0xe5,0xad,0xd9,0xff,0xe5,0xae,0xd9,0xff,0xe5,0xae,0xd9,0xff,0xe5,0xaf,0xd9,0xff,
    0xe6,0xb0,0xda,0xff,0xe6,0xb2,0xd9,0xff,0xe7,0xb8,0xd9,0xfb,0xff,0xd1,0xed,0xff,
    0xe4,0xc7,0xd2,0x72,0x00,0x00,0x00,0x00,0xff,0xbf,0xbf,0x04,0x00,0x00,0x00,0x00,
    0x00,0x00,0x00,0x00,0x00,0x00,0x00,0x00,0x00,0x00,0x00,0x00,0x00,0x00,0x00,0x00,
    0x00,0x00,0x00,0x00,0x00,0x00,0x00,0x00,0x00,0x00,0x00,0x00,0x00,0x00,0x00,0x00,
    0x00,0x00,0x00,0x00,0xff,0xff,0xff,0x01,0xaa,0xaa,0x55,0x03,0xec,0xca,0xe1,0xd1,
    0xfb,0xd6,0xf5,0xfe,0xf4,0xce,0xed,0xfc,0xef,0xc3,0xe7,0xff,0xeb,0xb8,0xe0,0xff,
    0xe9,0xb4,0xde,0xff,0xe9,0xb3,0xdd,0xff,0xe9,0xb2,0xdd,0xff,0xe9,0xb1,0xdd,0xff,
    0xe8,0xb0,0xdc,0xff,0xe8,0xaf,0xdb,0xff,0xe8,0xae,0xda,0xff,0xe7,0xad,0xdb,0xff,
    0xe8,0xad,0xdb,0xff,0xe8,0xad,0xdb,0xff,0xe7,0xad,0xdb,0xff,0xe7,0xac,0xda,0xff,
    0xe7,0xab,0xda,0xff,0xe7,0xab,0xd9,0xff,0xe6,0xab,0xd9,0xff,0xe6,0xab,0xd9,0xff,
    0xe5,0xab,0xd8,0xff,0xe5,0xab,0xd8,0xff,0xe6,0xab,0xd9,0xff,0xe6,0xac,0xda,0xff,
    0xe8,0xac,0xd9,0xff,0xe8,0xac,0xda,0xff,0xe8,0xac,0xda,0xff,0xe8,0xac,0xda,0xff,
    0xe8,0xac,0xda,0xff,0xe7,0xac,0xda,0xff,0xe7,0xac,0xd9,0xff,0xe7,0xab,0xd8,0xff,
    0xe7,0xab,0xd9,0xff,0xe6,0xac,0xd8,0xff,0xe6,0xac,0xd9,0xff,0xe6,0xac,0xd9,0xff,
    0xe5,0xab,0xd9,0xff,0xe5,0xab,0xd9,0xff,0xe6,0xab,0xd9,0xff,0xe5,0xab,0xd9,0xff,
    0xe5,0xab,0xd9,0xff,0xe5,0xab,0xd9,0xff,0xe5,0xac,0xd8,0xff,0xe6,0xac,0xd8,0xff,
    0xe7,0xaa,0xd8,0xff,0xe2,0xa6,0xd4,0xff,0xd8,0xaa,0xd0,0xff,0xd2,0xbb,0xd0,0xff,
    0xd9,0xd6,0xde,0xff,0xec,0xf1,0xf3,0xff,0xf5,0xfa,0xfc,0xff,0xe4,0xe5,0xea,0xff,
    0xc1,0xc0,0xc8,0xff,0x9d,0x9e,0xaa,0xff,0x73,0x77,0x8a,0xff,0x2f,0x94,0xce,0xff,
    0x36,0xb6,0xfa,0xff,0x38,0xac,0xed,0xff,0x33,0xa5,0xe6,0xff,0x27,0x98,0xdb,0xff,
    0x4e,0x9d,0xd6,0xff,0xd9,0xa8,0xd2,0xff,0xe5,0xa8,0xd3,0xff,0xe3,0xa9,0xd4,0xff,
    0xe3,0xa9,0xd5,0xff,0xe4,0xa9,0xd6,0xff,0xe5,0xab,0xd7,0xff,0xe5,0xab,0xd8,0xff,
    0xe5,0xac,0xd8,0xff,0xe6,0xac,0xd9,0xff,0xe6,0xad,0xd8,0xff,0xe6,0xad,0xd9,0xff,
    0xe6,0xad,0xd9,0xff,0xe5,0xad,0xd8,0xff,0xe6,0xae,0xd8,0xff,0xe5,0xae,0xd8,0xff,
    0xe5,0xaf,0xd9,0xff,0xe5,0xb0,0xd7,0xff,0xe5,0xb4,0xd7,0xfd,0xf0,0xc2,0xe1,0xfe,
    0xeb,0xc5,0xda,0xe1,0xe2,0xe2,0xc6,0x09,0xff,0xff,0xff,0x01,0xff,0xff,0xff,0x01,
    0x00,0x00,0x00,0x00,0x00,0x00,0x00,0x00,0x00,0x00,0x00,0x00,0x00,0x00,0x00,0x00,
    0x00,0x00,0x00,0x00,0x00,0x00,0x00,0x00,0x00,0x00,0x00,0x00,0x00,0x00,0x00,0x00,
    0xff,0xff,0xff,0x03,0x00,0x00,0x00,0x00,0xeb,0xcd,0xde,0x4e,0xfc,0xd8,0xf5,0xff,
    0xf2,0xce,0xed,0xfc,0xf2,0xc8,0xea,0xff,0xeb,0xbc,0xe3,0xff,0xea,0xb5,0xdf,0xff,
    0xe9,0xb3,0xdd,0xff,0xe9,0xb2,0xdd,0xff,0xe9,0xb1,0xdd,0xff,0xe9,0xb1,0xdc,0xff,
    0xe9,0xaf,0xdc,0xff,0xe8,0xae,0xdb,0xff,0xe9,0xae,0xda,0xff,0xe8,0xae,0xdc,0xff,
    0xe8,0xae,0xdb,0xff,0xe8,0xad,0xdb,0xff,0xe7,0xab,0xda,0xff,0xe7,0xab,0xda,0xff,
    0xe7,0xab,0xd9,0xff,0xe7,0xab,0xd9,0xff,0xe6,0xaa,0xd8,0xff,0xe7,0xab,0xd9,0xff,
    0xe7,0xab,0xd8,0xff,0xe6,0xac,0xd8,0xff,0xe6,0xac,0xd8,0xff,0xe7,0xac,0xd9,0xff,
    0xe8,0xac,0xda,0xff,0xe7,0xac,0xd9,0xff,0xe8,0xac,0xda,0xff,0xe9,0xad,0xda,0xff,
    0xe8,0xac,0xd9,0xff,0xe7,0xac,0xd9,0xff,0xe6,0xab,0xd8,0xff,0xe6,0xab,0xd8,0xff,
    0xe7,0xac,0xd8,0xff,0xe7,0xac,0xd9,0xff,0xe7,0xac,0xd9,0xff,0xe7,0xac,0xda,0xff,
    0xe6,0xac,0xd9,0xff,0xe6,0xab,0xd9,0xff,0xe6,0xac,0xd9,0xff,0xe5,0xad,0xd9,0xff,
    0xe6,0xad,0xd9,0xff,0xe7,0xab,0xda,0xff,0xe5,0xa8,0xd7,0xff,0xdd,0xa7,0xd1,0xff,
    0xd3,0xb1,0xcf,0xff,0xd4,0xc8,0xd7,0xff,0xe5,0xe8,0xea,0xff,0xf7,0xfc,0xfb,0xff,
    0xf1,0xf2,0xf7,0xff,0xd0,0xd0,0xd9,0xff,0xa7,0xa8,0xb3,0xff,0x82,0x87,0x99,0xff,
    0x73,0x79,0x94,0xff,0x74,0x77,0x99,0xff,0x7d,0x6d,0x96,0xff,0x73,0x81,0xb5,0xff,
    0x35,0x9d,0xe6,0xff,0x2c,0x96,0xdc,0xff,0x2a,0x92,0xd8,0xff,0x4a,0x95,0xd3,0xff,
    0xbf,0xa4,0xd0,0xff,0xe8,0xa7,0xd0,0xff,0xe0,0xa6,0xd2,0xff,0xe3,0xa7,0xd3,0xff,
    0xe3,0xa8,0xd4,0xff,0xe4,0xa9,0xd5,0xff,0xe4,0xaa,0xd7,0xff,0xe5,0xab,0xd8,0xff,
    0xe5,0xaa,0xd7,0xff,0xe6,0xac,0xd8,0xff,0xe6,0xad,0xd8,0xff,0xe6,0xad,0xd9,0xff,
    0xe6,0xad,0xd8,0xff,0xe6,0xad,0xd9,0xff,0xe5,0xad,0xd8,0xff,0xe5,0xac,0xd8,0xff,
    0xe5,0xae,0xd8,0xff,0xe5,0xaf,0xd8,0xff,0xe4,0xb0,0xd7,0xff,0xe5,0xb5,0xd6,0xfc,
    0xfc,0xcd,0xe9,0xff,0xe8,0xc9,0xd6,0x65,0x00,0x00,0x00,0x00,0xff,0xbf,0xbf,0x04,
    0x00,0x00,0x00,0x00,0x00,0x00,0x00,0x00,0x00,0x00,0x00,0x00,0x00,0x00,0x00,0x00,
    0x00,0x00,0x00,0x00,0x00,0x00,0x00,0x00,0x00,0x00,0x00,0x00,0x00,0x00,0x00,0x00,
    0xff,0xff,0xff,0x02,0x00,0x00,0x00,0x00,0xea,0xc8,0xde,0xbb,0xff,0xd7,0xf8,0xfe,
    0xf2,0xcc,0xeb,0xfc,0xef,0xc1,0xe7,0xff,0xea,0xb8,0xe0,0xff,0xe8,0xb3,0xdd,0xff,
    0xe9,0xb1,0xdc,0xff,0xe9,0xb1,0xdc,0xff,0xe9,0xb1,0xdc,0xff,0xe9,0xb0,0xdc,0xff,
    0xe8,0xaf,0xdc,0xff,0xe8,0xaf,0xdb,0xff,0xe8,0xaf,0xdb,0xff,0xe8,0xaf,0xdb,0xff,
    0xe7,0xae,0xdb,0xff,0xe7,0xac,0xdb,0xff,0xe7,0xac,0xd9,0xff,0xe6,0xab,0xd9,0xff,
    0xe7,0xab,0xd9,0xff,0xe6,0xab,0xd9,0xff,0xe6,0xab,0xd8,0xff,0xe7,0xab,0xd8,0xff,
    0xe7,0xac,0xd9,0xff,0xe7,0xac,0xd8,0xff,0xe7,0xac,0xd9,0xff,0xe7,0xac,0xd9,0xff,
    0xe8,0xac,0xd9,0xff,0xe8,0xad,0xda,0xff,0xe8,0xad,0xda,0xff,0xe8,0xad,0xd9,0xff,
    0xe7,0xab,0xd8,0xff,0xe7,0xab,0xd9,0xff,0xe6,0xab,0xd8,0xff,0xe6,0xab,0xd8,0xff,
    0xe7,0xac,0xd8,0xff,0xe6,0xac,0xd8,0xff,0xe7,0xac,0xd9,0xff,0xe7,0xac,0xd9,0xff,
    0xe7,0xac,0xd9,0xff,0xe6,0xac,0xd9,0xff,0xe7,0xac,0xd9,0xff,0xe7,0xab,0xd9,0xff,
    0xe1,0xa9,0xd6,0xff,0xd6,0xaa,0xd0,0xff,0xd2,0xbb,0xd1,0xff,0xdd,0xd8,0xe1,0xff,
    0xee,0xf3,0xf4,0xff,0xf7,0xfd,0xfe,0xff,0xe9,0xe9,0xee,0xff,0xc5,0xc4,0xcd,0xff,
    0x9e,0x9f,0xab,0xff,0x7e,0x7f,0x94,0xff,0x73,0x6e,0x92,0xff,0x74,0x64,0x8f,0xff,
    0x87,0x65,0x96,0xff,0xb3,0x80,0xac,0xff,0xd6,0x9c,0xc6,0xff,0xe6,0xa0,0xcf,0xff,
    0xba,0x9a,0xcf,0xff,0x98,0x9c,0xd2,0xff,0xa6,0x9e,0xd0,0xff,0xd7,0xa4,0xcd,0xff,
    0xe7,0xa4,0xce,0xff,0xdf,0xa4,0xcf,0xff,0xe2,0xa6,0xd1,0xff,0xe3,0xa6,0xd3,0xff,
    0xe3,0xa7,0xd3,0xff,0xe4,0xa8,0xd5,0xff,0xe4,0xa9,0xd6,0xff,0xe4,0xaa,0xd7,0xff,
    0xe5,0xab,0xd7,0xff,0xe5,0xab,0xd8,0xff,0xe6,0xad,0xd8,0xff,0xe5,0xac,0xd8,0xff,
    0xe6,0xac,0xd8,0xff,0xe5,0xad,0xd7,0xff,0xe4,0xac,0xd8,0xff,0xe4,0xad,0xd8,0xff,
    0xe4,0xae,0xd7,0xff,0xe5,0xaf,0xd7,0xff,0xe4,0xaf,0xd6,0xff,0xe4,0xb2,0xd5,0xfc,
    0xf4,0xc2,0xe2,0xfe,0xe7,0xbf,0xd4,0xcd,0x7f,0xff,0x7f,0x02,0xff,0xff,0xff,0x01,
    0x00,0x00,0x00,0x00,0x00,0x00,0x00,0x00,0x00,0x00,0x00,0x00,0x00,0x00,0x00,0x00,
    0x00,0x00,0x00,0x00,0x00,0x00,0x00,0x00,0x00,0x00,0x00,0x00,0xff,0xff,0xff,0x02,
    0x00,0x00,0x00,0x00,0xe0,0xc8,0xc8,0x21,0xee,0xcb,0xe2,0xf9,0xf3,0xcc,0xec,0xff,
    0xf1,0xc7,0xea,0xfe,0xec,0xbb,0xe2,0xff,0xe9,0xb5,0xdd,0xff,0xe8,0xb1,0xdc,0xff,
    0xe9,0xb1,0xdc,0xff,0xea,0xb0,0xdc,0xff,0xea,0xb0,0xdc,0xff,0xe9,0xaf,0xdc,0xff,
    0xe8,0xaf,0xdb,0xff,0xe7,0xaf,0xdb,0xff,0xe7,0xaf,0xdc,0xff,0xe8,0xaf,0xdc,0xff,
    0xe7,0xae,0xdb,0xff,0xe7,0xad,0xdb,0xff,0xe7,0xad,0xdb,0xff,0xe7,0xac,0xda,0xff,
    0xe6,0xac,0xda,0xff,0xe7,0xab,0xd9,0xff,0xe6,0xab,0xd8,0xff,0xe7,0xab,0xd9,0xff,
    0xe7,0xad,0xd9,0xff,0xe7,0xad,0xd8,0xff,0xe7,0xad,0xd9,0xff,0xe7,0xac,0xd9,0xff,
    0xe7,0xac,0xda,0xff,0xe8,0xad,0xda,0xff,0xe8,0xac,0xda,0xff,0xe7,0xac,0xd8,0xff,
    0xe6,0xab,0xd8,0xff,0xe6,0xac,0xd8,0xff,0xe6,0xac,0xd8,0xff,0xe7,0xac,0xd8,0xff,
    0xe7,0xad,0xd9,0xff,0xe6,0xac,0xd7,0xff,0xe6,0xac,0xd8,0xff,0xe7,0xae,0xd9,0xff,
    0xe8,0xac,0xd9,0xff,0xe6,0xa9,0xd8,0xff,0xdb,0xa6,0xd2,0xff,0xd3,0xb0,0xcf,0xff,
    0xd5,0xc8,0xd8,0xff,0xe6,0xe7,0xeb,0xff,0xf7,0xfb,0xfb,0xff,0xf4,0xf6,0xf9,0xff,
    0xd8,0xd9,0xe0,0xff,0xb0,0xb2,0xbc,0xff,0x90,0x91,0xa1,0xff,0x83,0x7f,0x97,0xff,
    0x84,0x71,0x94,0xff,0x8e,0x66,0x91,0xff,0xa2,0x6b,0x98,0xff,0xc4,0x82,0xae,0xff,
    0xdc,0x96,0xc3,0xff,0xe2,0xa0,0xcd,0xff,0xdd,0x9f,0xcc,0xff,0xd8,0x9c,0xca,0xff,
    0xe1,0x9d,0xca,0xff,0xe6,0x9f,0xca,0xff,0xe7,0xa0,0xca,0xff,0xdf,0xa0,0xcc,0xff,
    0xdc,0xa1,0xcd,0xff,0xe0,0xa2,0xce,0xff,0xe2,0xa4,0xd1,0xff,0xe2,0xa6,0xd4,0xff,
    0xe3,0xa7,0xd4,0xff,0xe4,0xa8,0xd5,0xff,0xe4,0xa9,0xd6,0xff,0xe5,0xaa,0xd7,0xff,
    0xe6,0xab,0xd8,0xff,0xe6,0xab,0xd8,0xff,0xe6,0xac,0xd8,0xff,0xe6,0xad,0xd8,0xff,
    0xe5,0xab,0xd7,0xff,0xe4,0xac,0xd6,0xff,0xe4,0xac,0xd6,0xff,0xe4,0xad,0xd7,0xff,
    0xe4,0xad,0xd7,0xff,0xe4,0xae,0xd7,0xff,0xe4,0xaf,0xd7,0xff,0xe3,0xae,0xd5,0xff,
    0xe5,0xb5,0xd6,0xfe,0xeb,0xc1,0xdb,0xfe,0xdb,0xc1,0xc6,0x32,0x00,0x00,0x00,0x00,
    0xaa,0xaa,0xaa,0x03,0x00,0x00,0x00,0x00,0x00,0x00,0x00,0x00,0x00,0x00,0x00,0x00,
    0x00,0x00,0x00,0x00,0x00,0x00,0x00,0x00,0x00,0x00,0x00,0x00,0xff,0xff,0xff,0x04,
    0x00,0x00,0x00,0x00,0xe7,0xc9,0xd7,0x6e,0xff,0xd6,0xf5,0xff,0xf1,0xc9,0xea,0xfc,
    0xef,0xc2,0xe7,0xff,0xea,0xb6,0xe0,0xff,0xe9,0xb2,0xdd,0xff,0xe8,0xb0,0xdc,0xff,
    0xe9,0xb0,0xdb,0xff,0xe9,0xaf,0xdc,0xff,0xe9,0xae,0xdb,0xff,0xe9,0xae,0xdc,0xff,
    0xe8,0xae,0xdb,0xff,0xe8,0xaf,0xdb,0xff,0xe8,0xaf,0xdc,0xff,0xe8,0xaf,0xdb,0xff,
    0xe7,0xae,0xda,0xff,0xe7,0xad,0xda,0xff,0xe7,0xad,0xda,0xff,0xe7,0xad,0xda,0xff,
    0xe7,0xac,0xda,0xff,0xe7,0xac,0xd9,0xff,0xe8,0xad,0xd9,0xff,0xe7,0xac,0xd9,0xff,
    0xe7,0xab,0xd9,0xff,0xe7,0xac,0xd8,0xff,0xe8,0xad,0xd9,0xff,0xe7,0xad,0xda,0xff,
    0xe8,0xac,0xda,0xff,0xe8,0xac,0xda,0xff,0xe8,0xac,0xda,0xff,0xe7,0xac,0xd9,0xff,
    0xe7,0xac,0xd9,0xff,0xe7,0xac,0xd8,0xff,0xe6,0xac,0xd8,0xff,0xe6,0xad,0xd8,0xff,
    0xe7,0xae,0xd9,0xff,0xe7,0xad,0xda,0xff,0xe8,0xab,0xda,0xff,0xe1,0xa7,0xd6,0xff,
    0xd9,0xac,0xd1,0xff,0xd4,0xbc,0xd4,0xff,0xdb,0xd9,0xe0,0xff,0xee,0xf3,0xf4,0xff,
    0xf7,0xfb,0xfc,0xff,0xe8,0xea,0xef,0xff,0xc5,0xc6,0xd0,0xff,0xa2,0xa3,0xb1,0xff,
    0x8f,0x87,0x9d,0xff,0x89,0x73,0x91,0xff,0x8e,0x61,0x88,0xff,0x9b,0x5d,0x89,0xff,
    0xb9,0x74,0x9f,0xff,0xd7,0x92,0xbd,0xff,0xe3,0xa1,0xcc,0xff,0xe2,0xa0,0xce,0xff,
    0xdb,0x9b,0xc9,0xff,0xd9,0x98,0xc7,0xff,0xda,0x9a,0xc8,0xff,0xdb,0x9b,0xca,0xff,
    0xd9,0x9b,0xca,0xff,0xd8,0x9c,0xca,0xff,0xda,0x9d,0xca,0xff,0xdc,0x9e,0xcb,0xff,
    0xde,0xa1,0xce,0xff,0xe0,0xa2,0xcf,0xff,0xe2,0xa3,0xd1,0xff,0xe3,0xa5,0xd3,0xff,
    0xe3,0xa7,0xd4,0xff,0xe3,0xa8,0xd5,0xff,0xe4,0xa8,0xd5,0xff,0xe5,0xaa,0xd6,0xff,
    0xe6,0xab,0xd8,0xff,0xe6,0xab,0xd8,0xff,0xe6,0xac,0xd8,0xff,0xe6,0xac,0xd7,0xff,
    0xe6,0xab,0xd7,0xff,0xe5,0xac,0xd7,0xff,0xe4,0xad,0xd7,0xff,0xe5,0xad,0xd8,0xff,
    0xe5,0xad,0xd8,0xff,0xe5,0xae,0xd7,0xff,0xe4,0xae,0xd7,0xff,0xe3,0xad,0xd5,0xff,
    0xe3,0xb1,0xd4,0xfb,0xf6,0xc8,0xe7,0xff,0xe0,0xbf,0xd2,0x7d,0x00,0x00,0x00,0x00,
    0xcc,0x99,0xcc,0x05,0x00,0x00,0x00,0x00,0x00,0x00,0x00,0x00,0x00,0x00,0x00,0x00,
    0x00,0x00,0x00,0x00,0x00,0x00,0x00,0x00,0x00,0x00,0x00,0x00,0xff,0xff,0xff,0x02,
    0x00,0x00,0x00,0x00,0xea,0xc5,0xdb,0xc3,0xfd,0xd1,0xf4,0xff,0xf1,0xc9,0xea,0xfc,
    0xed,0xbd,0xe4,0xff,0xe9,0xb3,0xde,0xff,0xe8,0xb1,0xdd,0xff,0xe8,0xb0,0xdc,0xff,
    0xe8,0xaf,0xdb,0xff,0xe9,0xaf,0xdb,0xff,0xe9,0xae,0xdb,0xff,0xe8,0xad,0xdb,0xff,
    0xe8,0xae,0xdb,0xff,0xe8,0xae,0xdb,0xff,0xe7,0xaf,0xdb,0xff,0xe7,0xae,0xdb,0xff,
    0xe7,0xae,0xdb,0xff,0xe8,0xae,0xdb,0xff,0xe8,0xad,0xda,0xff,0xe7,0xac,0xd9,0xff,
    0xe7,0xac,0xd9,0xff,0xe7,0xac,0xd9,0xff,0xe8,0xad,0xda,0xff,0xe7,0xac,0xd9,0xff,
    0xe7,0xab,0xd9,0xff,0xe7,0xab,0xd8,0xff,0xe8,0xac,0xd9,0xff,0xe8,0xad,0xda,0xff,
    0xe7,0xad,0xd9,0xff,0xe7,0xac,0xda,0xff,0xe7,0xac,0xd9,0xff,0xe6,0xac,0xd9,0xff,
    0xe6,0xac,0xd8,0xff,0xe6,0xad,0xd8,0xff,0xe7,0xae,0xd9,0xff,0xe9,0xad,0xd9,0xff,
    0xe6,0xaa,0xd7,0xff,0xdd,0xaa,0xd3,0xff,0xd4,0xb3,0xd2,0xff,0xd6,0xca,0xda,0xff,
    0xe7,0xe8,0xec,0xff,0xf7,0xfb,0xfc,0xff,0xf6,0xf8,0xfa,0xff,0xdb,0xdc,0xe3,0xff,
    0xb5,0xb6,0xc1,0xff,0x94,0x92,0xa4,0xff,0x8b,0x7b,0x95,0xff,0x8e,0x67,0x8a,0xff,
    0x9a,0x5b,0x86,0xff,0xae,0x64,0x8f,0xff,0xc8,0x7c,0xa8,0xff,0xdd,0x96,0xc3,0xff,
    0xe5,0xa2,0xd1,0xff,0xe1,0xa1,0xd0,0xff,0xdc,0x9c,0xca,0xff,0xdb,0x9a,0xc8,0xff,
    0xdb,0x9a,0xc9,0xff,0xdb,0x9a,0xca,0xff,0xdc,0x9b,0xca,0xff,0xdc,0x9c,0xca,0xff,
    0xdc,0x9c,0xc9,0xff,0xdc,0x9e,0xca,0xff,0xdd,0x9e,0xcb,0xff,0xdd,0x9f,0xcc,0xff,
    0xdf,0xa1,0xce,0xff,0xe0,0xa2,0xd0,0xff,0xe2,0xa3,0xd1,0xff,0xe2,0xa5,0xd2,0xff,
    0xe3,0xa6,0xd3,0xff,0xe3,0xa7,0xd4,0xff,0xe4,0xa8,0xd5,0xff,0xe5,0xa9,0xd6,0xff,
    0xe6,0xaa,0xd7,0xff,0xe6,0xaa,0xd8,0xff,0xe5,0xaa,0xd7,0xff,0xe5,0xab,0xd7,0xff,
    0xe5,0xab,0xd7,0xff,0xe4,0xab,0xd6,0xff,0xe4,0xac,0xd6,0xff,0xe5,0xad,0xd7,0xff,
    0xe5,0xae,0xd7,0xff,0xe4,0xad,0xd7,0xff,0xe4,0xad,0xd6,0xff,0xe3,0xad,0xd5,0xff,
    0xe2,0xae,0xd3,0xfc,0xef,0xbf,0xe0,0xff,0xde,0xba,0xd3,0xc6,0x00,0xff,0x00,0x01,
    0xff,0x7f,0xff,0x02,0x00,0x00,0x00,0x00,0x00,0x00,0x00,0x00,0x00,0x00,0x00,0x00,
    0x00,0x00,0x00,0x00,0x00,0x00,0x00,0x00,0x00,0x00,0x00,0x00,0x00,0x00,0x00,0x00,
    0xd1,0xbf,0xbf,0x1c,0xee,0xc3,0xe4,0xf8,0xf3,0xc9,0xec,0xff,0xf1,0xc7,0xe9,0xfe,
    0xec,0xba,0xe3,0xff,0xe9,0xb2,0xde,0xff,0xe8,0xb0,0xdb,0xff,0xe7,0xaf,0xdb,0xff,
    0xe8,0xaf,0xdc,0xff,0xe8,0xaf,0xdb,0xff,0xe9,0xaf,0xdc,0xff,0xe8,0xae,0xdb,0xff,
    0xe8,0xae,0xdb,0xff,0xe8,0xae,0xdb,0xff,0xe7,0xae,0xdc,0xff,0xe8,0xae,0xdb,0xff,
    0xe9,0xae,0xdb,0xff,0xe9,0xae,0xdb,0xff,0xe8,0xad,0xda,0xff,0xe7,0xac,0xd9,0xff,
    0xe7,0xab,0xd9,0xff,0xe7,0xac,0xda,0xff,0xe8,0xac,0xd9,0xff,0xe8,0xac,0xd9,0xff,
    0xe7,0xab,0xd8,0xff,0xe6,0xab,0xd8,0xff,0xe7,0xab,0xd9,0xff,0xe7,0xac,0xd9,0xff,
    0xe7,0xac,0xd9,0xff,0xe7,0xac,0xd9,0xff,0xe6,0xac,0xd8,0xff,0xe6,0xad,0xd8,0xff,
    0xe9,0xaf,0xda,0xff,0xe9,0xac,0xd9,0xff,0xe2,0xa8,0xd5,0xff,0xd8,0xab,0xce,0xff,
    0xd3,0xbe,0xd1,0xff,0xde,0xdb,0xe2,0xff,0xf1,0xf5,0xf6,0xff,0xf9,0xfc,0xfd,0xff,
    0xe9,0xea,0xef,0xff,0xc7,0xca,0xd2,0xff,0xa4,0xa7,0xb4,0xff,0x95,0x8d,0xa0,0xff,
    0x94,0x76,0x91,0xff,0x9a,0x5f,0x83,0xff,0xa8,0x5c,0x85,0xff,0xb9,0x6d,0x95,0xff,
    0xd0,0x87,0xb3,0xff,0xdf,0x9c,0xcb,0xff,0xe1,0xa1,0xd1,0xff,0xde,0x9c,0xcc,0xff,
    0xdc,0x9a,0xc9,0xff,0xdc,0x9a,0xca,0xff,0xdd,0x9b,0xcb,0xff,0xdc,0x9c,0xcb,0xff,
    0xdc,0x9c,0xca,0xff,0xdd,0x9c,0xcb,0xff,0xdd,0x9e,0xcc,0xff,0xdd,0x9e,0xcc,0xff,
    0xde,0xa0,0xcd,0xff,0xde,0xa0,0xcd,0xff,0xde,0xa0,0xcd,0xff,0xde,0xa0,0xcd,0xff,
    0xe0,0xa2,0xcf,0xff,0xe0,0xa2,0xcf,0xff,0xe1,0xa4,0xd1,0xff,0xe2,0xa5,0xd2,0xff,
    0xe3,0xa7,0xd3,0xff,0xe4,0xa8,0xd4,0xff,0xe5,0xa9,0xd6,0xff,0xe5,0xa9,0xd6,0xff,
    0xe5,0xa9,0xd6,0xff,0xe6,0xaa,0xd7,0xff,0xe4,0xa9,0xd7,0xff,0xe5,0xab,0xd7,0xff,
    0xe5,0xab,0xd7,0xff,0xe4,0xab,0xd7,0xff,0xe5,0xab,0xd7,0xff,0xe4,0xac,0xd7,0xff,
    0xe4,0xad,0xd7,0xff,0xe4,0xad,0xd7,0xff,0xe4,0xac,0xd6,0xff,0xe3,0xab,0xd5,0xff,
    0xe0,0xac,0xd2,0xfe,0xe3,0xb3,0xd5,0xff,0xe1,0xba,0xd5,0xfa,0xc5,0xbd,0xbd,0x1f,
    0x00,0x00,0x00,0x00,0x00,0x00,0x00,0x00,0x00,0x00,0x00,0x00,0x00,0x00,0x00,0x00,
    0x00,0x00,0x00,0x00,0x00,0x00,0x00,0x00,0x00,0x00,0x00,0x00,0x00,0x00,0x00,0x00,
    0xe7,0xc2,0xd6,0x4c,0xfc,0xce,0xf3,0xff,0xf1,0xc7,0xea,0xfc,0xf0,0xc3,0xe8,0xff,
    0xeb,0xb8,0xe1,0xff,0xe9,0xb2,0xdd,0xff,0xe9,0xb0,0xdb,0xff,0xe8,0xb0,0xdb,0xff,
    0xe8,0xaf,0xdb,0xff,0xe8,0xaf,0xdb,0xff,0xe8,0xaf,0xdb,0xff,0xe8,0xae,0xdb,0xff,
    0xe7,0xae,0xdb,0xff,0xe7,0xae,0xdb,0xff,0xe7,0xae,0xdb,0xff,0xe9,0xaf,0xdb,0xff,
    0xe9,0xae,0xdb,0xff,0xe9,0xae,0xdb,0xff,0xe8,0xad,0xda,0xff,0xe8,0xac,0xda,0xff,
    0xe7,0xab,0xd9,0xff,0xe8,0xab,0xd9,0xff,0xe8,0xac,0xda,0xff,0xe8,0xac,0xd9,0xff,
    0xe7,0xab,0xd9,0xff,0xe7,0xab,0xd9,0xff,0xe7,0xab,0xd8,0xff,0xe6,0xab,0xd8,0xff,
    0xe6,0xac,0xd8,0xff,0xe7,0xad,0xd9,0xff,0xe8,0xac,0xda,0xff,0xe6,0xa8,0xd7,0xff,
    0xde,0xa9,0xd2,0xff,0xd5,0xb5,0xd1,0xff,0xd5,0xcc,0xd8,0xff,0xe5,0xe8,0xea,0xff,
    0xf7,0xfb,0xfb,0xff,0xf6,0xf7,0xfb,0xff,0xda,0xdc,0xe3,0xff,0xb4,0xb6,0xc0,0xff,
    0x9b,0x98,0xa8,0xff,0x95,0x80,0x98,0xff,0x98,0x68,0x88,0xff,0xa1,0x5a,0x7f,0xff,
    0xb1,0x61,0x89,0xff,0xc8,0x77,0xa5,0xff,0xdc,0x95,0xc2,0xff,0xe3,0xa2,0xd0,0xff,
    0xe2,0xa0,0xd1,0xff,0xde,0x9b,0xcb,0xff,0xdc,0x99,0xc9,0xff,0xdc,0x9a,0xca,0xff,
    0xdd,0x9b,0xcb,0xff,0xdd,0x9c,0xcb,0xff,0xde,0x9d,0xcc,0xff,0xde,0x9d,0xcc,0xff,
    0xdf,0x9e,0xcd,0xff,0xdf,0x9f,0xce,0xff,0xe0,0xa0,0xce,0xff,0xe0,0xa1,0xce,0xff,
    0xe0,0xa2,0xcf,0xff,0xe0,0xa2,0xcf,0xff,0xdf,0xa1,0xcf,0xff,0xe0,0xa1,0xd0,0xff,
    0xe0,0xa2,0xd0,0xff,0xe0,0xa3,0xd0,0xff,0xe2,0xa4,0xd1,0xff,0xe2,0xa6,0xd2,0xff,
    0xe3,0xa7,0xd3,0xff,0xe4,0xa7,0xd4,0xff,0xe5,0xa8,0xd5,0xff,0xe5,0xa9,0xd6,0xff,
    0xe5,0xa9,0xd6,0xff,0xe5,0xa9,0xd7,0xff,0xe4,0xaa,0xd7,0xff,0xe4,0xaa,0xd6,0xff,
    0xe4,0xaa,0xd6,0xff,0xe4,0xaa,0xd6,0xff,0xe5,0xaa,0xd7,0xff,0xe4,0xab,0xd6,0xff,
    0xe4,0xac,0xd6,0xff,0xe5,0xac,0xd7,0xff,0xe3,0xac,0xd5,0xff,0xe2,0xab,0xd4,0xff,
    0xe0,0xab,0xd2,0xff,0xdf,0xaf,0xd2,0xfc,0xf1,0xc3,0xe2,0xff,0xd8,0xb8,0xc7,0x57,
    0x00,0x00,0x00,0x00,0x00,0x00,0x00,0x00,0x00,0x00,0x00,0x00,0x00,0x00,0x00,0x00,
    0x00,0x00,0x00,0x00,0x00,0x00,0x00,0x00,0x00,0x00,0x00,0x00,0x00,0x00,0x00,0x00,
    0xe7,0xc5,0xda,0x85,0xff,0xd4,0xf8,0xff,0xf1,0xc6,0xe9,0xfb,0xee,0xbf,0xe5,0xff,
    0xea,0xb6,0xe0,0xff,0xe9,0xb3,0xdd,0xff,0xe9,0xb0,0xdc,0xff,0xe9,0xb0,0xdc,0xff,
    0xe8,0xaf,0xdb,0xff,0xe8,0xae,0xdb,0xff,0xe8,0xae,0xda,0xff,0xe8,0xae,0xda,0xff,
    0xe8,0xae,0xda,0xff,0xe8,0xae,0xda,0xff,0xe8,0xae,0xda,0xff,0xe9,0xae,0xdb,0xff,
    0xe8,0xae,0xdb,0xff,0xe8,0xae,0xdb,0xff,0xe8,0xad,0xda,0xff,0xe7,0xad,0xda,0xff,
    0xe8,0xac,0xd9,0xff,0xe8,0xac,0xd9,0xff,0xe7,0xac,0xd9,0xff,0xe8,0xab,0xd9,0xff,
    0xe7,0xab,0xd9,0xff,0xe7,0xac,0xd8,0xff,0xe6,0xac,0xd7,0xff,0xe7,0xac,0xd8,0xff,
    0xe7,0xaa,0xd8,0xff,0xe3,0xa8,0xd5,0xff,0xd9,0xac,0xd1,0xff,0xd4,0xbd,0xd4,0xff,
    0xdc,0xd8,0xe1,0xff,0xef,0xf4,0xf5,0xff,0xfa,0xfe,0xfe,0xff,0xec,0xed,0xf2,0xff,
    0xc7,0xc8,0xd1,0xff,0xa4,0xa4,0xb2,0xff,0x94,0x89,0x9e,0xff,0x98,0x72,0x8f,0xff,
    0xa1,0x63,0x86,0xff,0xad,0x5e,0x85,0xff,0xbc,0x6b,0x92,0xff,0xd2,0x89,0xb4,0xff,
    0xe2,0x9d,0xcc,0xff,0xe5,0xa1,0xd3,0xff,0xe1,0x9d,0xce,0xff,0xde,0x9b,0xcb,0xff,
    0xde,0x9b,0xcb,0xff,0xde,0x9c,0xcb,0xff,0xde,0x9d,0xcc,0xff,0xdd,0x9c,0xcb,0xff,
    0xde,0x9d,0xcc,0xff,0xdf,0x9e,0xcd,0xff,0xe0,0x9f,0xce,0xff,0xe0,0x9f,0xce,0xff,
    0xe1,0xa1,0xcf,0xff,0xe1,0xa1,0xd0,0xff,0xe1,0xa2,0xd0,0xff,0xe0,0xa2,0xcf,0xff,
    0xe1,0xa3,0xd0,0xff,0xe1,0xa3,0xd0,0xff,0xe1,0xa2,0xd1,0xff,0xe1,0xa3,0xd1,0xff,
    0xe1,0xa3,0xd1,0xff,0xe1,0xa4,0xd1,0xff,0xe2,0xa4,0xd1,0xff,0xe3,0xa6,0xd2,0xff,
    0xe3,0xa6,0xd3,0xff,0xe4,0xa7,0xd3,0xff,0xe4,0xa7,0xd4,0xff,0xe5,0xa8,0xd5,0xff,
    0xe5,0xa9,0xd5,0xff,0xe5,0xa9,0xd6,0xff,0xe4,0xa9,0xd7,0xff,0xe4,0xa9,0xd6,0xff,
    0xe4,0xa8,0xd6,0xff,0xe4,0xa9,0xd6,0xff,0xe4,0xaa,0xd6,0xff,0xe4,0xaa,0xd5,0xff,
    0xe4,0xaa,0xd5,0xff,0xe4,0xab,0xd5,0xff,0xe3,0xab,0xd5,0xff,0xe3,0xab,0xd4,0xff,
    0xe0,0xaa,0xd2,0xff,0xdf,0xad,0xd1,0xfb,0xf4,0xc5,0xe4,0xff,0xde,0xb9,0xca,0x8c,
    0x00,0x00,0x00,0x00,0x00,0x00,0x00,0x00,0x00,0x00,0x00,0x00,0x00,0x00,0x00,0x00,
    0x00,0x00,0x00,0x00,0x00,0x00,0x00,0x00,0x00,0x00,0x00,0x00,0x00,0x00,0x00,0x00,
    0xea,0xc1,0xde,0xb2,0xfe,0xd0,0xf6,0xff,0xf0,0xc5,0xe9,0xfc,0xed,0xbc,0xe3,0xff,
    0xea,0xb5,0xdf,0xff,0xe9,0xb2,0xdd,0xff,0xe9,0xb1,0xdc,0xff,0xe9,0xb0,0xdc,0xff,
    0xe9,0xaf,0xdb,0xff,0xe8,0xae,0xdb,0xff,0xe8,0xae,0xda,0xff,0xe8,0xae,0xda,0xff,
    0xe8,0xae,0xda,0xff,0xe8,0xaf,0xdb,0xff,0xe9,0xae,0xdb,0xff,0xe8,0xad,0xdc,0xff,
    0xe8,0xad,0xdb,0xff,0xe9,0xae,0xdb,0xff,0xe8,0xad,0xda,0xff,0xe7,0xad,0xda,0xff,
    0xe7,0xad,0xd9,0xff,0xe7,0xae,0xd9,0xff,0xe6,0xad,0xd8,0xff,0xe7,0xad,0xd9,0xff,
    0xe7,0xad,0xd9,0xff,0xe8,0xab,0xd9,0xff,0xe6,0xa7,0xd7,0xff,0xdd,0xa7,0xd2,0xff,
    0xd5,0xb1,0xcf,0xff,0xd5,0xc8,0xd7,0xff,0xe6,0xe8,0xeb,0xff,0xf8,0xfd,0xfb,0xff,
    0xf7,0xf9,0xfb,0xff,0xdd,0xde,0xe5,0xff,0xb7,0xba,0xc4,0xff,0x9e,0x9a,0xaa,0xff,
    0x96,0x80,0x96,0xff,0x9d,0x68,0x87,0xff,0xa7,0x57,0x7d,0xff,0xb2,0x5c,0x82,0xff,
    0xc6,0x78,0xa0,0xff,0xda,0x96,0xc1,0xff,0xe5,0xa5,0xd2,0xff,0xe4,0xa4,0xd2,0xff,
    0xdf,0x9d,0xcb,0xff,0xde,0x9b,0xca,0xff,0xe0,0x9c,0xcc,0xff,0xdf,0x9c,0xcc,0xff,
    0xdf,0x9d,0xcc,0xff,0xdf,0x9e,0xcc,0xff,0xdf,0x9f,0xcd,0xff,0xe0,0x9f,0xce,0xff,
    0xe1,0xa0,0xcf,0xff,0xe1,0xa0,0xcf,0xff,0xe2,0xa1,0xd0,0xff,0xe2,0xa2,0xd1,0xff,
    0xe2,0xa2,0xd0,0xff,0xe2,0xa3,0xd1,0xff,0xe2,0xa3,0xd1,0xff,0xe1,0xa3,0xd0,0xff,
    0xe2,0xa3,0xd1,0xff,0xe1,0xa4,0xd2,0xff,0xe2,0xa4,0xd2,0xff,0xe3,0xa4,0xd2,0xff,
    0xe2,0xa4,0xd3,0xff,0xe2,0xa5,0xd2,0xff,0xe3,0xa5,0xd2,0xff,0xe3,0xa5,0xd3,0xff,
    0xe3,0xa6,0xd3,0xff,0xe3,0xa6,0xd3,0xff,0xe4,0xa6,0xd4,0xff,0xe3,0xa6,0xd4,0xff,
    0xe3,0xa7,0xd4,0xff,0xe4,0xa8,0xd5,0xff,0xe3,0xa8,0xd5,0xff,0xe4,0xa8,0xd5,0xff,
    0xe4,0xa8,0xd5,0xff,0xe4,0xa9,0xd6,0xff,0xe4,0xaa,0xd6,0xff,0xe4,0xaa,0xd5,0xff,
    0xe4,0xaa,0xd5,0xff,0xe3,0xaa,0xd4,0xff,0xe3,0xab,0xd4,0xff,0xe2,0xaa,0xd4,0xff,
    0xe0,0xa9,0xd2,0xff,0xde,0xab,0xd0,0xfc,0xed,0xc2,0xe0,0xff,0xdd,0xbe,0xcc,0xb5,
    0x00,0x00,0x00,0x00,0x00,0x00,0x00,0x00,0x00,0x00,0x00,0x00,0x00,0x00,0x00,0x00,
    0x00,0x00,0x00,0x00,0x00,0x00,0x00,0x00,0x00,0x00,0x00,0x00,0xff,0xff,0x00,0x01,
    0xeb,0xc1,0xe1,0xd2,0xfa,0xcc,0xf2,0xff,0xf0,0xc3,0xe7,0xfd,0xec,0xba,0xe2,0xff,
    0xea,0xb4,0xde,0xff,0xe9,0xb2,0xdd,0xff,0xea,0xb1,0xdc,0xff,0xe9,0xb0,0xdc,0xff,
    0xe9,0xaf,0xdb,0xff,0xe9,0xae,0xdb,0xff,0xe8,0xae,0xdb,0xff,0xe8,0xad,0xda,0xff,
    0xe8,0xad,0xd9,0xff,0xe9,0xae,0xdb,0xff,0xe9,0xae,0xdb,0xff,0xe9,0xae,0xdc,0xff,
    0xe9,0xae,0xdb,0xff,0xe8,0xae,0xdb,0xff,0xe8,0xae,0xdb,0xff,0xe8,0xae,0xda,0xff,
    0xe8,0xad,0xda,0xff,0xe6,0xac,0xd9,0xff,0xe9,0xad,0xdb,0xff,0xe8,0xaa,0xda,0xff,
    0xe3,0xa7,0xd7,0xff,0xd9,0xab,0xd1,0xff,0xd1,0xbc,0xd2,0xff,0xdc,0xd8,0xe0,0xff,
    0xef,0xf4,0xf4,0xff,0xfb,0xff,0xfe,0xff,0xef,0xf1,0xf4,0xff,0xcf,0xd0,0xd7,0xff,
    0xad,0xab,0xb8,0xff,0x97,0x8a,0x9e,0xff,0x99,0x6f,0x8a,0xff,0xa2,0x5d,0x7e,0xff,
    0xac,0x57,0x7a,0xff,0xbc,0x66,0x8e,0xff,0xd0,0x84,0xad,0xff,0xe1,0x9e,0xc9,0xff,
    0xe6,0xa6,0xd4,0xff,0xe2,0xa1,0xd0,0xff,0xdf,0x9c,0xcb,0xff,0xdf,0x9c,0xca,0xff,
    0xde,0x9d,0xcb,0xff,0xdf,0x9d,0xcc,0xff,0xdf,0x9d,0xcc,0xff,0xe0,0x9e,0xcd,0xff,
    0xe0,0x9f,0xce,0xff,0xe0,0x9f,0xcd,0xff,0xe0,0xa0,0xce,0xff,0xe1,0xa0,0xce,0xff,
    0xe2,0xa1,0xcf,0xff,0xe3,0xa3,0xd1,0xff,0xe3,0xa4,0xd1,0xff,0xe3,0xa4,0xd2,0xff,
    0xe2,0xa3,0xd2,0xff,0xe2,0xa3,0xd2,0xff,0xe2,0xa3,0xd1,0xff,0xe2,0xa4,0xd1,0xff,
    0xe2,0xa4,0xd2,0xff,0xe2,0xa4,0xd2,0xff,0xe3,0xa4,0xd2,0xff,0xe3,0xa4,0xd3,0xff,
    0xe3,0xa5,0xd2,0xff,0xe3,0xa6,0xd3,0xff,0xe3,0xa6,0xd3,0xff,0xe3,0xa6,0xd3,0xff,
    0xe3,0xa6,0xd3,0xff,0xe4,0xa6,0xd4,0xff,0xe4,0xa6,0xd3,0xff,0xe3,0xa6,0xd4,0xff,
    0xe3,0xa7,0xd4,0xff,0xe3,0xa7,0xd5,0xff,0xe3,0xa7,0xd4,0xff,0xe3,0xa7,0xd5,0xff,
    0xe4,0xa8,0xd5,0xff,0xe4,0xa8,0xd5,0xff,0xe4,0xa9,0xd6,0xff,0xe3,0xa9,0xd5,0xff,
    0xe3,0xa9,0xd5,0xff,0xe3,0xa9,0xd4,0xff,0xe3,0xaa,0xd4,0xff,0xe2,0xaa,0xd4,0xff,
    0xe0,0xa9,0xd2,0xff,0xdd,0xa9,0xcf,0xfd,0xe8,0xbb,0xda,0xff,0xde,0xbc,0xcf,0xd6,
    0xaa,0xaa,0x55,0x03,0x00,0x00,0x00,0x00,0x00,0x00,0x00,0x00,0x00,0x00,0x00,0x00,
    0x00,0x00,0x00,0x00,0x00,0x00,0x00,0x00,0x00,0x00,0x00,0x00,0xc9,0xbf,0xb4,0x18,
    0xe8,0xbe,0xdf,0xed,0xf5,0xc7,0xed,0xff,0xef,0xc1,0xe6,0xfe,0xec,0xb8,0xe1,0xff,
    0xea,0xb3,0xdd,0xff,0xe9,0xb1,0xdc,0xff,0xe9,0xb0,0xdc,0xff,0xe9,0xaf,0xdb,0xff,
    0xe9,0xaf,0xdb,0xff,0xe8,0xaf,0xdb,0xff,0xe8,0xae,0xdb,0xff,0xe8,0xad,0xda,0xff,
    0xe8,0xad,0xda,0xff,0xe9,0xad,0xda,0xff,0xe9,0xad,0xdb,0xff,0xe9,0xad,0xdb,0xff,
    0xe9,0xae,0xdb,0xff,0xe7,0xad,0xda,0xff,0xe8,0xad,0xdb,0xff,0xe6,0xad,0xd9,0xff,
    0xd6,0xb2,0xd0,0xff,0xce,0xba,0xce,0xff,0xcb,0xac,0xc7,0xff,0xd4,0xb2,0xd2,0xff,
    0xd8,0xca,0xda,0xff,0xe6,0xe7,0xea,0xff,0xf5,0xfb,0xfb,0xff,0xf7,0xf9,0xfc,0xff,
    0xe2,0xe3,0xe9,0xff,0xbf,0xc1,0xcc,0xff,0xa1,0x9e,0xaf,0xff,0x9a,0x84,0x9a,0xff,
    0xa0,0x6e,0x8b,0xff,0xa5,0x56,0x7a,0xff,0xae,0x53,0x77,0xff,0xc1,0x6c,0x92,0xff,
    0xd7,0x8e,0xb8,0xff,0xe6,0xa4,0xd1,0xff,0xe5,0xa4,0xd3,0xff,0xe1,0x9e,0xcd,0xff,
    0xdf,0x9d,0xcb,0xff,0xe0,0x9e,0xcc,0xff,0xdf,0x9d,0xcc,0xff,0xdf,0x9c,0xcb,0xff,
    0xdf,0x9e,0xcc,0xff,0xdf,0x9e,0xcd,0xff,0xe0,0x9e,0xcd,0xff,0xe1,0x9f,0xce,0xff,
    0xe2,0xa0,0xce,0xff,0xe2,0xa1,0xcf,0xff,0xe1,0xa1,0xcf,0xff,0xe2,0xa2,0xcf,0xff,
    0xe3,0xa3,0xd0,0xff,0xe3,0xa3,0xd1,0xff,0xe4,0xa4,0xd1,0xff,0xe4,0xa4,0xd1,0xff,
    0xe3,0xa4,0xd2,0xff,0xe3,0xa3,0xd2,0xff,0xe2,0xa3,0xd2,0xff,0xe2,0xa4,0xd2,0xff,
    0xe3,0xa4,0xd2,0xff,0xe3,0xa4,0xd2,0xff,0xe2,0xa5,0xd2,0xff,0xe3,0xa5,0xd2,0xff,
    0xe3,0xa5,0xd1,0xff,0xe3,0xa5,0xd2,0xff,0xe4,0xa5,0xd2,0xff,0xe4,0xa6,0xd2,0xff,
    0xe4,0xa6,0xd3,0xff,0xe4,0xa6,0xd3,0xff,0xe3,0xa6,0xd3,0xff,0xe3,0xa6,0xd4,0xff,
    0xe3,0xa6,0xd4,0xff,0xe3,0xa6,0xd5,0xff,0xe3,0xa6,0xd4,0xff,0xe3,0xa7,0xd4,0xff,
    0xe4,0xa7,0xd5,0xff,0xe3,0xa7,0xd5,0xff,0xe3,0xa8,0xd4,0xff,0xe3,0xa8,0xd5,0xff,
    0xe3,0xa8,0xd4,0xff,0xe3,0xa9,0xd3,0xff,0xe2,0xa9,0xd3,0xff,0xe2,0xaa,0xd3,0xff,
    0xe0,0xa9,0xd2,0xff,0xdd,0xa8,0xcf,0xfe,0xe3,0xb5,0xd6,0xff,0xde,0xb9,0xd2,0xec,
    0xbc,0xbc,0xb1,0x17,0x00,0x00,0x00,0x00,0x00,0x00,0x00,0x00,0x00,0x00,0x00,0x00,
    0x00,0x00,0x00,0x00,0x00,0x00,0x00,0x00,0x00,0x00,0x00,0x00,0xdf,0xca,0xca,0x31,
    0xea,0xc3,0xe0,0xfb,0xf0,0xc4,0xe9,0xff,0xee,0xbf,0xe5,0xfe,0xeb,0xb6,0xdf,0xff,
    0xea,0xb2,0xdc,0xff,0xe9,0xb1,0xdc,0xff,0xe9,0xb0,0xdc,0xff,0xe9,0xaf,0xdc,0xff,
    0xe8,0xae,0xdb,0xff,0xe7,0xae,0xda,0xff,0xe8,0xad,0xda,0xff,0xe9,0xad,0xda,0xff,
    0xe8,0xac,0xd9,0xff,0xe8,0xac,0xd9,0xff,0xe8,0xad,0xda,0xff,0xe7,0xad,0xda,0xff,
    0xe6,0xad,0xda,0xff,0xe6,0xac,0xd9,0xff,0xe4,0xab,0xd7,0xff,0xcf,0xbb,0xd0,0xff,
    0xdd,0xe2,0xe4,0xff,0xd5,0xd7,0xdb,0xff,0xc6,0xc7,0xcd,0xff,0xf0,0xf4,0xf4,0xff,
    0xfc,0xff,0xfe,0xff,0xf3,0xf5,0xf7,0xff,0xd5,0xd8,0xde,0xff,0xaf,0xaf,0xbc,0xff,
    0x9c,0x8e,0xa3,0xff,0x9d,0x76,0x92,0xff,0xa3,0x63,0x82,0xff,0xa7,0x56,0x75,0xff,
    0xb4,0x5f,0x81,0xff,0xca,0x7e,0xa5,0xff,0xdd,0x9a,0xc5,0xff,0xe7,0xa3,0xd1,0xff,
    0xe4,0xa0,0xcf,0xff,0xe0,0x9c,0xc9,0xff,0xdf,0x9b,0xc9,0xff,0xdf,0x9c,0xcb,0xff,
    0xe0,0x9e,0xcc,0xff,0xe0,0x9e,0xcc,0xff,0xe0,0x9e,0xcd,0xff,0xe0,0x9e,0xcd,0xff,
    0xe0,0x9f,0xcd,0xff,0xe1,0xa0,0xce,0xff,0xe1,0xa0,0xce,0xff,0xe2,0xa1,0xcf,0xff,
    0xe3,0xa1,0xd0,0xff,0xe3,0xa2,0xd0,0xff,0xe3,0xa3,0xd0,0xff,0xe3,0xa2,0xd0,0xff,
    0xe3,0xa2,0xd0,0xff,0xe3,0xa2,0xd1,0xff,0xe4,0xa3,0xd1,0xff,0xe4,0xa4,0xd1,0xff,
    0xe3,0xa4,0xd2,0xff,0xe4,0xa4,0xd2,0xff,0xe3,0xa4,0xd2,0xff,0xe3,0xa4,0xd2,0xff,
    0xe3,0xa4,0xd2,0xff,0xe3,0xa4,0xd2,0xff,0xe3,0xa5,0xd2,0xff,0xe3,0xa4,0xd2,0xff,
    0xe3,0xa4,0xd1,0xff,0xe3,0xa3,0xd1,0xff,0xe4,0xa5,0xd2,0xff,0xe3,0xa5,0xd2,0xff,
    0xe4,0xa5,0xd2,0xff,0xe4,0xa5,0xd3,0xff,0xe3,0xa5,0xd3,0xff,0xe3,0xa6,0xd3,0xff,
    0xe3,0xa6,0xd4,0xff,0xe4,0xa6,0xd4,0xff,0xe3,0xa6,0xd4,0xff,0xe3,0xa6,0xd3,0xff,
    0xe3,0xa6,0xd4,0xff,0xe3,0xa6,0xd4,0xff,0xe3,0xa7,0xd4,0xff,0xe3,0xa8,0xd5,0xff,
    0xe2,0xa8,0xd4,0xff,0xe3,0xa8,0xd3,0xff,0xe2,0xa8,0xd3,0xff,0xe2,0xa9,0xd3,0xff,
    0xe0,0xa9,0xd2,0xff,0xdd,0xa9,0xd0,0xfe,0xdf,0xb1,0xd3,0xff,0xdf,0xb8,0xd3,0xfa,
    0xd2,0xbc,0xc7,0x2e,0x00,0x00,0x00,0x00,0x00,0x00,0x00,0x00,0x00,0x00,0x00,0x00,
    0x00,0x00,0x00,0x00,0x00,0x00,0x00,0x00,0x00,0x00,0x00,0x00,0xe2,0xc5,0xcc,0x50,
    0xf3,0xc9,0xe8,0xff,0xed,0xc2,0xe7,0xfe,0xee,0xbd,0xe4,0xff,0xeb,0xb5,0xde,0xff,
    0xea,0xb2,0xdd,0xff,0xea,0xb1,0xdc,0xff,0xe9,0xb0,0xdc,0xff,0xe9,0xaf,0xdb,0xff,
    0xe8,0xae,0xda,0xff,0xe8,0xae,0xda,0xff,0xe8,0xae,0xda,0xff,0xe9,0xad,0xda,0xff,
    0xe9,0xac,0xd9,0xff,0xe9,0xad,0xda,0xff,0xe9,0xad,0xda,0xff,0xe7,0xad,0xd9,0xff,
    0xe5,0xae,0xd9,0xff,0xe8,0xad,0xda,0xff,0xd0,0xb0,0xcd,0xff,0xd8,0xde,0xe0,0xff,
    0xff,0xff,0xff,0xff,0xdb,0xd8,0xe1,0xff,0xd2,0xd0,0xd7,0xff,0xed,0xef,0xf3,0xff,
    0xc0,0xc2,0xcb,0xff,0xa9,0xa3,0xb1,0xff,0xa6,0x8f,0xa3,0xff,0xa3,0x71,0x8e,0xff,
    0xa2,0x52,0x72,0xff,0xa8,0x4c,0x71,0xff,0xbd,0x66,0x8c,0xff,0xd2,0x8a,0xb0,0xff,
    0xe1,0xa0,0xcb,0xff,0xe5,0xa5,0xd2,0xff,0xe1,0x9e,0xcc,0xff,0xde,0x9a,0xc8,0xff,
    0xde,0x9a,0xc8,0xff,0xde,0x9b,0xc9,0xff,0xe0,0x9b,0xca,0xff,0xe0,0x9c,0xcb,0xff,
    0xe1,0x9e,0xcd,0xff,0xe1,0x9e,0xcd,0xff,0xe2,0x9e,0xcd,0xff,0xe1,0x9f,0xce,0xff,
    0xe1,0xa0,0xcf,0xff,0xe2,0xa1,0xd0,0xff,0xe2,0xa1,0xcf,0xff,0xe3,0xa1,0xd0,0xff,
    0xe4,0xa1,0xd0,0xff,0xe3,0xa2,0xd1,0xff,0xe4,0xa2,0xd1,0xff,0xe4,0xa2,0xd1,0xff,
    0xe4,0xa2,0xd1,0xff,0xe4,0xa2,0xd1,0xff,0xe4,0xa2,0xd0,0xff,0xe4,0xa3,0xd0,0xff,
    0xe4,0xa4,0xd2,0xff,0xe3,0xa4,0xd1,0xff,0xe3,0xa4,0xd2,0xff,0xe3,0xa4,0xd2,0xff,
    0xe3,0xa4,0xd2,0xff,0xe3,0xa4,0xd2,0xff,0xe3,0xa6,0xd2,0xff,0xe2,0xa6,0xd1,0xff,
    0xe2,0xa5,0xd2,0xff,0xe2,0xa5,0xd1,0xff,0xe2,0xa5,0xd1,0xff,0xe2,0xa5,0xd1,0xff,
    0xe3,0xa5,0xd1,0xff,0xe3,0xa4,0xd2,0xff,0xe3,0xa4,0xd2,0xff,0xe4,0xa5,0xd3,0xff,
    0xe4,0xa5,0xd3,0xff,0xe4,0xa5,0xd3,0xff,0xe3,0xa5,0xd3,0xff,0xe3,0xa5,0xd3,0xff,
    0xe3,0xa5,0xd3,0xff,0xe3,0xa6,0xd3,0xff,0xe2,0xa6,0xd4,0xff,0xe2,0xa6,0xd3,0xff,
    0xe2,0xa7,0xd3,0xff,0xe2,0xa7,0xd3,0xff,0xe2,0xa8,0xd3,0xff,0xe2,0xa8,0xd3,0xff,
    0xe0,0xa9,0xd2,0xff,0xde,0xa8,0xd0,0xff,0xdd,0xae,0xd0,0xfe,0xe5,0xbc,0xd7,0xff,
    0xdb,0xba,0xcc,0x47,0x00,0x00,0x00,0x00,0x00,0x00,0x00,0x00,0x00,0x00,0x00,0x00,
    0x00,0x00,0x00,0x00,0x00,0x00,0x00,0x00,0x00,0x00,0x00,0x00,0xe4,0xc3,0xd3,0x74,
    0xf9,0xcc,0xee,0xff,0xee,0xc4,0xe7,0xfc,0xed,0xbb,0xe3,0xff,0xea,0xb4,0xde,0xff,
    0xea,0xb2,0xdd,0xff,0xea,0xb0,0xdd,0xff,0xe9,0xaf,0xdc,0xff,0xe8,0xae,0xda,0xff,
    0xe8,0xad,0xda,0xff,0xe8,0xad,0xda,0xff,0xe8,0xad,0xda,0xff,0xe9,0xad,0xdb,0xff,
    0xe9,0xad,0xda,0xff,0xe8,0xac,0xda,0xff,0xe8,0xac,0xd9,0xff,0xe7,0xad,0xd9,0xff,
    0xe6,0xae,0xd9,0xff,0xe7,0xae,0xda,0xff,0xc5,0xb2,0xc7,0xff,0xde,0xe0,0xe5,0xff,
    0xec,0xec,0xf2,0xff,0xc5,0xc3,0xcf,0xff,0x9c,0x96,0xa3,0xff,0xa1,0x95,0xa7,0xff,
    0xa4,0x80,0x9a,0xff,0xa5,0x63,0x83,0xff,0x9d,0x4c,0x6a,0xff,0xae,0x55,0x77,0xff,
    0xc4,0x76,0x99,0xff,0xdb,0x92,0xbe,0xff,0xe6,0xa0,0xd1,0xff,0xe4,0xa0,0xcf,0xff,
    0xdf,0x9b,0xc9,0xff,0xde,0x9b,0xc8,0xff,0xdf,0x9c,0xc9,0xff,0xde,0x9b,0xc8,0xff,
    0xde,0x9b,0xc9,0xff,0xdf,0x9b,0xc9,0xff,0xe0,0x9c,0xca,0xff,0xe0,0x9d,0xcb,0xff,
    0xe2,0x9e,0xcd,0xff,0xe2,0x9f,0xcd,0xff,0xe2,0x9f,0xcd,0xff,0xe1,0x9f,0xcd,0xff,
    0xe1,0xa0,0xcf,0xff,0xe2,0xa0,0xcf,0xff,0xe2,0xa2,0xcf,0xff,0xe3,0xa2,0xd0,0xff,
    0xe4,0xa2,0xd0,0xff,0xe4,0xa3,0xd0,0xff,0xe4,0xa2,0xd0,0xff,0xe4,0xa3,0xd1,0xff,
    0xe4,0xa2,0xd0,0xff,0xe4,0xa2,0xcf,0xff,0xe3,0xa3,0xd0,0xff,0xe3,0xa3,0xcf,0xff,
    0xe3,0xa4,0xd0,0xff,0xe3,0xa4,0xd1,0xff,0xe4,0xa4,0xd1,0xff,0xe3,0xa5,0xd1,0xff,
    0xe3,0xa4,0xd0,0xff,0xe2,0xa4,0xd1,0xff,0xe6,0xa0,0xcd,0xff,0xe6,0x9f,0xcc,0xff,
    0xe7,0xa0,0xcc,0xff,0xe7,0xa0,0xcc,0xff,0xe7,0x9f,0xcb,0xff,0xe6,0x9e,0xcb,0xff,
    0xe4,0x9d,0xcc,0xff,0xe2,0xa0,0xce,0xff,0xe3,0xa4,0xd1,0xff,0xe4,0xa4,0xd1,0xff,
    0xe4,0xa4,0xd1,0xff,0xe3,0xa4,0xd1,0xff,0xe3,0xa4,0xd1,0xff,0xe2,0xa4,0xd1,0xff,
    0xe2,0xa5,0xd2,0xff,0xe2,0xa5,0xd2,0xff,0xe2,0xa5,0xd3,0xff,0xe2,0xa6,0xd2,0xff,
    0xe1,0xa6,0xd2,0xff,0xe2,0xa7,0xd3,0xff,0xe1,0xa8,0xd3,0xff,0xe1,0xa9,0xd3,0xff,
    0xe1,0xa9,0xd2,0xff,0xde,0xa9,0xd0,0xff,0xdd,0xad,0xd0,0xfd,0xe8,0xbe,0xdb,0xff,
    0xd7,0xbb,0xc5,0x66,0x00,0x00,0x00,0x00,0x00,0x00,0x00,0x00,0x00,0x00,0x00,0x00,
    0x00,0x00,0x00,0x00,0x00,0x00,0x00,0x00,0x00,0x00,0x00,0x00,0xe6,0xc0,0xd7,0x86,
    0xf8,0xcb,0xef,0xff,0xed,0xc3,0xe6,0xfc,0xeb,0xba,0xe2,0xff,0xe9,0xb3,0xde,0xff,
    0xe9,0xb1,0xdd,0xff,0xe9,0xaf,0xdc,0xff,0xe8,0xae,0xdb,0xff,0xe7,0xae,0xda,0xff,
    0xe8,0xad,0xd9,0xff,0xe8,0xad,0xda,0xff,0xe9,0xad,0xda,0xff,0xe9,0xad,0xda,0xff,
    0xe9,0xad,0xda,0xff,0xe8,0xac,0xd9,0xff,0xe7,0xab,0xd8,0xff,0xe7,0xac,0xd8,0xff,
    0xe5,0xac,0xd7,0xff,0xe7,0xaf,0xda,0xff,0xc0,0xa8,0xbd,0xff,0xbc,0xba,0xc6,0xff,
    0xbb,0xb8,0xc8,0xff,0xa5,0x9b,0xae,0xff,0x92,0x7f,0x93,0xff,0x8f,0x5e,0x76,0xff,
    0x93,0x46,0x62,0xff,0x87,0x43,0x59,0xff,0xc0,0x74,0x9b,0xff,0xe4,0x9f,0xca,0xff,
    0xec,0xae,0xd8,0xff,0xe5,0xa3,0xd0,0xff,0xdf,0x99,0xc7,0xff,0xde,0x99,0xc7,0xff,
    0xde,0x9a,0xc8,0xff,0xde,0x9a,0xc8,0xff,0xdf,0x9b,0xc9,0xff,0xdf,0x9b,0xc9,0xff,
    0xdf,0x9c,0xca,0xff,0xe0,0x9d,0xcb,0xff,0xe1,0x9e,0xcc,0xff,0xe1,0x9f,0xcc,0xff,
    0xe1,0x9f,0xcc,0xff,0xe1,0x9f,0xcc,0xff,0xe1,0x9f,0xcc,0xff,0xe1,0x9e,0xcc,0xff,
    0xe1,0xa0,0xcd,0xff,0xe2,0xa1,0xcf,0xff,0xe1,0xa0,0xce,0xff,0xe1,0xa0,0xcd,0xff,
    0xe1,0xa2,0xce,0xff,0xe2,0xa1,0xcf,0xff,0xe2,0xa1,0xce,0xff,0xe3,0xa0,0xce,0xff,
    0xe2,0xa1,0xce,0xff,0xe2,0xa2,0xce,0xff,0xe2,0xa1,0xce,0xff,0xe2,0xa2,0xce,0xff,
    0xe2,0xa3,0xcf,0xff,0xe2,0xa3,0xcf,0xff,0xe3,0xa3,0xcf,0xff,0xe1,0xa2,0xce,0xff,
    0xe1,0xa3,0xce,0xff,0xe4,0xa3,0xce,0xff,0xd3,0xb9,0xdb,0xff,0xc5,0xc8,0xe3,0xff,
    0xc2,0xcc,0xe6,0xff,0xc1,0xcc,0xe8,0xff,0xc1,0xcb,0xe6,0xff,0xc4,0xc5,0xe2,0xff,
    0xce,0xbb,0xdc,0xff,0xdb,0xab,0xd2,0xff,0xe3,0xa1,0xce,0xff,0xe2,0xa4,0xcf,0xff,
    0xe2,0xa3,0xcf,0xff,0xe2,0xa3,0xd0,0xff,0xe2,0xa4,0xd0,0xff,0xe3,0xa4,0xd1,0xff,
    0xe3,0xa4,0xd1,0xff,0xe2,0xa4,0xd1,0xff,0xe2,0xa5,0xd2,0xff,0xe2,0xa5,0xd2,0xff,
    0xe2,0xa6,0xd2,0xff,0xe2,0xa7,0xd3,0xff,0xe2,0xa7,0xd3,0xff,0xe2,0xa9,0xd3,0xff,
    0xe0,0xaa,0xd2,0xff,0xde,0xa9,0xd0,0xff,0xdd,0xad,0xd0,0xfc,0xec,0xc1,0xdf,0xff,
    0xd8,0xbb,0xc9,0x7d,0x00,0x00,0x00,0x00,0x00,0x00,0x00,0x00,0x00,0x00,0x00,0x00,
    0x00,0x00,0x00,0x00,0x00,0x00,0x00,0x00,0x00,0x00,0x00,0x00,0xe5,0xc0,0xd7,0xa7,
    0xf7,0xc9,0xee,0xff,0xed,0xc2,0xe5,0xfc,0xeb,0xba,0xe2,0xff,0xe8,0xb3,0xdd,0xff,
    0xe8,0xb1,0xdc,0xff,0xe8,0xaf,0xdb,0xff,0xe8,0xae,0xdb,0xff,0xe8,0xae,0xdb,0xff,
    0xe8,0xad,0xd9,0xff,0xe8,0xad,0xda,0xff,0xe8,0xad,0xda,0xff,0xe9,0xad,0xd9,0xff,
    0xe8,0xac,0xd9,0xff,0xe8,0xab,0xd8,0xff,0xe6,0xab,0xd7,0xff,0xe7,0xaa,0xd7,0xff,
    0xe4,0xa9,0xd5,0xff,0xe9,0xaf,0xda,0xff,0xc7,0x9e,0xbc,0xff,0xa3,0x8e,0xa1,0xff,
    0xaa,0x96,0xab,0xff,0x9d,0x80,0x96,0xff,0x88,0x63,0x7b,0xff,0x76,0x4d,0x60,0xff,
    0x5c,0x39,0x43,0xff,0x84,0x4f,0x62,0xff,0xda,0x74,0xa6,0xff,0xd0,0x72,0xa0,0xff,
    0xd0,0x79,0xa3,0xff,0xd2,0x7c,0xa3,0xff,0xd1,0x78,0xa1,0xff,0xd1,0x75,0xa0,0xff,
    0xd2,0x75,0xa2,0xff,0xd2,0x76,0xa3,0xff,0xd4,0x79,0xa5,0xff,0xd6,0x7c,0xa8,0xff,
    0xd8,0x7f,0xab,0xff,0xda,0x82,0xae,0xff,0xdb,0x83,0xaf,0xff,0xdc,0x83,0xb0,0xff,
    0xdc,0x84,0xaf,0xff,0xdc,0x84,0xaf,0xff,0xdc,0x85,0xb0,0xff,0xdd,0x86,0xb2,0xff,
    0xde,0x87,0xb3,0xff,0xdf,0x8a,0xb5,0xff,0xe0,0x8a,0xb4,0xff,0xdf,0x8a,0xb3,0xff,
    0xe0,0x8b,0xb5,0xff,0xe0,0x8b,0xb5,0xff,0xe1,0x8a,0xb6,0xff,0xe1,0x8b,0xb5,0xff,
    0xe1,0x8c,0xb6,0xff,0xe1,0x8d,0xb6,0xff,0xe2,0x8f,0xb7,0xff,0xe2,0x90,0xb8,0xff,
    0xe3,0x91,0xb9,0xff,0xe3,0x92,0xb9,0xff,0xe3,0x92,0xb9,0xff,0xe1,0x91,0xba,0xff,
    0xe4,0x8b,0xb5,0xff,0xc1,0xbc,0xd7,0xff,0xa9,0xef,0xff,0xff,0xb4,0xf4,0xff,0xff,
    0xb1,0xf3,0xff,0xff,0xa9,0xed,0xff,0xff,0xa4,0xe6,0xff,0xff,0xa2,0xe0,0xfd,0xff,
    0xa4,0xd9,0xf7,0xff,0xb5,0xd0,0xea,0xff,0xdb,0xa9,0xd1,0xff,0xe1,0xa0,0xce,0xff,
    0xe0,0xa3,0xce,0xff,0xe0,0xa2,0xcd,0xff,0xe1,0xa3,0xcf,0xff,0xe2,0xa3,0xd0,0xff,
    0xe2,0xa3,0xd0,0xff,0xe2,0xa4,0xd1,0xff,0xe2,0xa4,0xd1,0xff,0xe2,0xa4,0xd2,0xff,
    0xe2,0xa5,0xd2,0xff,0xe2,0xa6,0xd3,0xff,0xe2,0xa7,0xd3,0xff,0xe2,0xa9,0xd3,0xff,
    0xe1,0xaa,0xd2,0xff,0xdf,0xaa,0xd1,0xff,0xde,0xad,0xd0,0xfc,0xec,0xc0,0xe0,0xff,
    0xdb,0xb7,0xcf,0x80,0x00,0x00,0x00,0x00,0x00,0x00,0x00,0x00,0x00,0x00,0x00,0x00,
    0x00,0x00,0x00,0x00,0x00,0x00,0x00,0x00,0x00,0x00,0x00,0x00,0xe6,0xba,0xd8,0xae,
    0xf7,0xc8,0xed,0xff,0xed,0xc2,0xe5,0xfc,0xeb,0xba,0xe2,0xff,0xe9,0xb3,0xdd,0xff,
    0xe8,0xb1,0xdc,0xff,0xe7,0xaf,0xdb,0xff,0xe8,0xad,0xda,0xff,0xe9,0xad,0xda,0xff,
    0xe9,0xad,0xda,0xff,0xe9,0xac,0xda,0xff,0xe9,0xac,0xda,0xff,0xe8,0xad,0xda,0xff,
    0xe8,0xac,0xd9,0xff,0xe7,0xaa,0xd7,0xff,0xe6,0xaa,0xd6,0xff,0xe6,0xa8,0xd5,0xff,
    0xe3,0xa7,0xd4,0xff,0xe5,0xa8,0xd5,0xff,0xde,0xa0,0xc8,0xff,0x9b,0x6a,0x84,0xff,
    0x95,0x68,0x7e,0xff,0x90,0x61,0x78,0xff,0x79,0x4a,0x61,0xff,0x6d,0x40,0x53,0xff,
    0x78,0x44,0x57,0xff,0xa4,0x4d,0x6e,0xff,0xc9,0x5f,0x8a,0xff,0xcf,0x72,0x99,0xff,
    0xd4,0x78,0xa2,0xff,0xd7,0x79,0xa3,0xff,0xd8,0x7b,0xa4,0xff,0xd8,0x7a,0xa4,0xff,
    0xda,0x7a,0xa6,0xff,0xdc,0x7d,0xa7,0xff,0xdc,0x7c,0xa8,0xff,0xde,0x7f,0xaa,0xff,
    0xdf,0x80,0xab,0xff,0xe0,0x82,0xad,0xff,0xe1,0x82,0xad,0xff,0xe0,0x81,0xab,0xff,
    0xe0,0x82,0xaa,0xff,0xe0,0x82,0xab,0xff,0xe1,0x82,0xac,0xff,0xe1,0x83,0xac,0xff,
    0xe2,0x84,0xae,0xff,0xe3,0x86,0xaf,0xff,0xe4,0x87,0xaf,0xff,0xe5,0x87,0xb0,0xff,
    0xe3,0x87,0xb0,0xff,0xe4,0x87,0xb0,0xff,0xe5,0x87,0xb2,0xff,0xe5,0x88,0xb3,0xff,
    0xe5,0x89,0xb3,0xff,0xe5,0x8b,0xb2,0xff,0xe6,0x8c,0xb3,0xff,0xe5,0x8c,0xb3,0xff,
    0xe5,0x8c,0xb3,0xff,0xe6,0x8e,0xb5,0xff,0xe6,0x8f,0xb5,0xff,0xe5,0x8c,0xb3,0xff,
    0xe3,0x88,0xb1,0xff,0xb4,0xad,0xce,0xff,0xaf,0xb9,0xd9,0xff,0xb4,0xb8,0xd7,0xff,
    0xaf,0xb6,0xd7,0xff,0xab,0xb3,0xd4,0xff,0xa9,0xb1,0xd2,0xff,0xa6,0xae,0xcd,0xff,
    0xa0,0xa8,0xc6,0xff,0x9c,0xac,0xca,0xff,0xc1,0xa0,0xc0,0xff,0xe5,0x94,0xbe,0xff,
    0xde,0x9e,0xca,0xff,0xde,0x9f,0xce,0xff,0xe0,0xa0,0xcd,0xff,0xe1,0xa1,0xce,0xff,
    0xe1,0xa2,0xd0,0xff,0xe1,0xa2,0xd0,0xff,0xe2,0xa4,0xd1,0xff,0xe2,0xa4,0xd2,0xff,
    0xe2,0xa4,0xd2,0xff,0xe2,0xa5,0xd2,0xff,0xe2,0xa7,0xd2,0xff,0xe1,0xa9,0xd3,0xff,
    0xe0,0xaa,0xd2,0xff,0xdf,0xa9,0xd0,0xff,0xde,0xac,0xd0,0xfc,0xec,0xbf,0xdf,0xff,
    0xd7,0xb8,0xcb,0x95,0x00,0x00,0x00,0x00,0x00,0x00,0x00,0x00,0x00,0x00,0x00,0x00,
    0x00,0x00,0x00,0x00,0x00,0x00,0x00,0x00,0x00,0x00,0x00,0x00,0xe9,0xba,0xdc,0xaf,
    0xf6,0xc7,0xed,0xff,0xed,0xc1,0xe5,0xfc,0xea,0xb9,0xe2,0xff,0xe8,0xb3,0xdd,0xff,
    0xe7,0xb0,0xdc,0xff,0xe7,0xaf,0xdb,0xff,0xe8,0xae,0xdb,0xff,0xe9,0xad,0xda,0xff,
    0xe8,0xad,0xdb,0xff,0xe8,0xac,0xda,0xff,0xe8,0xac,0xda,0xff,0xe8,0xac,0xd9,0xff,
    0xe7,0xac,0xd7,0xff,0xe6,0xab,0xd6,0xff,0xe4,0xa9,0xd6,0xff,0xe4,0xa6,0xd4,0xff,
    0xe9,0xa4,0xcf,0xff,0xee,0xa3,0xcc,0xff,0xf1,0xa1,0xca,0xff,0xe6,0x95,0xbd,0xff,
    0xe8,0x9f,0xc2,0xff,0xee,0xa7,0xc9,0xff,0xf1,0xa0,0xc7,0xff,0xf4,0x9c,0xc6,0xff,
    0xf8,0xa0,0xcb,0xff,0xf7,0x9e,0xc9,0xff,0xf4,0x9b,0xc6,0xff,0xf5,0xa0,0xc9,0xff,
    0xf5,0xa1,0xcb,0xff,0xf5,0xa1,0xcb,0xff,0xf5,0xa2,0xcb,0xff,0xf5,0xa3,0xcc,0xff,
    0xf5,0xa3,0xcc,0xff,0xf5,0xa2,0xcb,0xff,0xf5,0xa2,0xcb,0xff,0xf5,0xa1,0xcb,0xff,
    0xf5,0xa1,0xcb,0xff,0xf4,0xa2,0xca,0xff,0xf4,0xa1,0xcb,0xff,0xf4,0xa1,0xca,0xff,
    0xf4,0xa1,0xc9,0xff,0xf4,0xa1,0xc9,0xff,0xf4,0xa1,0xc9,0xff,0xf4,0xa1,0xc9,0xff,
    0xf5,0xa1,0xc9,0xff,0xf4,0xa1,0xc9,0xff,0xf4,0xa1,0xc8,0xff,0xf4,0xa1,0xc8,0xff,
    0xf4,0xa1,0xca,0xff,0xf3,0xa0,0xca,0xff,0xf4,0xa0,0xc9,0xff,0xf3,0xa0,0xc9,0xff,
    0xf4,0xa1,0xca,0xff,0xf4,0xa1,0xca,0xff,0xf4,0xa0,0xca,0xff,0xf4,0xa0,0xc9,0xff,
    0xf4,0xa0,0xc9,0xff,0xf4,0x9f,0xc8,0xff,0xf3,0xa0,0xc9,0xff,0xf3,0xa1,0xc9,0xff,
    0xf3,0xa0,0xc9,0xff,0xf5,0x9c,0xc7,0xff,0xf2,0x9b,0xc4,0xff,0xf0,0x99,0xc3,0xff,
    0xf0,0x98,0xc1,0xff,0xf0,0x98,0xc1,0xff,0xed,0x99,0xbe,0xff,0xe6,0x96,0xb9,0xff,
    0xdb,0x92,0xb0,0xff,0xc9,0x90,0xac,0xff,0xc8,0x88,0x9f,0xff,0xe2,0x87,0x9f,0xff,
    0xe3,0x91,0xac,0xff,0xe0,0x95,0xb8,0xff,0xdf,0x9d,0xc9,0xff,0xe0,0xa1,0xcf,0xff,
    0xe1,0xa0,0xcd,0xff,0xe1,0xa2,0xcf,0xff,0xe1,0xa4,0xd0,0xff,0xe2,0xa4,0xd1,0xff,
    0xe1,0xa4,0xd1,0xff,0xe2,0xa6,0xd1,0xff,0xe1,0xa6,0xd1,0xff,0xe1,0xa7,0xd1,0xff,
    0xe1,0xa9,0xd0,0xff,0xdf,0xa8,0xd0,0xff,0xde,0xab,0xd0,0xfc,0xec,0xbd,0xde,0xff,
    0xd7,0xbb,0xcb,0xae,0x00,0x00,0x00,0x00,0x00,0x00,0x00,0x00,0x00,0x00,0x00,0x00,
    0x00,0x00,0x00,0x00,0x00,0x00,0x00,0x00,0x00,0x00,0x00,0x00,0xe8,0xbd,0xd9,0xc0,
    0xf5,0xc6,0xec,0xff,0xec,0xbf,0xe4,0xfd,0xea,0xb7,0xe1,0xff,0xe8,0xb2,0xdd,0xff,
    0xe8,0xaf,0xdc,0xff,0xe8,0xad,0xda,0xff,0xe8,0xac,0xda,0xff,0xe9,0xac,0xda,0xff,
    0xe9,0xac,0xda,0xff,0xe9,0xac,0xdb,0xff,0xe8,0xac,0xda,0xff,0xe7,0xac,0xd8,0xff,
    0xe6,0xad,0xd7,0xff,0xe5,0xab,0xd6,0xff,0xe7,0xa6,0xd0,0xff,0xf0,0xa6,0xcf,0xff,
    0xf6,0xab,0xd1,0xff,0xf7,0xae,0xd3,0xff,0xf7,0xad,0xd3,0xff,0xfb,0xac,0xd4,0xff,
    0xfb,0xac,0xd3,0xff,0xf8,0xaa,0xd1,0xff,0xf7,0xa6,0xce,0xff,0xf6,0xa4,0xcc,0xff,
    0xf5,0xa3,0xcb,0xff,0xf6,0xa3,0xcb,0xff,0xf6,0xa2,0xca,0xff,0xf5,0xa0,0xc9,0xff,
    0xf4,0xa0,0xc8,0xff,0xf4,0xa1,0xc9,0xff,0xf4,0xa1,0xc9,0xff,0xf4,0xa3,0xca,0xff,
    0xf4,0xa3,0xca,0xff,0xf3,0xa1,0xca,0xff,0xf4,0xa1,0xca,0xff,0xf4,0xa0,0xca,0xff,
    0xf4,0xa0,0xc9,0xff,0xf3,0xa0,0xc9,0xff,0xf4,0xa0,0xc9,0xff,0xf3,0x9f,0xc8,0xff,
    0xf3,0xa0,0xc8,0xff,0xf4,0xa0,0xc8,0xff,0xf3,0xa0,0xc7,0xff,0xf3,0x9f,0xc8,0xff,
    0xf3,0x9f,0xc7,0xff,0xf3,0x9f,0xc8,0xff,0xf3,0x9e,0xc7,0xff,0xf2,0x9f,0xc7,0xff,
    0xf3,0x9f,0xc8,0xff,0xf2,0x9e,0xc8,0xff,0xf2,0x9e,0xc8,0xff,0xf1,0x9e,0xc7,0xff,
    0xf2,0x9e,0xc7,0xff,0xf2,0x9d,0xc7,0xff,0xf2,0x9d,0xc7,0xff,0xf2,0x9e,0xc8,0xff,
    0xf3,0x9e,0xc8,0xff,0xf2,0x9c,0xc6,0xff,0xf2,0x9c,0xc7,0xff,0xf3,0x9d,0xc8,0xff,
    0xf3,0x9d,0xc8,0xff,0xf2,0x9c,0xc7,0xff,0xf2,0x9c,0xc7,0xff,0xf1,0x9b,0xc6,0xff,
    0xf1,0x9a,0xc5,0xff,0xf1,0x9b,0xc6,0xff,0xf3,0x9c,0xc6,0xff,0xf3,0x99,0xc5,0xff,
    0xf4,0x99,0xc5,0xff,0xf5,0x99,0xc3,0xff,0xef,0x99,0xbc,0xff,0xe5,0x97,0xb0,0xff,
    0xe3,0x8d,0xa2,0xff,0xe4,0x8b,0xa2,0xff,0xe1,0x8d,0xa8,0xff,0xdd,0x97,0xc0,0xff,
    0xe0,0xa1,0xcf,0xff,0xe1,0xa1,0xcd,0xff,0xe1,0xa3,0xcf,0xff,0xe1,0xa4,0xd0,0xff,
    0xe1,0xa5,0xd1,0xff,0xe1,0xa5,0xd0,0xff,0xe2,0xa6,0xd1,0xff,0xe1,0xa6,0xd0,0xff,
    0xe1,0xa7,0xd0,0xff,0xde,0xa7,0xce,0xff,0xde,0xaa,0xcf,0xfc,0xed,0xbc,0xde,0xff,
    0xde,0xb9,0xd1,0xaf,0x00,0x00,0x00,0x00,0x00,0x00,0x00,0x00,0x00,0x00,0x00,0x00,
    0x00,0x00,0x00,0x00,0x00,0x00,0x00,0x00,0x00,0x00,0x00,0x00,0xe6,0xbe,0xd7,0xdb,
    0xf2,0xc4,0xe9,0xff,0xec,0xbe,0xe3,0xfe,0xea,0xb5,0xe0,0xff,0xe8,0xb0,0xdd,0xff,
    0xe8,0xaf,0xdb,0xff,0xe8,0xad,0xdb,0xff,0xe8,0xac,0xdb,0xff,0xe9,0xac,0xdb,0xff,
    0xe9,0xac,0xda,0xff,0xe9,0xac,0xda,0xff,0xe8,0xab,0xd9,0xff,0xe7,0xac,0xd9,0xff,
    0xe4,0xac,0xd8,0xff,0xec,0xa6,0xd0,0xff,0xf7,0xa8,0xd0,0xff,0xf9,0xb0,0xd5,0xff,
    0xf6,0xad,0xd3,0xff,0xf3,0xa3,0xcb,0xff,0xf1,0x99,0xc5,0xff,0xef,0x93,0xbe,0xff,
    0xee,0x90,0xbb,0xff,0xed,0x8a,0xb7,0xff,0xeb,0x87,0xb4,0xff,0xeb,0x87,0xb4,0xff,
    0xec,0x86,0xb3,0xff,0xec,0x86,0xb2,0xff,0xec,0x85,0xb2,0xff,0xec,0x83,0xb2,0xff,
    0xeb,0x82,0xb1,0xff,0xea,0x81,0xb1,0xff,0xea,0x82,0xb1,0xff,0xea,0x83,0xb1,0xff,
    0xeb,0x84,0xb2,0xff,0xea,0x84,0xb2,0xff,0xea,0x83,0xb1,0xff,0xeb,0x83,0xb2,0xff,
    0xeb,0x83,0xb2,0xff,0xeb,0x83,0xb1,0xff,0xeb,0x83,0xb1,0xff,0xea,0x83,0xb1,0xff,
    0xea,0x83,0xb0,0xff,0xea,0x82,0xb0,0xff,0xea,0x81,0xaf,0xff,0xea,0x81,0xaf,0xff,
    0xea,0x81,0xaf,0xff,0xe9,0x83,0xb0,0xff,0xe9,0x83,0xb1,0xff,0xe9,0x83,0xb1,0xff,
    0xe9,0x82,0xb0,0xff,0xe9,0x81,0xb0,0xff,0xe9,0x81,0xb1,0xff,0xe8,0x80,0xb0,0xff,
    0xe7,0x80,0xaf,0xff,0xe8,0x81,0xb0,0xff,0xe9,0x82,0xb1,0xff,0xea,0x82,0xb1,0xff,
    0xea,0x82,0xb1,0xff,0xea,0x81,0xb1,0xff,0xea,0x81,0xb0,0xff,0xea,0x80,0xaf,0xff,
    0xe9,0x7f,0xaf,0xff,0xe9,0x80,0xb0,0xff,0xe9,0x82,0xb1,0xff,0xe9,0x84,0xb2,0xff,
    0xe9,0x86,0xb4,0xff,0xea,0x8a,0xb6,0xff,0xea,0x8a,0xb6,0xff,0xe9,0x87,0xb6,0xff,
    0xea,0x8a,0xb8,0xff,0xea,0x8e,0xbb,0xff,0xeb,0x8f,0xbb,0xff,0xeb,0x91,0xbb,0xff,
    0xe7,0x95,0xb2,0xff,0xe1,0x8b,0xa1,0xff,0xe0,0x86,0x9e,0xff,0xdf,0x87,0xa0,0xff,
    0xdc,0x94,0xb9,0xff,0xdf,0xa2,0xce,0xff,0xe1,0xa2,0xcd,0xff,0xe1,0xa4,0xd0,0xff,
    0xe1,0xa4,0xd0,0xff,0xe1,0xa4,0xd0,0xff,0xe0,0xa5,0xd0,0xff,0xe0,0xa5,0xd1,0xff,
    0xe0,0xa7,0xd0,0xff,0xde,0xa6,0xce,0xff,0xde,0xa8,0xcf,0xfc,0xed,0xbb,0xde,0xff,
    0xdf,0xb4,0xd2,0xb3,0x00,0x00,0x00,0x00,0x00,0x00,0x00,0x00,0x00,0x00,0x00,0x00,
    0x00,0x00,0x00,0x00,0x00,0x00,0x00,0x00,0x00,0x00,0x00,0x00,0xe5,0xba,0xd5,0xdd,
    0xf1,0xc3,0xe8,0xff,0xeb,0xbd,0xe3,0xfe,0xea,0xb4,0xdf,0xff,0xe8,0xaf,0xdd,0xff,
    0xe8,0xae,0xdc,0xff,0xe9,0xae,0xdc,0xff,0xe9,0xad,0xdb,0xff,0xe9,0xad,0xdb,0xff,
    0xe9,0xac,0xda,0xff,0xe9,0xab,0xd9,0xff,0xe7,0xab,0xd8,0xff,0xe7,0xab,0xd7,0xff,
    0xf0,0xa6,0xce,0xff,0xf8,0xac,0xd2,0xff,0xf5,0xab,0xd1,0xff,0xf0,0x9e,0xc7,0xff,
    0xee,0x95,0xbf,0xff,0xeb,0x85,0xb4,0xff,0xe8,0x77,0xac,0xff,0xe5,0x7b,0xad,0xff,
    0xe4,0x83,0xb0,0xff,0xe3,0x88,0xb2,0xff,0xe4,0x8f,0xb5,0xff,0xe5,0x93,0xb8,0xff,
    0xe4,0x93,0xb7,0xff,0xe5,0x92,0xb5,0xff,0xe4,0x92,0xb6,0xff,0xe3,0x92,0xb5,0xff,
    0xe4,0x92,0xb5,0xff,0xe4,0x92,0xb6,0xff,0xe3,0x93,0xb6,0xff,0xe2,0x93,0xb5,0xff,
    0xe4,0x93,0xb6,0xff,0xe4,0x94,0xb6,0xff,0xe3,0x94,0xb7,0xff,0xe4,0x93,0xb6,0xff,
    0xe4,0x92,0xb6,0xff,0xe4,0x93,0xb6,0xff,0xe4,0x93,0xb6,0xff,0xe3,0x93,0xb5,0xff,
    0xe3,0x93,0xb5,0xff,0xe2,0x92,0xb5,0xff,0xe2,0x92,0xb4,0xff,0xe2,0x91,0xb4,0xff,
    0xe2,0x90,0xb4,0xff,0xe2,0x91,0xb4,0xff,0xe2,0x92,0xb4,0xff,0xe2,0x92,0xb5,0xff,
    0xe2,0x91,0xb5,0xff,0xe2,0x92,0xb5,0xff,0xe2,0x91,0xb5,0xff,0xe0,0x8f,0xb3,0xff,
    0xe1,0x90,0xb3,0xff,0xe1,0x90,0xb3,0xff,0xe1,0x90,0xb3,0xff,0xe2,0x90,0xb4,0xff,
    0xe3,0x92,0xb5,0xff,0xe2,0x92,0xb5,0xff,0xe1,0x90,0xb4,0xff,0xe2,0x8f,0xb3,0xff,
    0xe1,0x8c,0xb2,0xff,0xe1,0x8a,0xb1,0xff,0xdf,0x87,0xaf,0xff,0xde,0x83,0xac,0xff,
    0xdf,0x7a,0xa8,0xff,0xe1,0x74,0xa6,0xff,0xe3,0x73,0xa7,0xff,0xe6,0x7c,0xad,0xff,
    0xe7,0x81,0xb1,0xff,0xe6,0x83,0xb2,0xff,0xe7,0x86,0xb3,0xff,0xe7,0x85,0xb2,0xff,
    0xe7,0x86,0xb1,0xff,0xe4,0x90,0xae,0xff,0xdf,0x8b,0xa1,0xff,0xdf,0x88,0xa0,0xff,
    0xde,0x86,0x9c,0xff,0xdd,0x95,0xba,0xff,0xe0,0xa3,0xd1,0xff,0xe0,0xa2,0xcd,0xff,
    0xe0,0xa3,0xce,0xff,0xe0,0xa4,0xcf,0xff,0xe1,0xa4,0xd0,0xff,0xe1,0xa6,0xd0,0xff,
    0xe0,0xa7,0xcf,0xff,0xde,0xa6,0xce,0xff,0xdc,0xa7,0xcd,0xfd,0xec,0xb9,0xdd,0xff,
    0xde,0xb3,0xd1,0xb7,0x00,0x00,0x00,0x00,0x00,0x00,0x00,0x00,0x00,0x00,0x00,0x00,
    0x00,0x00,0x00,0x00,0x00,0x00,0x00,0x00,0x00,0x00,0x00,0x00,0xe3,0xb8,0xd5,0xdf,
    0xf0,0xc2,0xe7,0xff,0xeb,0xbd,0xe3,0xfe,0xe9,0xb5,0xdf,0xff,0xe8,0xaf,0xdc,0xff,
    0xe8,0xae,0xdc,0xff,0xe9,0xae,0xdc,0xff,0xe9,0xae,0xdb,0xff,0xe9,0xae,0xda,0xff,
    0xe8,0xac,0xd9,0xff,0xe8,0xab,0xd8,0xff,0xe7,0xaa,0xd7,0xff,0xf0,0xa4,0xcd,0xff,
    0xf8,0xab,0xcf,0xff,0xf4,0xa6,0xcd,0xff,0xee,0x94,0xbf,0xff,0xea,0x85,0xb5,0xff,
    0xe7,0x82,0xb0,0xff,0xe8,0x93,0xb9,0xff,0xed,0xb8,0xd1,0xff,0xf3,0xda,0xe6,0xff,
    0xf8,0xee,0xf2,0xff,0xfb,0xf7,0xf8,0xff,0xfc,0xfc,0xfc,0xff,0xfc,0xfe,0xfe,0xff,
    0xfc,0xfe,0xfd,0xff,0xfc,0xfe,0xfe,0xff,0xfb,0xfe,0xfe,0xff,0xfb,0xfe,0xfe,0xff,
    0xfc,0xff,0xfe,0xff,0xfc,0xff,0xff,0xff,0xfb,0xfe,0xfe,0xff,0xfb,0xfe,0xfe,0xff,
    0xfb,0xfe,0xfe,0xff,0xfb,0xfd,0xfe,0xff,0xfb,0xfd,0xfe,0xff,0xfb,0xfd,0xfe,0xff,
    0xfa,0xfe,0xfe,0xff,0xfb,0xfd,0xfe,0xff,0xfb,0xfe,0xfe,0xff,0xfb,0xfe,0xfe,0xff,
    0xfb,0xfd,0xfe,0xff,0xfb,0xfd,0xfe,0xff,0xfa,0xfe,0xfe,0xff,0xfb,0xfe,0xfe,0xff,
    0xfb,0xfd,0xfe,0xff,0xfa,0xfc,0xfe,0xff,0xfa,0xfc,0xfe,0xff,0xfa,0xfc,0xfe,0xff,
    0xfa,0xfd,0xfe,0xff,0xfa,0xfd,0xfe,0xff,0xfa,0xfd,0xfe,0xff,0xfa,0xfc,0xfd,0xff,
    0xfa,0xfc,0xfd,0xff,0xfa,0xfc,0xfe,0xff,0xfa,0xfc,0xfd,0xff,0xfa,0xfc,0xfe,0xff,
    0xfa,0xfc,0xfe,0xff,0xfa,0xfc,0xfd,0xff,0xfa,0xfb,0xfd,0xff,0xfa,0xfb,0xfe,0xff,
    0xf9,0xfa,0xfd,0xff,0xf8,0xf8,0xfc,0xff,0xf7,0xf6,0xfa,0xff,0xf5,0xf0,0xf5,0xff,
    0xf2,0xe2,0xec,0xff,0xec,0xcc,0xdd,0xff,0xe3,0xa6,0xc3,0xff,0xde,0x80,0xa9,0xff,
    0xe1,0x75,0xa6,0xff,0xe5,0x7f,0xaf,0xff,0xe3,0x80,0xae,0xff,0xe3,0x7f,0xad,0xff,
    0xe4,0x80,0xad,0xff,0xe3,0x81,0xac,0xff,0xe3,0x8d,0xac,0xff,0xdd,0x8a,0x9d,0xff,
    0xdf,0x84,0x9b,0xff,0xdd,0x82,0x9b,0xff,0xdb,0x99,0xc3,0xff,0xde,0xa0,0xcc,0xff,
    0xdf,0xa1,0xcc,0xff,0xe0,0xa3,0xcf,0xff,0xe0,0xa4,0xcf,0xff,0xe0,0xa5,0xcf,0xff,
    0xe0,0xa6,0xcf,0xff,0xde,0xa5,0xce,0xff,0xdd,0xa7,0xcd,0xfd,0xeb,0xb8,0xdc,0xff,
    0xdf,0xb3,0xd0,0xbc,0x00,0x00,0x00,0x00,0x00,0x00,0x00,0x00,0x00,0x00,0x00,0x00,
    0x00,0x00,0x00,0x00,0x00,0x00,0x00,0x00,0x00,0x00,0x00,0x00,0xe1,0xb8,0xd5,0xe3,
    0xf0,0xc2,0xe7,0xff,0xeb,0xbd,0xe3,0xfe,0xea,0xb5,0xdf,0xff,0xe9,0xb0,0xdd,0xff,
    0xe9,0xaf,0xdb,0xff,0xe9,0xaf,0xdc,0xff,0xe9,0xae,0xdc,0xff,0xe9,0xad,0xdb,0xff,
    0xe8,0xac,0xd9,0xff,0xe6,0xab,0xd8,0xff,0xed,0xa1,0xcd,0xff,0xf5,0xa5,0xcb,0xff,
    0xf3,0xa4,0xca,0xff,0xee,0x93,0xbe,0xff,0xea,0x7f,0xb0,0xff,0xe8,0x8d,0xb8,0xff,
    0xf2,0xd0,0xe0,0xff,0xfc,0xfc,0xfc,0xff,0xff,0xff,0xff,0xff,0xfe,0xff,0xff,0xff,
    0xfa,0xfc,0xff,0xff,0xf8,0xf8,0xfe,0xff,0xf6,0xf5,0xfc,0xff,0xf4,0xf3,0xfc,0xff,
    0xf4,0xf2,0xfc,0xff,0xf4,0xf2,0xfc,0xff,0xf3,0xf1,0xfb,0xff,0xf4,0xf1,0xfb,0xff,
    0xf4,0xf1,0xfb,0xff,0xf4,0xf1,0xfb,0xff,0xf4,0xf0,0xfb,0xff,0xf3,0xf0,0xfb,0xff,
    0xf2,0xef,0xfb,0xff,0xf2,0xef,0xfb,0xff,0xf3,0xef,0xfb,0xff,0xf3,0xef,0xfa,0xff,
    0xf3,0xf0,0xfb,0xff,0xf2,0xf0,0xfb,0xff,0xf2,0xf0,0xfa,0xff,0xf2,0xef,0xfb,0xff,
    0xf2,0xef,0xfb,0xff,0xf2,0xef,0xfb,0xff,0xf2,0xf0,0xfb,0xff,0xf2,0xef,0xfb,0xff,
    0xf2,0xef,0xfb,0xff,0xf1,0xef,0xfa,0xff,0xf1,0xef,0xfa,0xff,0xf1,0xef,0xfa,0xff,
    0xf1,0xef,0xfa,0xff,0xf1,0xef,0xfa,0xff,0xf1,0xee,0xfa,0xff,0xf1,0xef,0xfa,0xff,
    0xf1,0xef,0xfa,0xff,0xf1,0xef,0xfa,0xff,0xf2,0xf0,0xfa,0xff,0xf1,0xef,0xfb,0xff,
    0xf1,0xee,0xfa,0xff,0xf1,0xee,0xfa,0xff,0xf1,0xee,0xfa,0xff,0xf1,0xef,0xfa,0xff,
    0xf1,0xf0,0xfa,0xff,0xf1,0xf0,0xfa,0xff,0xf1,0xf1,0xfb,0xff,0xf1,0xf2,0xfc,0xff,
    0xf4,0xf6,0xff,0xff,0xf5,0xfa,0xff,0xff,0xf6,0xfc,0xff,0xff,0xf1,0xea,0xf3,0xff,
    0xe3,0xb1,0xca,0xff,0xdb,0x74,0xa3,0xff,0xe1,0x77,0xa8,0xff,0xe2,0x7e,0xac,0xff,
    0xe2,0x7e,0xab,0xff,0xe2,0x7f,0xab,0xff,0xe0,0x7e,0xa7,0xff,0xdd,0x8a,0xa2,0xff,
    0xd9,0x82,0x96,0xff,0xdc,0x7e,0x97,0xff,0xd6,0x81,0x9e,0xff,0xda,0x9b,0xc9,0xff,
    0xdd,0x9e,0xca,0xff,0xde,0xa1,0xcc,0xff,0xdf,0xa3,0xce,0xff,0xdf,0xa5,0xcf,0xff,
    0xdf,0xa5,0xcf,0xff,0xde,0xa5,0xce,0xff,0xdd,0xa7,0xcd,0xfd,0xeb,0xb8,0xdb,0xff,
    0xde,0xb4,0xd0,0xc2,0x00,0x00,0x00,0x00,0x00,0x00,0x00,0x00,0x00,0x00,0x00,0x00,
    0x00,0x00,0x00,0x00,0x00,0x00,0x00,0x00,0x00,0x00,0x00,0x00,0xe2,0xb9,0xd4,0xe6,
    0xf0,0xc2,0xe7,0xff,0xeb,0xbd,0xe2,0xfe,0xea,0xb5,0xdf,0xff,0xea,0xb2,0xdd,0xff,
    0xe9,0xb0,0xdc,0xff,0xe9,0xae,0xdc,0xff,0xe8,0xad,0xdb,0xff,0xe9,0xac,0xda,0xff,
    0xe7,0xad,0xd9,0xff,0xe9,0xa6,0xd2,0xff,0xf2,0x9d,0xc6,0xff,0xf1,0x9f,0xc6,0xff,
    0xec,0x91,0xbc,0xff,0xe8,0x7e,0xae,0xff,0xe8,0xa3,0xc2,0xff,0xfb,0xf6,0xf7,0xff,
    0xff,0xff,0xff,0xff,0xf8,0xf9,0xfe,0xff,0xf4,0xf2,0xfb,0xff,0xf0,0xef,0xfa,0xff,
    0xee,0xed,0xf9,0xff,0xee,0xec,0xf9,0xff,0xee,0xeb,0xf9,0xff,0xed,0xeb,0xf8,0xff,
    0xec,0xea,0xf8,0xff,0xed,0xea,0xf8,0xff,0xed,0xeb,0xf8,0xff,0xed,0xeb,0xf8,0xff,
    0xee,0xeb,0xf8,0xff,0xee,0xeb,0xf8,0xff,0xee,0xeb,0xf8,0xff,0xee,0xea,0xf7,0xff,
    0xed,0xea,0xf7,0xff,0xed,0xe9,0xf7,0xff,0xed,0xe9,0xf8,0xff,0xed,0xe9,0xf7,0xff,
    0xee,0xeb,0xf7,0xff,0xed,0xea,0xf7,0xff,0xec,0xe9,0xf7,0xff,0xec,0xe9,0xf7,0xff,
    0xec,0xe9,0xf6,0xff,0xec,0xea,0xf6,0xff,0xec,0xea,0xf7,0xff,0xec,0xe9,0xf7,0xff,
    0xeb,0xe9,0xf7,0xff,0xeb,0xe9,0xf7,0xff,0xeb,0xe9,0xf6,0xff,0xeb,0xe8,0xf6,0xff,
    0xea,0xe8,0xf6,0xff,0xea,0xe8,0xf6,0xff,0xea,0xe8,0xf6,0xff,0xea,0xe8,0xf6,0xff,
    0xea,0xe8,0xf6,0xff,0xeb,0xe9,0xf6,0xff,0xeb,0xe9,0xf6,0xff,0xea,0xe9,0xf6,0xff,
    0xea,0xe9,0xf6,0xff,0xea,0xe9,0xf6,0xff,0xea,0xe9,0xf6,0xff,0xea,0xe9,0xf6,0xff,
    0xea,0xe9,0xf5,0xff,0xea,0xe9,0xf5,0xff,0xe9,0xe9,0xf6,0xff,0xe9,0xe8,0xf5,0xff,
    0xe9,0xe8,0xf5,0xff,0xeb,0xe9,0xf6,0xff,0xed,0xeb,0xf7,0xff,0xf0,0xf0,0xfb,0xff,
    0xf2,0xf8,0xff,0xff,0xe6,0xcf,0xe0,0xff,0xd8,0x79,0xa4,0xff,0xe1,0x79,0xa8,0xff,
    0xe2,0x80,0xac,0xff,0xe1,0x7d,0xaa,0xff,0xdf,0x78,0xa5,0xff,0xdc,0x7c,0xa1,0xff,
    0xd6,0x87,0x9a,0xff,0xd7,0x7c,0x94,0xff,0xd5,0x76,0x8d,0xff,0xd4,0x8d,0xb3,0xff,
    0xda,0x9e,0xca,0xff,0xdc,0x9f,0xc9,0xff,0xdd,0xa1,0xcc,0xff,0xdd,0xa4,0xcd,0xff,
    0xde,0xa4,0xce,0xff,0xdd,0xa4,0xcd,0xff,0xdd,0xa7,0xcd,0xfd,0xeb,0xb8,0xdb,0xff,
    0xdc,0xb4,0xcf,0xc7,0x00,0x00,0x00,0x00,0x00,0x00,0x00,0x00,0x00,0x00,0x00,0x00,
    0x00,0x00,0x00,0x00,0x00,0x00,0x00,0x00,0x00,0x00,0x00,0x00,0xe3,0xb8,0xd5,0xe8,
    0xef,0xc1,0xe6,0xff,0xec,0xbe,0xe3,0xfe,0xeb,0xb6,0xe0,0xff,0xea,0xb2,0xde,0xff,
    0xe9,0xb0,0xdc,0xff,0xe9,0xae,0xdc,0xff,0xe8,0xad,0xdb,0xff,0xe8,0xac,0xd9,0xff,
    0xe7,0xac,0xd8,0xff,0xed,0x9e,0xc8,0xff,0xf1,0x9c,0xc5,0xff,0xec,0x93,0xbe,0xff,
    0xe6,0x7c,0xac,0xff,0xe7,0xa1,0xc0,0xff,0xfd,0xfd,0xfd,0xff,0xfd,0xfe,0xff,0xff,
    0xf4,0xf2,0xfb,0xff,0xee,0xee,0xfa,0xff,0xed,0xec,0xf9,0xff,0xec,0xeb,0xf8,0xff,
    0xec,0xea,0xf7,0xff,0xec,0xea,0xf7,0xff,0xec,0xea,0xf7,0xff,0xec,0xea,0xf7,0xff,
    0xec,0xe9,0xf7,0xff,0xec,0xe9,0xf7,0xff,0xeb,0xe9,0xf6,0xff,0xec,0xe9,0xf7,0xff,
    0xed,0xe9,0xf7,0xff,0xed,0xe9,0xf6,0xff,0xed,0xe9,0xf7,0xff,0xed,0xe9,0xf7,0xff,
    0xed,0xe9,0xf6,0xff,0xec,0xe8,0xf6,0xff,0xec,0xe9,0xf7,0xff,0xec,0xea,0xf7,0xff,
    0xec,0xea,0xf7,0xff,0xeb,0xe8,0xf6,0xff,0xeb,0xe9,0xf6,0xff,0xeb,0xe8,0xf5,0xff,
    0xeb,0xe8,0xf5,0xff,0xeb,0xe8,0xf5,0xff,0xeb,0xe8,0xf6,0xff,0xeb,0xe8,0xf5,0xff,
    0xea,0xe8,0xf5,0xff,0xea,0xe7,0xf6,0xff,0xea,0xe8,0xf6,0xff,0xea,0xe8,0xf5,0xff,
    0xea,0xe7,0xf6,0xff,0xe9,0xe7,0xf5,0xff,0xea,0xe8,0xf5,0xff,0xea,0xe8,0xf5,0xff,
    0xea,0xe8,0xf6,0xff,0xeb,0xe8,0xf6,0xff,0xea,0xe8,0xf6,0xff,0xe9,0xe8,0xf6,0xff,
    0xea,0xe9,0xf6,0xff,0xe9,0xe8,0xf6,0xff,0xe9,0xe8,0xf5,0xff,0xe9,0xe8,0xf5,0xff,
    0xe9,0xe9,0xf5,0xff,0xe8,0xe7,0xf5,0xff,0xe7,0xe7,0xf5,0xff,0xe7,0xe7,0xf5,0xff,
    0xe7,0xe7,0xf4,0xff,0xe8,0xe7,0xf4,0xff,0xe9,0xe8,0xf5,0xff,0xe9,0xe8,0xf5,0xff,
    0xea,0xe7,0xf3,0xff,0xed,0xf3,0xfc,0xff,0xe4,0xd7,0xe4,0xff,0xd7,0x7b,0xa2,0xff,
    0xe1,0x7a,0xa9,0xff,0xdf,0x7a,0xa8,0xff,0xdf,0x79,0xa6,0xff,0xda,0x72,0x9c,0xff,
    0xd7,0x80,0x9d,0xff,0xd2,0x7f,0x92,0xff,0xd4,0x77,0x8e,0xff,0xce,0x7f,0x9b,0xff,
    0xd7,0x9b,0xc6,0xff,0xda,0x9d,0xc7,0xff,0xdb,0x9f,0xca,0xff,0xdd,0xa2,0xcc,0xff,
    0xdd,0xa4,0xcd,0xff,0xdd,0xa4,0xcd,0xff,0xdd,0xa7,0xcd,0xfd,0xeb,0xb9,0xdb,0xff,
    0xde,0xb6,0xd1,0xc9,0x00,0x00,0x00,0x00,0x00,0x00,0x00,0x00,0x00,0x00,0x00,0x00,
    0x00,0x00,0x00,0x00,0x00,0x00,0x00,0x00,0x00,0x00,0x00,0x00,0xe3,0xb9,0xd4,0xec,
    0xef,0xc1,0xe6,0xff,0xec,0xbe,0xe3,0xfe,0xeb,0xb6,0xe0,0xff,0xea,0xb2,0xdd,0xff,
    0xea,0xb0,0xdc,0xff,0xe9,0xaf,0xdc,0xff,0xe9,0xae,0xdb,0xff,0xe7,0xac,0xd9,0xff,
    0xe8,0xa5,0xd2,0xff,0xef,0x97,0xc1,0xff,0xee,0x99,0xc2,0xff,0xe8,0x86,0xb4,0xff,
    0xe5,0x90,0xb7,0xff,0xf9,0xf6,0xf9,0xff,0xfc,0xfc,0xff,0xff,0xf2,0xf1,0xfa,0xff,
    0xed,0xec,0xf9,0xff,0xec,0xeb,0xf7,0xff,0xec,0xeb,0xf7,0xff,0xec,0xea,0xf7,0xff,
    0xec,0xe9,0xf7,0xff,0xec,0xe9,0xf7,0xff,0xeb,0xe8,0xf6,0xff,0xec,0xe8,0xf6,0xff,
    0xec,0xe8,0xf6,0xff,0xec,0xe8,0xf7,0xff,0xec,0xe8,0xf7,0xff,0xec,0xe8,0xf6,0xff,
    0xec,0xe8,0xf6,0xff,0xec,0xe8,0xf6,0xff,0xed,0xe8,0xf6,0xff,0xec,0xe9,0xf6,0xff,
    0xec,0xe8,0xf6,0xff,0xec,0xe8,0xf6,0xff,0xec,0xe8,0xf6,0xff,0xec,0xe8,0xf6,0xff,
    0xec,0xe8,0xf6,0xff,0xeb,0xe7,0xf6,0xff,0xeb,0xe7,0xf5,0xff,0xeb,0xe7,0xf6,0xff,
    0xeb,0xe8,0xf5,0xff,0xeb,0xe7,0xf5,0xff,0xeb,0xe7,0xf5,0xff,0xea,0xe7,0xf5,0xff,
    0xea,0xe7,0xf5,0xff,0xea,0xe7,0xf6,0xff,0xea,0xe7,0xf6,0xff,0xea,0xe7,0xf5,0xff,
    0xea,0xe6,0xf5,0xff,0xeb,0xe7,0xf5,0xff,0xeb,0xe7,0xf5,0xff,0xea,0xe7,0xf6,0xff,
    0xea,0xe7,0xf6,0xff,0xea,0xe6,0xf5,0xff,0xea,0xe7,0xf5,0xff,0xea,0xe7,0xf5,0xff,
    0xea,0xe6,0xf5,0xff,0xe9,0xe7,0xf5,0xff,0xe9,0xe8,0xf5,0xff,0xe9,0xe8,0xf5,0xff,
    0xe8,0xe7,0xf4,0xff,0xe8,0xe7,0xf4,0xff,0xe7,0xe7,0xf4,0xff,0xe7,0xe6,0xf4,0xff,
    0xe7,0xe6,0xf4,0xff,0xe7,0xe7,0xf4,0xff,0xe7,0xe7,0xf4,0xff,0xe7,0xe7,0xf3,0xff,
    0xe8,0xe7,0xf4,0xff,0xe8,0xe6,0xf3,0xff,0xec,0xf1,0xfb,0xff,0xdb,0xbd,0xce,0xff,
    0xd6,0x6a,0x99,0xff,0xdf,0x78,0xa7,0xff,0xde,0x78,0xa6,0xff,0xdb,0x72,0x9f,0xff,
    0xd5,0x72,0x99,0xff,0xd1,0x80,0x95,0xff,0xd2,0x78,0x8f,0xff,0xcd,0x74,0x8c,0xff,
    0xd4,0x92,0xbb,0xff,0xd9,0x9a,0xc6,0xff,0xd8,0x9b,0xc8,0xff,0xdb,0x9f,0xcb,0xff,
    0xdd,0xa3,0xcc,0xff,0xdc,0xa4,0xcc,0xff,0xdb,0xa6,0xcc,0xfe,0xe9,0xb6,0xd9,0xff,
    0xdc,0xba,0xd0,0xd8,0x00,0x00,0x00,0x00,0x00,0x00,0x00,0x00,0x00,0x00,0x00,0x00,
    0x00,0x00,0x00,0x00,0x00,0x00,0x00,0x00,0x00,0x00,0x00,0x00,0xe4,0xba,0xd5,0xed,
    0xef,0xc2,0xe6,0xff,0xed,0xbe,0xe3,0xfe,0xeb,0xb6,0xdf,0xff,0xea,0xb2,0xdd,0xff,
    0xea,0xb0,0xdb,0xff,0xe9,0xaf,0xdb,0xff,0xe8,0xad,0xda,0xff,0xe6,0xad,0xd9,0xff,
    0xe9,0x9b,0xc8,0xff,0xef,0x92,0xbd,0xff,0xea,0x8f,0xbb,0xff,0xe2,0x7d,0xac,0xff,
    0xf1,0xd5,0xe3,0xff,0xfe,0xff,0xff,0xff,0xf2,0xf1,0xfa,0xff,0xed,0xec,0xf9,0xff,
    0xec,0xea,0xf7,0xff,0xec,0xea,0xf8,0xff,0xec,0xea,0xf7,0xff,0xec,0xe9,0xf7,0xff,
    0xec,0xe8,0xf7,0xff,0xec,0xe8,0xf7,0xff,0xeb,0xe7,0xf7,0xff,0xe8,0xe4,0xf4,0xff,
    0xe7,0xe1,0xf2,0xff,0xe6,0xdd,0xf0,0xff,0xe5,0xda,0xee,0xff,0xe5,0xd8,0xed,0xff,
    0xe5,0xd8,0xec,0xff,0xe5,0xd8,0xec,0xff,0xe5,0xd9,0xec,0xff,0xe5,0xd9,0xed,0xff,
    0xe5,0xd9,0xed,0xff,0xe5,0xd9,0xec,0xff,0xe6,0xd9,0xec,0xff,0xe6,0xd8,0xec,0xff,
    0xe5,0xd8,0xec,0xff,0xe5,0xd8,0xeb,0xff,0xe3,0xd8,0xeb,0xff,0xe3,0xd7,0xeb,0xff,
    0xe3,0xd8,0xeb,0xff,0xe3,0xd7,0xea,0xff,0xe4,0xd7,0xeb,0xff,0xe3,0xd7,0xec,0xff,
    0xe3,0xd8,0xec,0xff,0xe3,0xd8,0xeb,0xff,0xe2,0xd7,0xeb,0xff,0xe3,0xd7,0xeb,0xff,
    0xe4,0xd9,0xec,0xff,0xe4,0xd8,0xec,0xff,0xe4,0xd9,0xec,0xff,0xe4,0xdb,0xed,0xff,
    0xe4,0xdd,0xef,0xff,0xe6,0xe1,0xf1,0xff,0xe8,0xe5,0xf3,0xff,0xe9,0xe6,0xf4,0xff,
    0xe9,0xe5,0xf4,0xff,0xe9,0xe5,0xf4,0xff,0xe9,0xe6,0xf5,0xff,0xe8,0xe6,0xf5,0xff,
    0xe8,0xe6,0xf4,0xff,0xe7,0xe6,0xf4,0xff,0xe6,0xe6,0xf4,0xff,0xe6,0xe5,0xf4,0xff,
    0xe6,0xe5,0xf3,0xff,0xe6,0xe5,0xf3,0xff,0xe6,0xe6,0xf2,0xff,0xe6,0xe6,0xf3,0xff,
    0xe6,0xe6,0xf3,0xff,0xe7,0xe6,0xf4,0xff,0xe6,0xe3,0xf1,0xff,0xe2,0xe5,0xef,0xff,
    0xcd,0x87,0xa5,0xff,0xdb,0x6a,0x9d,0xff,0xde,0x79,0xa7,0xff,0xdb,0x73,0xa2,0xff,
    0xd2,0x6a,0x94,0xff,0xd0,0x7a,0x95,0xff,0xd1,0x78,0x8f,0xff,0xcd,0x6d,0x83,0xff,
    0xcf,0x86,0xab,0xff,0xd7,0x97,0xc4,0xff,0xd8,0x99,0xc5,0xff,0xda,0x9e,0xca,0xff,
    0xdc,0xa2,0xcb,0xff,0xdc,0xa3,0xcc,0xff,0xdb,0xa5,0xcb,0xfe,0xe8,0xb4,0xd8,0xff,
    0xdb,0xb8,0xcf,0xda,0x00,0x00,0x00,0x00,0x00,0x00,0x00,0x00,0x00,0x00,0x00,0x00,
    0x00,0x00,0x00,0x00,0x00,0x00,0x00,0x00,0x00,0x00,0x00,0x00,0xe5,0xba,0xd5,0xed,
    0xee,0xc1,0xe6,0xff,0xec,0xbd,0xe3,0xfe,0xea,0xb7,0xdf,0xff,0xe9,0xb2,0xdc,0xff,
    0xe9,0xb0,0xdb,0xff,0xe8,0xaf,0xdb,0xff,0xe8,0xae,0xda,0xff,0xe6,0xac,0xd7,0xff,
    0xe9,0x93,0xc0,0xff,0xec,0x8f,0xbc,0xff,0xe7,0x80,0xb2,0xff,0xe2,0x92,0xb8,0xff,
    0xf8,0xfc,0xfd,0xff,0xf5,0xf6,0xfc,0xff,0xed,0xed,0xf8,0xff,0xec,0xea,0xf7,0xff,
    0xec,0xea,0xf8,0xff,0xec,0xea,0xf7,0xff,0xeb,0xe8,0xf6,0xff,0xec,0xe7,0xf6,0xff,
    0xea,0xe7,0xf5,0xff,0xe6,0xdf,0xf1,0xff,0xe6,0xd3,0xeb,0xff,0xe9,0xcc,0xe8,0xff,
    0xec,0xc6,0xe6,0xff,0xed,0xc2,0xe5,0xff,0xee,0xbe,0xe4,0xff,0xed,0xbc,0xe3,0xff,
    0xed,0xbb,0xe2,0xff,0xed,0xbb,0xe2,0xff,0xed,0xbb,0xe2,0xff,0xee,0xbc,0xe2,0xff,
    0xee,0xbd,0xe2,0xff,0xee,0xbc,0xe3,0xff,0xee,0xbc,0xe2,0xff,0xed,0xbb,0xe1,0xff,
    0xed,0xbb,0xe1,0xff,0xed,0xbb,0xe1,0xff,0xec,0xba,0xe0,0xff,0xeb,0xba,0xe0,0xff,
    0xec,0xb9,0xe0,0xff,0xed,0xb9,0xe1,0xff,0xec,0xba,0xe1,0xff,0xec,0xbb,0xe1,0xff,
    0xec,0xbc,0xe2,0xff,0xec,0xbc,0xe1,0xff,0xeb,0xb9,0xe0,0xff,0xea,0xb9,0xdf,0xff,
    0xec,0xba,0xe0,0xff,0xeb,0xba,0xe0,0xff,0xeb,0xb9,0xe0,0xff,0xea,0xb9,0xdf,0xff,
    0xe9,0xbc,0xe0,0xff,0xe6,0xbe,0xe0,0xff,0xe2,0xc2,0xe1,0xff,0xe0,0xcd,0xe5,0xff,
    0xe2,0xdd,0xee,0xff,0xe7,0xe4,0xf3,0xff,0xe8,0xe3,0xf3,0xff,0xe8,0xe4,0xf3,0xff,
    0xe7,0xe4,0xf4,0xff,0xe6,0xe5,0xf4,0xff,0xe5,0xe5,0xf2,0xff,0xe6,0xe4,0xf3,0xff,
    0xe5,0xe5,0xf3,0xff,0xe5,0xe5,0xf3,0xff,0xe6,0xe5,0xf3,0xff,0xe5,0xe4,0xf3,0xff,
    0xe5,0xe4,0xf2,0xff,0xe5,0xe4,0xf2,0xff,0xe4,0xe2,0xf0,0xff,0xe2,0xe5,0xf2,0xff,
    0xcd,0xb7,0xc6,0xff,0xcf,0x61,0x92,0xff,0xde,0x75,0xa7,0xff,0xda,0x72,0xa1,0xff,
    0xcf,0x65,0x92,0xff,0xce,0x71,0x92,0xff,0xcf,0x78,0x8f,0xff,0xcc,0x6b,0x7f,0xff,
    0xca,0x7c,0x9c,0xff,0xd4,0x94,0xc1,0xff,0xd7,0x98,0xc3,0xff,0xd8,0x9d,0xc8,0xff,
    0xdb,0xa0,0xca,0xff,0xdb,0xa1,0xcb,0xff,0xda,0xa4,0xca,0xfe,0xe8,0xb5,0xd8,0xff,
    0xd9,0xb7,0xcd,0xd5,0x00,0x00,0x00,0x00,0x00,0x00,0x00,0x00,0x00,0x00,0x00,0x00,
    0x00,0x00,0x00,0x00,0x00,0x00,0x00,0x00,0x00,0x00,0x00,0x00,0xe4,0xbb,0xd2,0xf8,
    0xed,0xbf,0xe5,0xff,0xec,0xbe,0xe3,0xff,0xea,0xb6,0xdf,0xff,0xe9,0xb2,0xdd,0xff,
    0xe9,0xaf,0xdb,0xff,0xe8,0xae,0xda,0xff,0xe7,0xad,0xda,0xff,0xe6,0xa8,0xd4,0xff,
    0xe9,0x8f,0xba,0xff,0xec,0x8e,0xbc,0xff,0xe3,0x76,0xaa,0xff,0xe7,0xb9,0xd1,0xff,
    0xf8,0xff,0xff,0xff,0xee,0xed,0xf9,0xff,0xec,0xeb,0xf7,0xff,0xec,0xea,0xf7,0xff,
    0xec,0xea,0xf7,0xff,0xec,0xe8,0xf7,0xff,0xeb,0xe7,0xf6,0xff,0xe6,0xdf,0xf2,0xff,
    0xe6,0xce,0xe9,0xff,0xee,0xc7,0xe8,0xff,0xf3,0xc5,0xe9,0xff,0xf2,0xbe,0xe5,0xff,
    0xee,0xb5,0xe1,0xff,0xea,0xae,0xdc,0xff,0xe8,0xab,0xda,0xff,0xe7,0xaa,0xd8,0xff,
    0xe7,0xa9,0xd7,0xff,0xe6,0xa6,0xd7,0xff,0xe6,0xa6,0xd6,0xff,0xe7,0xa7,0xd7,0xff,
    0xe7,0xa8,0xd7,0xff,0xe7,0xa7,0xd6,0xff,0xe6,0xa8,0xd7,0xff,0xe6,0xa8,0xd7,0xff,
    0xe6,0xa7,0xd6,0xff,0xe4,0xa5,0xd4,0xff,0xe4,0xa4,0xd4,0xff,0xe5,0xa4,0xd4,0xff,
    0xe5,0xa4,0xd5,0xff,0xe6,0xa6,0xd6,0xff,0xe6,0xa7,0xd6,0xff,0xe8,0xa9,0xd7,0xff,
    0xe8,0xa8,0xd8,0xff,0xe8,0xa8,0xd8,0xff,0xe8,0xa8,0xd8,0xff,0xe6,0xa6,0xd6,0xff,
    0xe6,0xa6,0xd5,0xff,0xe7,0xa7,0xd6,0xff,0xe7,0xa8,0xd7,0xff,0xe7,0xa7,0xd6,0xff,
    0xe8,0xa7,0xd6,0xff,0xe8,0xa9,0xd8,0xff,0xeb,0xac,0xda,0xff,0xea,0xad,0xd8,0xff,
    0xe1,0xb1,0xd8,0xff,0xdc,0xc6,0xe1,0xff,0xe3,0xdf,0xf0,0xff,0xe7,0xe3,0xf2,0xff,
    0xe7,0xe2,0xf2,0xff,0xe6,0xe3,0xf3,0xff,0xe5,0xe3,0xf3,0xff,0xe5,0xe4,0xf2,0xff,
    0xe5,0xe3,0xf2,0xff,0xe5,0xe4,0xf2,0xff,0xe5,0xe3,0xf2,0xff,0xe4,0xe3,0xf2,0xff,
    0xe4,0xe3,0xf1,0xff,0xe4,0xe2,0xf0,0xff,0xe3,0xe2,0xf0,0xff,0xe2,0xe0,0xef,0xff,
    0xd3,0xd1,0xdd,0xff,0xc4,0x6c,0x92,0xff,0xdc,0x6e,0xa1,0xff,0xda,0x71,0xa1,0xff,
    0xd0,0x64,0x92,0xff,0xca,0x6a,0x8f,0xff,0xcc,0x77,0x8c,0xff,0xca,0x6a,0x7d,0xff,
    0xc8,0x77,0x93,0xff,0xd3,0x92,0xbf,0xff,0xd5,0x96,0xc0,0xff,0xd8,0x9b,0xc6,0xff,
    0xdb,0xa0,0xca,0xff,0xda,0xa1,0xcb,0xff,0xd9,0xa4,0xca,0xfe,0xe6,0xb4,0xd7,0xff,
    0xd8,0xb6,0xcc,0xdb,0x00,0x00,0x00,0x00,0x00,0x00,0x00,0x00,0x00,0x00,0x00,0x00,
    0x00,0x00,0x00,0x00,0x00,0x00,0x00,0x00,0x00,0x00,0x00,0x00,0xe2,0xbd,0xd1,0xff,
    0xeb,0xbd,0xe3,0xff,0xeb,0xbd,0xe3,0xff,0xea,0xb5,0xdf,0xff,0xe8,0xb0,0xdc,0xff,
    0xe7,0xaf,0xdb,0xff,0xe8,0xad,0xda,0xff,0xe6,0xad,0xda,0xff,0xe5,0xa2,0xcf,0xff,
    0xe8,0x8a,0xb7,0xff,0xea,0x8b,0xb9,0xff,0xdf,0x78,0xaa,0xff,0xec,0xd9,0xe6,0xff,
    0xf6,0xfa,0xff,0xff,0xed,0xeb,0xf8,0xff,0xec,0xea,0xf7,0xff,0xec,0xeb,0xf7,0xff,
    0xec,0xe8,0xf6,0xff,0xeb,0xe8,0xf6,0xff,0xe4,0xda,0xef,0xff,0xe8,0xc7,0xe6,0xff,
    0xf3,0xc3,0xe6,0xff,0xed,0xb8,0xe1,0xff,0xe6,0xab,0xd9,0xff,0xe2,0xa1,0xd3,0xff,
    0xe1,0x9f,0xd1,0xff,0xdf,0x9d,0xce,0xff,0xe0,0x9e,0xd0,0xff,0xe2,0x9f,0xd1,0xff,
    0xe1,0x9e,0xd0,0xff,0xe1,0x9c,0xcf,0xff,0xe2,0x9d,0xd0,0xff,0xe2,0x9d,0xcf,0xff,
    0xe2,0x9d,0xcf,0xff,0xe2,0x9e,0xd0,0xff,0xe1,0x9e,0xcf,0xff,0xe0,0x9d,0xce,0xff,
    0xde,0x9a,0xcd,0xff,0xdd,0x97,0xcc,0xff,0xdc,0x96,0xca,0xff,0xdd,0x99,0xcc,0xff,
    0xde,0x9a,0xcc,0xff,0xdc,0x97,0xca,0xff,0xdd,0x9a,0xcc,0xff,0xde,0x9a,0xcc,0xff,
    0xdf,0x98,0xcc,0xff,0xdf,0x99,0xcc,0xff,0xdf,0x9a,0xcc,0xff,0xde,0x99,0xcb,0xff,
    0xde,0x98,0xcb,0xff,0xdf,0x99,0xcb,0xff,0xde,0x9a,0xcc,0xff,0xde,0x99,0xca,0xff,
    0xdd,0x97,0xc9,0xff,0xde,0x99,0xca,0xff,0xe0,0x9e,0xcd,0xff,0xe2,0xa3,0xd1,0xff,
    0xe6,0xa4,0xd3,0xff,0xe1,0xa0,0xcf,0xff,0xd9,0xb0,0xd4,0xff,0xe1,0xd9,0xeb,0xff,
    0xe6,0xe1,0xf2,0xff,0xe5,0xe0,0xf1,0xff,0xe5,0xe1,0xf2,0xff,0xe5,0xe2,0xf2,0xff,
    0xe4,0xe2,0xf2,0xff,0xe4,0xe2,0xf1,0xff,0xe4,0xe2,0xf2,0xff,0xe4,0xe2,0xf1,0xff,
    0xe4,0xe2,0xf1,0xff,0xe2,0xe1,0xf0,0xff,0xe3,0xe1,0xf0,0xff,0xe1,0xde,0xee,0xff,
    0xd8,0xdb,0xe7,0xff,0xbd,0x7c,0x99,0xff,0xd6,0x65,0x98,0xff,0xd9,0x72,0xa1,0xff,
    0xcf,0x64,0x92,0xff,0xc7,0x65,0x8c,0xff,0xc9,0x75,0x8a,0xff,0xc7,0x68,0x78,0xff,
    0xc5,0x71,0x8b,0xff,0xd1,0x8f,0xbc,0xff,0xd4,0x93,0xbe,0xff,0xd7,0x9a,0xc5,0xff,
    0xd9,0x9f,0xc9,0xff,0xda,0xa1,0xca,0xff,0xd9,0xa4,0xca,0xfe,0xe6,0xb3,0xd7,0xff,
    0xd8,0xb6,0xcc,0xdb,0x00,0x00,0x00,0x00,0x00,0x00,0x00,0x00,0x00,0x00,0x00,0x00,
    0x00,0x00,0x00,0x00,0x00,0x00,0x00,0x00,0x00,0x00,0x00,0x00,0xe0,0xba,0xd0,0xf9,
    0xea,0xbd,0xe3,0xff,0xea,0xbb,0xe2,0xff,0xe8,0xb3,0xde,0xff,0xe7,0xaf,0xdb,0xff,
    0xe7,0xae,0xda,0xff,0xe6,0xad,0xd9,0xff,0xe6,0xab,0xd9,0xff,0xe5,0x9d,0xcb,0xff,
    0xe8,0x87,0xb5,0xff,0xe8,0x85,0xb5,0xff,0xdf,0x82,0xaf,0xff,0xf0,0xeb,0xf4,0xff,
    0xf3,0xf4,0xfd,0xff,0xed,0xea,0xf7,0xff,0xec,0xea,0xf7,0xff,0xec,0xe8,0xf7,0xff,
    0xea,0xe9,0xf7,0xff,0xe3,0xd7,0xed,0xff,0xeb,0xc3,0xe5,0xff,0xf2,0xc0,0xe5,0xff,
    0xe5,0xaa,0xd7,0xff,0xe0,0x9f,0xd0,0xff,0xdf,0x9c,0xcf,0xff,0xe0,0x9b,0xce,0xff,
    0xde,0x9a,0xcc,0xff,0xe5,0xa1,0xd4,0xff,0xdb,0x96,0xca,0xff,0xd2,0x89,0xc0,0xff,
    0xd3,0x8a,0xc3,0xff,0xd6,0x8f,0xc4,0xff,0xd5,0x8e,0xc3,0xff,0xd4,0x8e,0xc2,0xff,
    0xd5,0x8e,0xc3,0xff,0xd4,0x8e,0xc3,0xff,0xd3,0x8c,0xc2,0xff,0xd1,0x89,0xbf,0xff,
    0xcf,0x86,0xbe,0xff,0xcd,0x85,0xbd,0xff,0xcf,0x89,0xbf,0xff,0xd1,0x8d,0xc1,0xff,
    0xd7,0x91,0xc5,0xff,0xe1,0x95,0xcd,0xff,0xdc,0x94,0xc9,0xff,0xde,0x97,0xcb,0xff,
    0xde,0x97,0xcb,0xff,0xde,0x97,0xcb,0xff,0xde,0x97,0xcb,0xff,0xde,0x98,0xcb,0xff,
    0xde,0x98,0xcb,0xff,0xde,0x97,0xca,0xff,0xdd,0x96,0xc9,0xff,0xdc,0x96,0xc9,0xff,
    0xdc,0x97,0xc9,0xff,0xdc,0x96,0xc8,0xff,0xdc,0x96,0xc8,0xff,0xdb,0x97,0xc8,0xff,
    0xdb,0x98,0xc9,0xff,0xdf,0x9d,0xcc,0xff,0xe1,0x98,0xca,0xff,0xd6,0xa3,0xcc,0xff,
    0xdd,0xd5,0xe9,0xff,0xe5,0xdf,0xf1,0xff,0xe4,0xde,0xf1,0xff,0xe4,0xe0,0xf2,0xff,
    0xe3,0xe1,0xf2,0xff,0xe3,0xe1,0xf1,0xff,0xe3,0xe1,0xf1,0xff,0xe3,0xe0,0xf1,0xff,
    0xe3,0xe0,0xf0,0xff,0xe1,0xe0,0xef,0xff,0xe1,0xe0,0xef,0xff,0xe1,0xde,0xed,0xff,
    0xda,0xdd,0xeb,0xff,0xbb,0x89,0xa2,0xff,0xd0,0x5e,0x90,0xff,0xd8,0x73,0xa2,0xff,
    0xce,0x64,0x93,0xff,0xc4,0x61,0x8a,0xff,0xc8,0x74,0x8b,0xff,0xc5,0x65,0x74,0xff,
    0xc1,0x6c,0x85,0xff,0xcf,0x8c,0xb9,0xff,0xd1,0x91,0xbc,0xff,0xd5,0x99,0xc4,0xff,
    0xd8,0x9e,0xc7,0xff,0xd9,0xa0,0xc8,0xff,0xd9,0xa2,0xc9,0xfe,0xe7,0xb4,0xd8,0xff,
    0xda,0xb8,0xcd,0xda,0x00,0x00,0x00,0x00,0x00,0x00,0x00,0x00,0x00,0x00,0x00,0x00,
    0x00,0x00,0x00,0x00,0x00,0x00,0x00,0x00,0x00,0x00,0x00,0x00,0xe1,0xb8,0xd1,0xf7,
    0xeb,0xbd,0xe4,0xff,0xe9,0xba,0xe1,0xff,0xe8,0xb3,0xde,0xff,0xe8,0xaf,0xdc,0xff,
    0xe8,0xae,0xda,0xff,0xe7,0xac,0xd8,0xff,0xe5,0xaa,0xd9,0xff,0xe5,0x99,0xc6,0xff,
    0xe9,0x86,0xb3,0xff,0xe6,0x80,0xb1,0xff,0xdf,0x8e,0xb4,0xff,0xf1,0xf3,0xfb,0xff,
    0xf0,0xef,0xfa,0xff,0xec,0xe9,0xf7,0xff,0xeb,0xe8,0xf7,0xff,0xeb,0xe9,0xf7,0xff,
    0xe4,0xdb,0xef,0xff,0xed,0xbf,0xe5,0xff,0xf1,0xba,0xe3,0xff,0xe2,0xa2,0xd3,0xff,
    0xdf,0x9c,0xcf,0xff,0xde,0x9b,0xcd,0xff,0xde,0x9a,0xcd,0xff,0xdd,0x99,0xcc,0xff,
    0xe1,0x97,0xce,0xff,0xa4,0x5f,0x92,0xff,0x63,0x29,0x52,0xff,0x69,0x2d,0x58,0xff,
    0x6c,0x2d,0x5b,0xff,0x72,0x32,0x60,0xff,0x74,0x34,0x62,0xff,0x76,0x35,0x64,0xff,
    0x75,0x34,0x63,0xff,0x72,0x32,0x60,0xff,0x6d,0x2e,0x5c,0xff,0x6b,0x2d,0x59,0xff,
    0x6a,0x2d,0x59,0xff,0x69,0x2e,0x59,0xff,0x6b,0x2f,0x5a,0xff,0x6b,0x30,0x5a,0xff,
    0x61,0x29,0x4f,0xff,0x98,0x55,0x84,0xff,0xdf,0x90,0xca,0xff,0xdc,0x93,0xc8,0xff,
    0xde,0x96,0xcb,0xff,0xdd,0x95,0xca,0xff,0xdd,0x95,0xca,0xff,0xdd,0x95,0xca,0xff,
    0xde,0x96,0xca,0xff,0xdd,0x95,0xca,0xff,0xdc,0x94,0xc8,0xff,0xdc,0x94,0xc8,0xff,
    0xdb,0x95,0xc8,0xff,0xdb,0x95,0xc8,0xff,0xdb,0x94,0xc7,0xff,0xda,0x94,0xc5,0xff,
    0xd9,0x93,0xc5,0xff,0xd9,0x93,0xc5,0xff,0xdd,0x98,0xc9,0xff,0xdd,0x90,0xc5,0xff,
    0xd0,0xa1,0xca,0xff,0xdd,0xd8,0xec,0xff,0xe4,0xdd,0xf0,0xff,0xe3,0xdf,0xf0,0xff,
    0xe3,0xdf,0xf1,0xff,0xe3,0xdf,0xf1,0xff,0xe2,0xdf,0xf1,0xff,0xe2,0xdf,0xf0,0xff,
    0xe1,0xdf,0xf0,0xff,0xe1,0xdf,0xef,0xff,0xe1,0xe0,0xee,0xff,0xdf,0xdd,0xed,0xff,
    0xdb,0xdd,0xec,0xff,0xb8,0x92,0xa9,0xff,0xca,0x5a,0x8b,0xff,0xd9,0x73,0xa3,0xff,
    0xcd,0x64,0x93,0xff,0xc3,0x5f,0x89,0xff,0xc5,0x71,0x8a,0xff,0xc3,0x62,0x72,0xff,
    0xc0,0x68,0x81,0xff,0xcd,0x89,0xb6,0xff,0xd0,0x90,0xba,0xff,0xd4,0x97,0xc2,0xff,
    0xd7,0x9d,0xc6,0xff,0xd9,0x9e,0xc8,0xff,0xd9,0xa2,0xc9,0xfe,0xe7,0xb4,0xd7,0xff,
    0xda,0xb8,0xcd,0xda,0x00,0x00,0x00,0x00,0x00,0x00,0x00,0x00,0x00,0x00,0x00,0x00,
    0x00,0x00,0x00,0x00,0x00,0x00,0x00,0x00,0x00,0x00,0x00,0x00,0xe0,0xba,0xd0,0xfe,
    0xe9,0xba,0xe2,0xff,0xeb,0xbb,0xe2,0xff,0xe8,0xb3,0xdd,0xff,0xe7,0xaf,0xdb,0xff,
    0xe6,0xad,0xd9,0xff,0xe6,0xaa,0xd7,0xff,0xe4,0xaa,0xd8,0xff,0xe4,0x96,0xc3,0xff,
    0xe7,0x85,0xb3,0xff,0xe5,0x7e,0xaf,0xff,0xdf,0x97,0xba,0xff,0xf2,0xf7,0xfe,0xff,
    0xee,0xed,0xf9,0xff,0xec,0xe9,0xf7,0xff,0xeb,0xe7,0xf6,0xff,0xe6,0xe3,0xf3,0xff,
    0xe8,0xc4,0xe5,0xff,0xf1,0xb9,0xe3,0xff,0xe1,0xa0,0xd2,0xff,0xdf,0x9b,0xcf,0xff,
    0xde,0x9a,0xce,0xff,0xdd,0x98,0xcc,0xff,0xdd,0x98,0xcb,0xff,0xde,0x9a,0xcc,0xff,
    0xde,0x94,0xcb,0xff,0x5d,0x24,0x4a,0xff,0x52,0x1b,0x40,0xff,0x74,0x34,0x62,0xff,
    0x78,0x37,0x67,0xff,0x7c,0x39,0x6b,0xff,0x81,0x3d,0x6f,0xff,0x84,0x3f,0x70,0xff,
    0x80,0x3d,0x6f,0xff,0x7d,0x3a,0x6c,0xff,0x7b,0x38,0x69,0xff,0x78,0x37,0x67,0xff,
    0x76,0x36,0x66,0xff,0x75,0x35,0x65,0xff,0x72,0x31,0x60,0xff,0x6d,0x2f,0x5c,0xff,
    0x5e,0x25,0x4d,0xff,0x63,0x2a,0x4f,0xff,0xd8,0x8d,0xc4,0xff,0xdc,0x92,0xc9,0xff,
    0xdc,0x93,0xc8,0xff,0xdc,0x93,0xc9,0xff,0xdc,0x93,0xc9,0xff,0xdc,0x93,0xc9,0xff,
    0xdb,0x93,0xc9,0xff,0xdb,0x93,0xc9,0xff,0xdb,0x93,0xc8,0xff,0xdb,0x92,0xc7,0xff,
    0xda,0x93,0xc7,0xff,0xd9,0x93,0xc7,0xff,0xd8,0x93,0xc7,0xff,0xd9,0x93,0xc6,0xff,
    0xd9,0x91,0xc4,0xff,0xd8,0x8f,0xc4,0xff,0xd8,0x8f,0xc3,0xff,0xda,0x92,0xc6,0xff,
    0xd4,0x86,0xbd,0xff,0xce,0xb0,0xd1,0xff,0xe1,0xdc,0xef,0xff,0xe3,0xdc,0xef,0xff,
    0xe2,0xde,0xf0,0xff,0xe3,0xdf,0xf1,0xff,0xe2,0xdf,0xf1,0xff,0xe2,0xde,0xf0,0xff,
    0xe1,0xde,0xef,0xff,0xe1,0xde,0xee,0xff,0xdf,0xdd,0xed,0xff,0xde,0xdc,0xec,0xff,
    0xdb,0xdd,0xec,0xff,0xb7,0x99,0xae,0xff,0xc6,0x58,0x88,0xff,0xd9,0x72,0xa2,0xff,
    0xce,0x65,0x93,0xff,0xc2,0x5f,0x88,0xff,0xc3,0x6e,0x89,0xff,0xc0,0x5f,0x6f,0xff,
    0xbf,0x66,0x7f,0xff,0xcb,0x87,0xb3,0xff,0xce,0x8e,0xb8,0xff,0xd3,0x94,0xbf,0xff,
    0xd6,0x9b,0xc4,0xff,0xd8,0x9d,0xc6,0xff,0xd9,0xa1,0xc8,0xfe,0xe7,0xb4,0xd7,0xff,
    0xda,0xb8,0xcd,0xda,0x00,0x00,0x00,0x00,0x00,0x00,0x00,0x00,0x00,0x00,0x00,0x00,
    0x00,0x00,0x00,0x00,0x00,0x00,0x00,0x00,0x00,0x00,0x00,0x00,0xe1,0xb8,0xd1,0xf7,
    0xeb,0xbb,0xe3,0xff,0xeb,0xba,0xe2,0xff,0xe8,0xb3,0xde,0xff,0xe6,0xaf,0xda,0xff,
    0xe6,0xad,0xd9,0xff,0xe5,0xa9,0xd7,0xff,0xe3,0xa9,0xd7,0xff,0xe3,0x95,0xc2,0xff,
    0xe7,0x86,0xb3,0xff,0xe3,0x7b,0xad,0xff,0xe0,0x9e,0xbd,0xff,0xf2,0xf8,0xff,0xff,
    0xee,0xeb,0xf7,0xff,0xec,0xe8,0xf6,0xff,0xea,0xe9,0xf6,0xff,0xe5,0xcf,0xe9,0xff,
    0xf0,0xb9,0xe2,0xff,0xe3,0xa6,0xd4,0xff,0xdf,0x9a,0xce,0xff,0xde,0x99,0xcd,0xff,
    0xdc,0x99,0xcd,0xff,0xdc,0x97,0xcc,0xff,0xdc,0x96,0xcc,0xff,0xdb,0x95,0xca,0xff,
    0xe3,0x9c,0xd0,0xff,0xa7,0x69,0x93,0xff,0x6e,0x36,0x5b,0xff,0x7f,0x40,0x6d,0xff,
    0x87,0x45,0x76,0xff,0x90,0x4b,0x7e,0xff,0x92,0x4d,0x7f,0xff,0x92,0x4e,0x7d,0xff,
    0x90,0x4c,0x7c,0xff,0x8e,0x49,0x7c,0xff,0x8e,0x49,0x7c,0xff,0x8e,0x49,0x7d,0xff,
    0x8b,0x47,0x7b,0xff,0x87,0x45,0x76,0xff,0x80,0x41,0x70,0xff,0x7b,0x3c,0x6a,0xff,
    0x74,0x36,0x60,0xff,0xa0,0x64,0x8d,0xff,0xe0,0x9a,0xd0,0xff,0xd7,0x8f,0xc6,0xff,
    0xda,0x91,0xc8,0xff,0xda,0x90,0xc8,0xff,0xda,0x91,0xc8,0xff,0xda,0x92,0xc8,0xff,
    0xdb,0x92,0xc9,0xff,0xda,0x94,0xc9,0xff,0xda,0x93,0xc8,0xff,0xd9,0x92,0xc7,0xff,
    0xd9,0x92,0xc7,0xff,0xd8,0x92,0xc7,0xff,0xd8,0x92,0xc8,0xff,0xd7,0x91,0xc6,0xff,
    0xd7,0x90,0xc5,0xff,0xd6,0x8e,0xc4,0xff,0xd5,0x8c,0xc2,0xff,0xd6,0x8e,0xc3,0xff,
    0xd7,0x8c,0xc2,0xff,0xc9,0x8c,0xb9,0xff,0xd5,0xcb,0xe1,0xff,0xe1,0xdb,0xee,0xff,
    0xe1,0xdc,0xef,0xff,0xe2,0xdd,0xf0,0xff,0xe2,0xde,0xf0,0xff,0xe1,0xde,0xf0,0xff,
    0xe0,0xdd,0xef,0xff,0xdf,0xdd,0xee,0xff,0xdf,0xdd,0xee,0xff,0xde,0xdc,0xec,0xff,
    0xdb,0xdc,0xec,0xff,0xb5,0x9e,0xb2,0xff,0xc2,0x57,0x86,0xff,0xd8,0x71,0xa1,0xff,
    0xcd,0x65,0x92,0xff,0xc1,0x5d,0x88,0xff,0xc1,0x6e,0x89,0xff,0xbe,0x5d,0x6e,0xff,
    0xbd,0x64,0x7e,0xff,0xc8,0x84,0xb0,0xff,0xcd,0x8c,0xb5,0xff,0xd1,0x92,0xbd,0xff,
    0xd5,0x98,0xc1,0xff,0xd7,0x9c,0xc4,0xff,0xd8,0xa1,0xc8,0xfe,0xe7,0xb3,0xd7,0xff,
    0xd9,0xb7,0xce,0xdb,0x00,0x00,0x00,0x00,0x00,0x00,0x00,0x00,0x00,0x00,0x00,0x00,
    0x00,0x00,0x00,0x00,0x00,0x00,0x00,0x00,0x00,0x00,0x00,0x00,0xe1,0xb7,0xd2,0xf1,
    0xec,0xbd,0xe4,0xff,0xeb,0xba,0xe1,0xfe,0xe8,0xb3,0xdd,0xff,0xe7,0xaf,0xdb,0xff,
    0xe6,0xac,0xd9,0xff,0xe6,0xaa,0xd6,0xff,0xe4,0xaa,0xd7,0xff,0xe3,0x95,0xc1,0xff,
    0xe7,0x86,0xb2,0xff,0xe3,0x79,0xac,0xff,0xe0,0xa1,0xc0,0xff,0xf1,0xf8,0xff,0xff,
    0xec,0xea,0xf6,0xff,0xec,0xe9,0xf7,0xff,0xe6,0xe2,0xf2,0xff,0xe8,0xbb,0xdf,0xff,
    0xe9,0xab,0xd9,0xff,0xdf,0x9c,0xce,0xff,0xde,0x9b,0xce,0xff,0xdd,0x97,0xcc,0xff,
    0xdb,0x96,0xca,0xff,0xdb,0x95,0xca,0xff,0xdb,0x96,0xcb,0xff,0xdc,0x97,0xcb,0xff,
    0xde,0x99,0xcb,0xff,0xe7,0xa4,0xd4,0xff,0xdf,0xa0,0xcd,0xff,0xda,0x95,0xc5,0xff,
    0xd9,0x96,0xc7,0xff,0xdb,0x9b,0xca,0xff,0xd9,0x95,0xc6,0xff,0xd6,0x92,0xc4,0xff,
    0xd7,0x92,0xc4,0xff,0xd7,0x92,0xc3,0xff,0xd8,0x92,0xc4,0xff,0xd7,0x92,0xc4,0xff,
    0xd6,0x90,0xc3,0xff,0xd5,0x90,0xc1,0xff,0xd5,0x91,0xc2,0xff,0xd4,0x8d,0xbf,0xff,
    0xd7,0x90,0xc2,0xff,0xe2,0x9e,0xd0,0xff,0xda,0x92,0xc8,0xff,0xd8,0x92,0xc7,0xff,
    0xd8,0x90,0xc6,0xff,0xd7,0x8e,0xc4,0xff,0xd7,0x8f,0xc5,0xff,0xda,0x91,0xc8,0xff,
    0xda,0x91,0xc8,0xff,0xd9,0x93,0xc8,0xff,0xd9,0x93,0xc8,0xff,0xd8,0x92,0xc8,0xff,
    0xd8,0x92,0xc7,0xff,0xd8,0x92,0xc7,0xff,0xd6,0x90,0xc8,0xff,0xd6,0x90,0xc8,0xff,
    0xd5,0x8f,0xc7,0xff,0xd6,0x8d,0xc5,0xff,0xd5,0x8c,0xc2,0xff,0xd4,0x8e,0xc2,0xff,
    0xd5,0x92,0xc5,0xff,0xca,0x81,0xb5,0xff,0xc4,0xa8,0xca,0xff,0xdd,0xd7,0xed,0xff,
    0xdf,0xd8,0xed,0xff,0xe0,0xdc,0xf0,0xff,0xe1,0xdd,0xf0,0xff,0xe1,0xdd,0xf0,0xff,
    0xe0,0xdd,0xee,0xff,0xdf,0xdd,0xee,0xff,0xdf,0xdc,0xee,0xff,0xde,0xdc,0xed,0xff,
    0xdb,0xdc,0xed,0xff,0xb7,0xa0,0xb4,0xff,0xbf,0x56,0x84,0xff,0xd7,0x6f,0x9f,0xff,
    0xcc,0x64,0x92,0xff,0xc0,0x5d,0x87,0xff,0xc0,0x6e,0x87,0xff,0xbf,0x5e,0x6e,0xff,
    0xbc,0x64,0x7d,0xff,0xc7,0x83,0xaf,0xff,0xcc,0x8b,0xb4,0xff,0xd0,0x91,0xbb,0xff,
    0xd3,0x97,0xc0,0xff,0xd6,0x9a,0xc3,0xff,0xd7,0xa0,0xc6,0xfe,0xe6,0xb3,0xd6,0xff,
    0xda,0xb7,0xce,0xdb,0x00,0x00,0x00,0x00,0x00,0x00,0x00,0x00,0x00,0x00,0x00,0x00,
    0x00,0x00,0x00,0x00,0x00,0x00,0x00,0x00,0x00,0x00,0x00,0x00,0xe1,0xb7,0xd2,0xef,
    0xed,0xbe,0xe4,0xff,0xeb,0xbb,0xe1,0xfe,0xe9,0xb3,0xdd,0xff,0xe7,0xaf,0xdb,0xff,
    0xe6,0xac,0xd8,0xff,0xe6,0xa9,0xd6,0xff,0xe4,0xab,0xd8,0xff,0xe4,0x95,0xc0,0xff,
    0xe7,0x86,0xb2,0xff,0xe3,0x79,0xab,0xff,0xe1,0xa4,0xc2,0xff,0xf1,0xf8,0xff,0xff,
    0xec,0xe9,0xf6,0xff,0xeb,0xea,0xf7,0xff,0xe4,0xd1,0xe9,0xff,0xe9,0xac,0xd9,0xff,
    0xe1,0x9e,0xcf,0xff,0xdf,0x9b,0xcd,0xff,0xde,0x9a,0xcd,0xff,0xdd,0x98,0xcc,0xff,
    0xe1,0x99,0xd0,0xff,0xdf,0x96,0xcf,0xff,0xdd,0x95,0xcd,0xff,0xdd,0x95,0xcd,0xff,
    0xdf,0x99,0xce,0xff,0xdc,0x93,0xc9,0xff,0xde,0x94,0xcb,0xff,0xe3,0x9a,0xd0,0xff,
    0xe1,0x94,0xce,0xff,0xda,0x8b,0xc7,0xff,0xdc,0x8b,0xc9,0xff,0xdd,0x8c,0xc9,0xff,
    0xdd,0x8c,0xc9,0xff,0xde,0x8d,0xca,0xff,0xe0,0x8e,0xcc,0xff,0xde,0x8d,0xcb,0xff,
    0xde,0x8c,0xc9,0xff,0xdf,0x8e,0xca,0xff,0xe0,0x90,0xca,0xff,0xdd,0x8a,0xc7,0xff,
    0xdb,0x87,0xc6,0xff,0xd5,0x86,0xc2,0xff,0xd7,0x8a,0xc4,0xff,0xd9,0x90,0xc8,0xff,
    0xda,0x91,0xc8,0xff,0xd9,0x8d,0xc7,0xff,0xdd,0x92,0xcb,0xff,0xd9,0x90,0xc6,0xff,
    0xda,0x90,0xc7,0xff,0xd8,0x90,0xc7,0xff,0xd8,0x92,0xc7,0xff,0xd8,0x92,0xc8,0xff,
    0xd7,0x92,0xc8,0xff,0xd6,0x92,0xc9,0xff,0xd5,0x91,0xc9,0xff,0xd4,0x90,0xc9,0xff,
    0xd3,0x8f,0xca,0xff,0xd3,0x8f,0xc9,0xff,0xd4,0x8e,0xc7,0xff,0xd6,0x8c,0xc3,0xff,
    0xd8,0x8c,0xc2,0xff,0xd2,0x7e,0xb8,0xff,0xb9,0x86,0xb4,0xff,0xd1,0xcb,0xe5,0xff,
    0xdb,0xd6,0xec,0xff,0xde,0xd8,0xee,0xff,0xdf,0xda,0xef,0xff,0xe0,0xdb,0xef,0xff,
    0xdf,0xdc,0xee,0xff,0xde,0xdc,0xee,0xff,0xde,0xdb,0xed,0xff,0xdd,0xdb,0xec,0xff,
    0xdb,0xdc,0xec,0xff,0xb8,0xa2,0xb6,0xff,0xbf,0x55,0x83,0xff,0xd6,0x6c,0x9c,0xff,
    0xcb,0x62,0x90,0xff,0xbf,0x5c,0x87,0xff,0xbf,0x6d,0x87,0xff,0xbf,0x5e,0x6e,0xff,
    0xbc,0x65,0x7d,0xff,0xc6,0x82,0xad,0xff,0xcb,0x88,0xb2,0xff,0xcf,0x8f,0xb9,0xff,
    0xd3,0x95,0xbf,0xff,0xd5,0x99,0xc2,0xff,0xd7,0x9f,0xc5,0xfe,0xe5,0xb2,0xd5,0xff,
    0xd9,0xb7,0xcd,0xdc,0x00,0x00,0x00,0x00,0x00,0x00,0x00,0x00,0x00,0x00,0x00,0x00,
    0x00,0x00,0x00,0x00,0x00,0x00,0x00,0x00,0x00,0x00,0x00,0x00,0xe2,0xb7,0xd4,0xe9,
    0xee,0xbf,0xe5,0xff,0xea,0xba,0xe1,0xfe,0xe9,0xb3,0xdd,0xff,0xe8,0xaf,0xda,0xff,
    0xe6,0xac,0xd8,0xff,0xe6,0xaa,0xd6,0xff,0xe5,0xaa,0xd7,0xff,0xe3,0x94,0xbf,0xff,
    0xe7,0x85,0xb1,0xff,0xe2,0x78,0xaa,0xff,0xe0,0xa6,0xc4,0xff,0xf1,0xf7,0xff,0xff,
    0xec,0xe8,0xf6,0xff,0xe9,0xe8,0xf5,0xff,0xe6,0xc2,0xe1,0xff,0xe7,0xa4,0xd3,0xff,
    0xde,0x98,0xcb,0xff,0xdf,0x99,0xcc,0xff,0xde,0x99,0xcc,0xff,0xe1,0x99,0xcf,0xff,
    0xa8,0x62,0x96,0xff,0x7d,0x3c,0x69,0xff,0x85,0x43,0x73,0xff,0x80,0x3f,0x6e,0xff,
    0x80,0x40,0x6f,0xff,0x7f,0x3e,0x6f,0xff,0x7e,0x3e,0x6d,0xff,0x7b,0x40,0x6a,0xff,
    0x6e,0x38,0x5e,0xff,0x60,0x2f,0x53,0xff,0x5f,0x2e,0x51,0xff,0x62,0x30,0x51,0xff,
    0x65,0x32,0x54,0xff,0x67,0x34,0x57,0xff,0x68,0x34,0x57,0xff,0x66,0x32,0x55,0xff,
    0x63,0x31,0x52,0xff,0x64,0x32,0x54,0xff,0x67,0x33,0x56,0xff,0x67,0x32,0x56,0xff,
    0x71,0x37,0x5f,0xff,0x75,0x36,0x61,0xff,0x74,0x35,0x61,0xff,0x7e,0x3b,0x6c,0xff,
    0x82,0x3d,0x6f,0xff,0x79,0x37,0x66,0xff,0xa1,0x5a,0x8d,0xff,0xda,0x8f,0xc8,0xff,
    0xd8,0x8e,0xc5,0xff,0xd8,0x90,0xc7,0xff,0xd8,0x91,0xc7,0xff,0xd8,0x92,0xc8,0xff,
    0xd7,0x92,0xc9,0xff,0xd5,0x92,0xc9,0xff,0xd3,0x91,0xc9,0xff,0xd1,0x93,0xcc,0xff,
    0xd0,0x91,0xce,0xff,0xd3,0x86,0xc6,0xff,0xce,0x83,0xc0,0xff,0xc1,0x8b,0xc4,0xff,
    0xb6,0x92,0xc6,0xff,0xb3,0x8e,0xc1,0xff,0xab,0x84,0xb2,0xff,0xc3,0xb6,0xd3,0xff,
    0xdc,0xcc,0xe4,0xff,0xdd,0xd4,0xec,0xff,0xdc,0xd7,0xef,0xff,0xdd,0xd8,0xed,0xff,
    0xdd,0xd9,0xed,0xff,0xdd,0xda,0xec,0xff,0xdd,0xda,0xec,0xff,0xdd,0xda,0xec,0xff,
    0xdb,0xdb,0xec,0xff,0xb6,0xa1,0xb5,0xff,0xbc,0x53,0x81,0xff,0xd4,0x6a,0x9a,0xff,
    0xca,0x60,0x8e,0xff,0xbe,0x5c,0x85,0xff,0xbf,0x6f,0x87,0xff,0xbe,0x5e,0x6e,0xff,
    0xbc,0x65,0x7e,0xff,0xc5,0x82,0xad,0xff,0xc9,0x87,0xb0,0xff,0xce,0x8d,0xb7,0xff,
    0xd2,0x94,0xbd,0xff,0xd5,0x97,0xc1,0xff,0xd7,0x9f,0xc6,0xfd,0xe6,0xb2,0xd7,0xff,
    0xda,0xb3,0xcc,0xd1,0x00,0x00,0x00,0x00,0x00,0x00,0x00,0x00,0x00,0x00,0x00,0x00,
    0x00,0x00,0x00,0x00,0x00,0x00,0x00,0x00,0x00,0x00,0x00,0x00,0xe3,0xb6,0xd4,0xe5,
    0xef,0xc0,0xe5,0xff,0xeb,0xba,0xe1,0xfe,0xe9,0xb3,0xdd,0xff,0xe8,0xaf,0xdb,0xff,
    0xe7,0xad,0xd9,0xff,0xe6,0xaa,0xd5,0xff,0xe4,0xaa,0xd7,0xff,0xe3,0x92,0xbe,0xff,
    0xe6,0x83,0xb0,0xff,0xe2,0x77,0xa9,0xff,0xe0,0xa6,0xc4,0xff,0xf1,0xf7,0xff,0xff,
    0xec,0xe8,0xf5,0xff,0xe7,0xe5,0xf3,0xff,0xe5,0xb5,0xda,0xff,0xe3,0xa0,0xd0,0xff,
    0xdd,0x98,0xc9,0xff,0xde,0x96,0xca,0xff,0xe2,0x9a,0xcf,0xff,0xcb,0x80,0xb8,0xff,
    0x57,0x1f,0x41,0xff,0x65,0x28,0x4e,0xff,0x72,0x32,0x5e,0xff,0x71,0x34,0x5f,0xff,
    0x74,0x35,0x62,0xff,0x7c,0x3b,0x6a,0xff,0x69,0x33,0x59,0xff,0x53,0x2a,0x46,0xff,
    0x4e,0x27,0x42,0xff,0x4a,0x26,0x3e,0xff,0x47,0x24,0x3b,0xff,0x4a,0x24,0x3c,0xff,
    0x4b,0x25,0x3d,0xff,0x4b,0x25,0x3c,0xff,0x49,0x24,0x3b,0xff,0x47,0x22,0x39,0xff,
    0x46,0x21,0x39,0xff,0x47,0x22,0x3a,0xff,0x47,0x22,0x3b,0xff,0x49,0x23,0x3d,0xff,
    0x4f,0x24,0x42,0xff,0x5e,0x29,0x4d,0xff,0x6d,0x2f,0x59,0xff,0x73,0x31,0x5e,0xff,
    0x71,0x30,0x5d,0xff,0x68,0x2a,0x55,0xff,0x61,0x24,0x4b,0xff,0xbf,0x74,0xaa,0xff,
    0xdd,0x91,0xc9,0xff,0xd7,0x8f,0xc5,0xff,0xd9,0x92,0xc7,0xff,0xd8,0x91,0xc7,0xff,
    0xd6,0x90,0xc8,0xff,0xd4,0x90,0xca,0xff,0xd0,0x93,0xcc,0xff,0xd2,0x8e,0xcb,0xff,
    0xca,0x8a,0xc7,0xff,0xaf,0xaa,0xd3,0xff,0x9c,0xd2,0xe8,0xff,0x97,0xe6,0xf6,0xff,
    0x94,0xed,0xfc,0xff,0x8a,0xeb,0xfc,0xff,0x85,0xe1,0xf8,0xff,0x8a,0xd7,0xf2,0xff,
    0xa0,0xca,0xe9,0xff,0xc9,0xc5,0xe3,0xff,0xdc,0xcf,0xe7,0xff,0xd9,0xd4,0xec,0xff,
    0xdb,0xd6,0xec,0xff,0xdb,0xd8,0xec,0xff,0xdc,0xd9,0xec,0xff,0xdc,0xd9,0xeb,0xff,
    0xdb,0xda,0xec,0xff,0xb6,0xa1,0xb5,0xff,0xba,0x52,0x7f,0xff,0xd2,0x69,0x98,0xff,
    0xc9,0x60,0x8e,0xff,0xbd,0x5b,0x85,0xff,0xbf,0x6f,0x88,0xff,0xbe,0x5f,0x6e,0xff,
    0xbb,0x64,0x7d,0xff,0xc4,0x80,0xab,0xff,0xc9,0x86,0xb0,0xff,0xcd,0x8c,0xb6,0xff,
    0xd2,0x93,0xbd,0xff,0xd4,0x97,0xc1,0xff,0xd7,0x9f,0xc6,0xfd,0xe6,0xb2,0xd6,0xff,
    0xd9,0xaf,0xcb,0xca,0x00,0x00,0x00,0x00,0x00,0x00,0x00,0x00,0x00,0x00,0x00,0x00,
    0x00,0x00,0x00,0x00,0x00,0x00,0x00,0x00,0x00,0x00,0x00,0x00,0xe2,0xb6,0xd2,0xe2,
    0xef,0xc0,0xe5,0xff,0xeb,0xba,0xe0,0xfe,0xea,0xb3,0xdd,0xff,0xe8,0xaf,0xdb,0xff,
    0xe7,0xac,0xd8,0xff,0xe5,0xa9,0xd6,0xff,0xe4,0xaa,0xd6,0xff,0xe3,0x91,0xbd,0xff,
    0xe6,0x83,0xb0,0xff,0xe2,0x77,0xa9,0xff,0xe1,0xa6,0xc4,0xff,0xf1,0xf6,0xfe,0xff,
    0xec,0xe8,0xf6,0xff,0xe5,0xdf,0xef,0xff,0xe4,0xaa,0xd6,0xff,0xe1,0x9e,0xce,0xff,
    0xdd,0x97,0xca,0xff,0xdd,0x95,0xc9,0xff,0xe0,0x99,0xce,0xff,0xd1,0x88,0xbd,0xff,
    0x67,0x2a,0x4f,0xff,0x6f,0x2e,0x58,0xff,0x80,0x3b,0x6c,0xff,0x85,0x3d,0x71,0xff,
    0x82,0x3d,0x71,0xff,0x6a,0x36,0x5d,0xff,0x5d,0x33,0x51,0xff,0x5b,0x30,0x4f,0xff,
    0x56,0x2c,0x4b,0xff,0x55,0x2b,0x4a,0xff,0x56,0x2c,0x49,0xff,0x56,0x2c,0x4a,0xff,
    0x56,0x2c,0x49,0xff,0x55,0x2b,0x47,0xff,0x54,0x2a,0x46,0xff,0x54,0x29,0x46,0xff,
    0x53,0x28,0x46,0xff,0x54,0x29,0x47,0xff,0x53,0x29,0x48,0xff,0x54,0x2a,0x49,0xff,
    0x55,0x2b,0x4b,0xff,0x4f,0x26,0x45,0xff,0x6b,0x31,0x5b,0xff,0x83,0x3c,0x6e,0xff,
    0x83,0x3b,0x6f,0xff,0x83,0x39,0x6d,0xff,0x78,0x31,0x61,0xff,0xc4,0x78,0xae,0xff,
    0xdb,0x8f,0xc7,0xff,0xd7,0x8f,0xc5,0xff,0xd8,0x91,0xc7,0xff,0xd7,0x90,0xc7,0xff,
    0xd5,0x8e,0xc8,0xff,0xd1,0x91,0xcb,0xff,0xd2,0x8b,0xc7,0xff,0xbb,0x93,0xc8,0xff,
    0xa0,0xd5,0xec,0xff,0xa4,0xfb,0xff,0xff,0xa7,0xf9,0xff,0xff,0xa0,0xef,0xff,0xff,
    0x94,0xe9,0xfe,0xff,0x84,0xe3,0xfe,0xff,0x7d,0xe2,0xff,0xff,0x7e,0xe5,0xff,0xff,
    0x75,0xe2,0xff,0xff,0x76,0xd3,0xf9,0xff,0xac,0xc2,0xe5,0xff,0xd9,0xcb,0xe2,0xff,
    0xd7,0xd3,0xea,0xff,0xda,0xd5,0xea,0xff,0xdb,0xd8,0xeb,0xff,0xdb,0xd8,0xeb,0xff,
    0xd8,0xd8,0xea,0xff,0xb4,0xa0,0xb4,0xff,0xba,0x52,0x7e,0xff,0xd2,0x68,0x98,0xff,
    0xc9,0x61,0x8e,0xff,0xbd,0x5c,0x85,0xff,0xbf,0x6e,0x87,0xff,0xbd,0x5e,0x6d,0xff,
    0xba,0x64,0x7d,0xff,0xc2,0x7f,0xaa,0xff,0xc8,0x84,0xb0,0xff,0xcd,0x8c,0xb7,0xff,
    0xd2,0x93,0xbd,0xff,0xd4,0x97,0xc1,0xff,0xd6,0x9e,0xc5,0xfd,0xe7,0xb3,0xd7,0xff,
    0xda,0xb0,0xcc,0xc5,0x00,0x00,0x00,0x00,0x00,0x00,0x00,0x00,0x00,0x00,0x00,0x00,
    0x00,0x00,0x00,0x00,0x00,0x00,0x00,0x00,0x00,0x00,0x00,0x00,0xe3,0xb6,0xd3,0xde,
    0xf0,0xbf,0xe6,0xff,0xea,0xba,0xe0,0xfe,0xe9,0xb3,0xdd,0xff,0xe8,0xaf,0xda,0xff,
    0xe7,0xac,0xd8,0xff,0xe6,0xa9,0xd5,0xff,0xe4,0xa9,0xd6,0xff,0xe2,0x91,0xbe,0xff,
    0xe6,0x84,0xb1,0xff,0xe2,0x77,0xa9,0xff,0xe0,0xa6,0xc5,0xff,0xf0,0xf6,0xff,0xff,
    0xec,0xe9,0xf6,0xff,0xe4,0xda,0xed,0xff,0xe4,0xa4,0xd4,0xff,0xe0,0x9c,0xce,0xff,
    0xdd,0x98,0xca,0xff,0xde,0x96,0xcb,0xff,0xdc,0x96,0xca,0xff,0xe3,0x9e,0xd1,0xff,
    0xc1,0x7a,0xac,0xff,0x96,0x54,0x80,0xff,0xa4,0x62,0x90,0xff,0xa9,0x65,0x94,0xff,
    0x9d,0x5e,0x8a,0xff,0x7c,0x4d,0x6b,0xff,0x78,0x4a,0x68,0xff,0x76,0x47,0x67,0xff,
    0x74,0x46,0x66,0xff,0x73,0x47,0x65,0xff,0x76,0x4a,0x67,0xff,0x76,0x49,0x66,0xff,
    0x74,0x46,0x62,0xff,0x72,0x44,0x60,0xff,0x73,0x45,0x62,0xff,0x75,0x47,0x64,0xff,
    0x76,0x48,0x66,0xff,0x79,0x4a,0x69,0xff,0x78,0x49,0x69,0xff,0x74,0x45,0x66,0xff,
    0x74,0x43,0x65,0xff,0x72,0x42,0x63,0xff,0x83,0x4c,0x72,0xff,0xa2,0x5c,0x8c,0xff,
    0xa4,0x5c,0x8e,0xff,0xa1,0x56,0x8a,0xff,0xbb,0x72,0xa6,0xff,0xdb,0x91,0xc8,0xff,
    0xd4,0x8a,0xc1,0xff,0xd6,0x8d,0xc4,0xff,0xd6,0x8e,0xc6,0xff,0xd6,0x8e,0xc6,0xff,
    0xd3,0x90,0xc8,0xff,0xd3,0x8b,0xc6,0xff,0xb7,0x95,0xc9,0xff,0x9b,0xe5,0xf5,0xff,
    0xab,0xfa,0xff,0xff,0x8c,0xe5,0xfc,0xff,0x71,0xdb,0xfc,0xff,0x6f,0xdc,0xfe,0xff,
    0x6b,0xdb,0xff,0xff,0x65,0xd7,0xfe,0xff,0x66,0xd6,0xfd,0xff,0x68,0xd7,0xfd,0xff,
    0x6f,0xda,0xfd,0xff,0x6d,0xdd,0xff,0xff,0x61,0xd0,0xfd,0xff,0x9a,0xbb,0xe0,0xff,
    0xd5,0xc9,0xdf,0xff,0xd5,0xd2,0xe9,0xff,0xd9,0xd5,0xe9,0xff,0xd9,0xd6,0xe9,0xff,
    0xd8,0xd7,0xea,0xff,0xb3,0x9e,0xb3,0xff,0xb8,0x52,0x7d,0xff,0xd2,0x69,0x97,0xff,
    0xc8,0x61,0x8d,0xff,0xbc,0x5c,0x84,0xff,0xbd,0x6d,0x85,0xff,0xb9,0x5d,0x6c,0xff,
    0xb6,0x66,0x7f,0xff,0xc1,0x7f,0xab,0xff,0xc7,0x84,0xae,0xff,0xcd,0x8c,0xb6,0xff,
    0xd1,0x93,0xbd,0xff,0xd3,0x96,0xc0,0xff,0xd5,0x9e,0xc5,0xfd,0xe7,0xb4,0xd8,0xff,
    0xd9,0xb0,0xca,0xbf,0x00,0x00,0x00,0x00,0x00,0x00,0x00,0x00,0x00,0x00,0x00,0x00,
    0x00,0x00,0x00,0x00,0x00,0x00,0x00,0x00,0x00,0x00,0x00,0x00,0xe4,0xb5,0xd4,0xdc,
    0xf0,0xc0,0xe6,0xff,0xea,0xbb,0xe0,0xfe,0xe9,0xb3,0xdd,0xff,0xe8,0xae,0xda,0xff,
    0xe7,0xac,0xd8,0xff,0xe5,0xa8,0xd5,0xff,0xe4,0xa8,0xd4,0xff,0xe2,0x91,0xbd,0xff,
    0xe6,0x84,0xb2,0xff,0xe1,0x77,0xa9,0xff,0xdf,0xa5,0xc4,0xff,0xf0,0xf6,0xff,0xff,
    0xeb,0xe9,0xf6,0xff,0xe4,0xd7,0xeb,0xff,0xe4,0xa1,0xd2,0xff,0xe1,0x9c,0xce,0xff,
    0xde,0x98,0xcb,0xff,0xde,0x96,0xcb,0xff,0xde,0x95,0xcb,0xff,0xdc,0x95,0xc9,0xff,
    0xe2,0x98,0xce,0xff,0xe7,0x9b,0xd2,0xff,0xe6,0xa1,0xd3,0xff,0xe6,0xa4,0xd3,0xff,
    0xe7,0xa1,0xd2,0xff,0xe8,0x9f,0xd2,0xff,0xe6,0x99,0xcf,0xff,0xe5,0x97,0xce,0xff,
    0xe5,0x9b,0xcf,0xff,0xe7,0x9e,0xd1,0xff,0xe7,0x9d,0xd0,0xff,0xe6,0x9a,0xce,0xff,
    0xe5,0x98,0xcd,0xff,0xe5,0x97,0xcc,0xff,0xe6,0x98,0xcd,0xff,0xe6,0x99,0xcd,0xff,
    0xe5,0x99,0xce,0xff,0xe4,0x99,0xcd,0xff,0xe4,0x97,0xcc,0xff,0xe3,0x93,0xca,0xff,
    0xe1,0x8e,0xc9,0xff,0xe3,0x90,0xcb,0xff,0xe4,0x96,0xcf,0xff,0xe1,0x98,0xcd,0xff,
    0xdf,0x95,0xcb,0xff,0xde,0x90,0xc9,0xff,0xda,0x8b,0xc5,0xff,0xd2,0x88,0xbf,0xff,
    0xd5,0x8b,0xc2,0xff,0xd6,0x8c,0xc3,0xff,0xd6,0x8c,0xc5,0xff,0xd4,0x8c,0xc5,0xff,
    0xd4,0x8b,0xc6,0xff,0xc0,0x8a,0xc4,0xff,0x93,0xde,0xf3,0xff,0xa8,0xf7,0xff,0xff,
    0x80,0xe1,0xfc,0xff,0x66,0xdb,0xfe,0xff,0x5d,0xd4,0xfd,0xff,0x4a,0xc2,0xf7,0xff,
    0x3c,0xb7,0xf2,0xff,0x39,0xb7,0xf4,0xff,0x4b,0xc5,0xfa,0xff,0x60,0xd2,0xfd,0xff,
    0x62,0xd4,0xfe,0xff,0x66,0xd4,0xfd,0xff,0x66,0xd6,0xff,0xff,0x5a,0xc4,0xf8,0xff,
    0xa7,0xb7,0xd8,0xff,0xd6,0xcd,0xe2,0xff,0xd4,0xd2,0xe7,0xff,0xd7,0xd5,0xe8,0xff,
    0xd7,0xd6,0xe9,0xff,0xb2,0x9e,0xb2,0xff,0xb7,0x52,0x7c,0xff,0xd1,0x69,0x97,0xff,
    0xc7,0x60,0x8c,0xff,0xbb,0x5c,0x83,0xff,0xba,0x6c,0x86,0xff,0xbc,0x57,0x67,0xff,
    0xbe,0x5b,0x72,0xff,0xc1,0x7d,0xa9,0xff,0xc5,0x86,0xaf,0xff,0xcc,0x8b,0xb5,0xff,
    0xd1,0x92,0xbc,0xff,0xd3,0x95,0xc0,0xff,0xd5,0x9d,0xc4,0xfd,0xe7,0xb5,0xd8,0xff,
    0xd9,0xae,0xca,0xba,0x00,0x00,0x00,0x00,0x00,0x00,0x00,0x00,0x00,0x00,0x00,0x00,
    0x00,0x00,0x00,0x00,0x00,0x00,0x00,0x00,0x00,0x00,0x00,0x00,0xe3,0xb9,0xd2,0xdc,
    0xf1,0xc0,0xe6,0xff,0xeb,0xbb,0xe0,0xfe,0xe9,0xb3,0xdd,0xff,0xe8,0xae,0xda,0xff,
    0xe7,0xac,0xd8,0xff,0xe5,0xa8,0xd5,0xff,0xe3,0xa7,0xd4,0xff,0xe2,0x90,0xbd,0xff,
    0xe6,0x84,0xb2,0xff,0xe1,0x77,0xaa,0xff,0xdf,0xa5,0xc5,0xff,0xf0,0xf5,0xff,0xff,
    0xeb,0xe8,0xf6,0xff,0xe2,0xd4,0xe9,0xff,0xe2,0x9e,0xd0,0xff,0xe1,0x9b,0xcd,0xff,
    0xde,0x98,0xcb,0xff,0xde,0x98,0xcb,0xff,0xde,0x95,0xcb,0xff,0xde,0x96,0xca,0xff,
    0xdf,0x98,0xcc,0xff,0xdd,0x93,0xca,0xff,0xdd,0x92,0xc9,0xff,0xde,0x96,0xcb,0xff,
    0xe2,0x9a,0xce,0xff,0xe2,0x97,0xcd,0xff,0xe3,0x94,0xcc,0xff,0xe2,0x93,0xcc,0xff,
    0xe2,0x94,0xcd,0xff,0xe3,0x96,0xcd,0xff,0xe3,0x94,0xcc,0xff,0xe1,0x91,0xcb,0xff,
    0xe0,0x90,0xca,0xff,0xe0,0x90,0xca,0xff,0xe2,0x91,0xca,0xff,0xe1,0x8f,0xc9,0xff,
    0xdf,0x8d,0xc7,0xff,0xde,0x8d,0xc7,0xff,0xdd,0x8c,0xc6,0xff,0xdd,0x8d,0xc7,0xff,
    0xde,0x8f,0xc8,0xff,0xde,0x91,0xca,0xff,0xdd,0x8f,0xc8,0xff,0xd8,0x8d,0xc4,0xff,
    0xd7,0x8c,0xc3,0xff,0xd5,0x87,0xc1,0xff,0xd6,0x87,0xc1,0xff,0xd5,0x8a,0xc1,0xff,
    0xd4,0x8b,0xc2,0xff,0xd6,0x8c,0xc3,0xff,0xd6,0x8a,0xc4,0xff,0xd3,0x8b,0xc5,0xff,
    0xd0,0x7f,0xbd,0xff,0x98,0xb9,0xdf,0xff,0x97,0xf6,0xff,0xff,0x76,0xdd,0xfb,0xff,
    0x64,0xdb,0xff,0xff,0x4b,0xc7,0xf9,0xff,0x23,0xa7,0xed,0xff,0x22,0xa5,0xed,0xff,
    0x27,0xaa,0xf1,0xff,0x27,0xac,0xf2,0xff,0x46,0xc1,0xfa,0xff,0x56,0xcd,0xfd,0xff,
    0x5c,0xcf,0xfd,0xff,0x60,0xd1,0xfd,0xff,0x64,0xd3,0xfd,0xff,0x5d,0xcd,0xfe,0xff,
    0x6d,0xb5,0xe7,0xff,0xc6,0xbe,0xd8,0xff,0xd2,0xcf,0xe5,0xff,0xd5,0xd2,0xe6,0xff,
    0xd6,0xd4,0xe8,0xff,0xb2,0x9e,0xb2,0xff,0xb7,0x52,0x7b,0xff,0xd1,0x68,0x96,0xff,
    0xc7,0x5f,0x8b,0xff,0xb7,0x5a,0x81,0xff,0xbe,0x6a,0x84,0xff,0x96,0x60,0x7a,0xff,
    0x87,0x84,0xab,0xff,0xb7,0x8d,0xb6,0xff,0xc7,0x83,0xad,0xff,0xcb,0x8c,0xb5,0xff,
    0xd0,0x91,0xbb,0xff,0xd3,0x94,0xbf,0xff,0xd4,0x9d,0xc4,0xfd,0xe6,0xb5,0xd8,0xff,
    0xd9,0xad,0xcb,0xb6,0x00,0x00,0x00,0x00,0x00,0x00,0x00,0x00,0x00,0x00,0x00,0x00,
    0x00,0x00,0x00,0x00,0x00,0x00,0x00,0x00,0x00,0x00,0x00,0x00,0xe3,0xb9,0xd2,0xc9,
    0xf3,0xc2,0xe6,0xff,0xeb,0xbb,0xe0,0xfd,0xe8,0xb2,0xdd,0xff,0xe7,0xad,0xd9,0xff,
    0xe6,0xab,0xd8,0xff,0xe5,0xa8,0xd5,0xff,0xe3,0xa6,0xd5,0xff,0xe2,0x90,0xbd,0xff,
    0xe6,0x83,0xb1,0xff,0xe2,0x77,0xaa,0xff,0xe0,0xa6,0xc5,0xff,0xf1,0xf6,0xff,0xff,
    0xeb,0xe9,0xf6,0xff,0xe2,0xd3,0xe9,0xff,0xe2,0x9c,0xce,0xff,0xe0,0x99,0xcc,0xff,
    0xde,0x97,0xcb,0xff,0xde,0x98,0xcb,0xff,0xe0,0x9b,0xce,0xff,0xd5,0x8e,0xc2,0xff,
    0xba,0x71,0xa7,0xff,0xb5,0x6a,0xa3,0xff,0xb3,0x66,0x9f,0xff,0xb2,0x67,0x9e,0xff,
    0xa7,0x64,0x93,0xff,0xa0,0x5e,0x8e,0xff,0x9d,0x59,0x89,0xff,0x9f,0x5a,0x8b,0xff,
    0x9e,0x59,0x8b,0xff,0x9d,0x59,0x8a,0xff,0x9c,0x59,0x8a,0xff,0x9b,0x58,0x89,0xff,
    0x9b,0x59,0x88,0xff,0x9d,0x5a,0x8a,0xff,0x9c,0x58,0x88,0xff,0x9a,0x55,0x86,0xff,
    0x98,0x54,0x84,0xff,0x9a,0x56,0x86,0xff,0x9b,0x57,0x87,0xff,0x9c,0x59,0x89,0xff,
    0xa0,0x5c,0x8e,0xff,0xa0,0x5d,0x8e,0xff,0xa3,0x5c,0x90,0xff,0xb1,0x63,0x9d,0xff,
    0xb2,0x66,0x9f,0xff,0xaf,0x61,0x9a,0xff,0xaf,0x61,0x9b,0xff,0xca,0x7d,0xb8,0xff,
    0xd7,0x8e,0xc5,0xff,0xd5,0x8b,0xc2,0xff,0xd5,0x8b,0xc3,0xff,0xd5,0x86,0xc2,0xff,
    0xb5,0x88,0xbf,0xff,0x88,0xe3,0xf9,0xff,0x83,0xe3,0xfd,0xff,0x63,0xd7,0xfd,0xff,
    0x44,0xc3,0xf8,0xff,0x16,0x9b,0xe7,0xff,0x2b,0xad,0xf2,0xff,0x43,0xc2,0xfb,0xff,
    0x4c,0xc8,0xfe,0xff,0x63,0xd4,0xfe,0xff,0x67,0xd8,0xfd,0xff,0x5b,0xd1,0xfd,0xff,
    0x5b,0xd1,0xfe,0xff,0x60,0xd2,0xfe,0xff,0x61,0xd2,0xfd,0xff,0x5d,0xcf,0xfd,0xff,
    0x55,0xba,0xf1,0xff,0x9b,0xae,0xd2,0xff,0xd1,0xc7,0xdc,0xff,0xd1,0xce,0xe4,0xff,
    0xd4,0xd2,0xe6,0xff,0xb3,0x9d,0xb1,0xff,0xb7,0x52,0x7a,0xff,0xd1,0x67,0x94,0xff,
    0xc8,0x5e,0x8a,0xff,0xbb,0x59,0x81,0xff,0xae,0x5d,0x79,0xff,0x3c,0x84,0xb5,0xff,
    0x4b,0xc9,0xff,0xff,0x8a,0xbf,0xe5,0xff,0xc2,0x82,0xae,0xff,0xcb,0x8a,0xb3,0xff,
    0xcf,0x91,0xba,0xff,0xd2,0x95,0xbe,0xff,0xd4,0x9e,0xc4,0xfc,0xe6,0xb7,0xd8,0xff,
    0xd7,0xb1,0xcc,0xaf,0x00,0x00,0x00,0x00,0x00,0x00,0x00,0x00,0x00,0x00,0x00,0x00,
    0x00,0x00,0x00,0x00,0x00,0x00,0x00,0x00,0x00,0x00,0x00,0x00,0xe4,0xb4,0xd4,0xb6,
    0xf4,0xc3,0xe7,0xff,0xea,0xba,0xdf,0xfd,0xe8,0xb2,0xdd,0xff,0xe7,0xad,0xd9,0xff,
    0xe6,0xab,0xd7,0xff,0xe5,0xa7,0xd4,0xff,0xe3,0xa5,0xd4,0xff,0xe2,0x8f,0xbd,0xff,
    0xe6,0x83,0xb1,0xff,0xe1,0x76,0xa8,0xff,0xdf,0xa7,0xc5,0xff,0xf1,0xf6,0xff,0xff,
    0xec,0xea,0xf7,0xff,0xe3,0xd3,0xe9,0xff,0xe2,0x9c,0xce,0xff,0xdf,0x97,0xcb,0xff,
    0xdd,0x95,0xca,0xff,0xde,0x97,0xcb,0xff,0xdb,0x95,0xc8,0xff,0x90,0x49,0x7b,0xff,
    0x80,0x37,0x69,0xff,0x8c,0x43,0x77,0xff,0x8f,0x45,0x7b,0xff,0x5e,0x29,0x4c,0xff,
    0x38,0x16,0x29,0xff,0x3d,0x1a,0x30,0xff,0x3c,0x1a,0x30,0xff,0x46,0x1e,0x37,0xff,
    0x46,0x1f,0x37,0xff,0x40,0x1b,0x33,0xff,0x3c,0x1a,0x30,0xff,0x40,0x1e,0x34,0xff,
    0x45,0x20,0x38,0xff,0x43,0x1f,0x37,0xff,0x3e,0x1b,0x31,0xff,0x3b,0x19,0x2f,0xff,
    0x3c,0x1a,0x30,0xff,0x3d,0x1b,0x30,0xff,0x3d,0x1a,0x2f,0xff,0x3d,0x1a,0x2f,0xff,
    0x41,0x1b,0x33,0xff,0x3f,0x1a,0x31,0xff,0x3a,0x18,0x2d,0xff,0x7f,0x3f,0x6b,0xff,
    0x92,0x48,0x7c,0xff,0x8a,0x43,0x75,0xff,0x83,0x3d,0x6f,0xff,0x90,0x48,0x7b,0xff,
    0xce,0x81,0xba,0xff,0xd6,0x8c,0xc4,0xff,0xd4,0x8d,0xc4,0xff,0xd7,0x82,0xbd,0xff,
    0x9b,0xa4,0xd0,0xff,0x81,0xe9,0xff,0xff,0x6c,0xd6,0xfb,0xff,0x5a,0xd0,0xfd,0xff,
    0x23,0xa3,0xeb,0xff,0x2e,0xae,0xf2,0xff,0x41,0xc0,0xfb,0xff,0x4a,0xc6,0xfb,0xff,
    0x58,0xcf,0xfd,0xff,0x60,0xd2,0xfd,0xff,0x5b,0xd0,0xfd,0xff,0x60,0xd4,0xfe,0xff,
    0x4e,0xc6,0xfb,0xff,0x4f,0xc6,0xfb,0xff,0x60,0xd2,0xfe,0xff,0x59,0xcd,0xfd,0xff,
    0x4b,0xbd,0xf4,0xff,0x75,0xa7,0xd4,0xff,0xc8,0xbb,0xd2,0xff,0xce,0xcc,0xe1,0xff,
    0xd2,0xd0,0xe4,0xff,0xb2,0x9d,0xb1,0xff,0xb6,0x4f,0x78,0xff,0xd0,0x66,0x94,0xff,
    0xc7,0x5d,0x8a,0xff,0xbf,0x57,0x7f,0xff,0x93,0x53,0x74,0xff,0x35,0x90,0xc5,0xff,
    0x70,0xcd,0xfa,0xff,0x65,0xb6,0xe4,0xff,0xad,0x89,0xb2,0xff,0xcf,0x86,0xb0,0xff,
    0xcd,0x92,0xb9,0xff,0xd1,0x95,0xbe,0xff,0xd4,0x9e,0xc4,0xfc,0xe7,0xb7,0xd8,0xff,
    0xd4,0xb5,0xca,0xae,0x00,0x00,0x00,0x00,0x00,0x00,0x00,0x00,0x00,0x00,0x00,0x00,
    0x00,0x00,0x00,0x00,0x00,0x00,0x00,0x00,0x00,0x00,0x00,0x00,0xe3,0xb3,0xd4,0xaf,
    0xf3,0xc2,0xe8,0xff,0xea,0xbb,0xdf,0xfc,0xe9,0xb3,0xdd,0xff,0xe7,0xae,0xda,0xff,
    0xe6,0xaa,0xd7,0xff,0xe4,0xa6,0xd4,0xff,0xe3,0xa5,0xd4,0xff,0xe1,0x90,0xbd,0xff,
    0xe5,0x83,0xb1,0xff,0xe1,0x76,0xa8,0xff,0xdf,0xa7,0xc4,0xff,0xf0,0xf5,0xff,0xff,
    0xeb,0xe9,0xf6,0xff,0xe2,0xd4,0xe9,0xff,0xe1,0x9b,0xcd,0xff,0xdf,0x97,0xcb,0xff,
    0xdd,0x94,0xc9,0xff,0xe0,0x99,0xcd,0xff,0xd0,0x89,0xbc,0xff,0x82,0x38,0x69,0xff,
    0x9c,0x4f,0x85,0xff,0xa8,0x59,0x92,0xff,0xb1,0x62,0x9b,0xff,0x5e,0x2d,0x4a,0xff,
    0x4c,0x25,0x3e,0xff,0x5e,0x2f,0x51,0xff,0x60,0x30,0x52,0xff,0x62,0x32,0x55,0xff,
    0x66,0x35,0x59,0xff,0x66,0x35,0x59,0xff,0x66,0x34,0x58,0xff,0x67,0x37,0x5a,0xff,
    0x68,0x37,0x5b,0xff,0x63,0x34,0x57,0xff,0x5e,0x31,0x52,0xff,0x5f,0x31,0x51,0xff,
    0x60,0x32,0x52,0xff,0x5f,0x31,0x50,0xff,0x5a,0x2e,0x4c,0xff,0x57,0x2b,0x48,0xff,
    0x58,0x2c,0x49,0xff,0x5b,0x2d,0x4c,0xff,0x51,0x27,0x42,0xff,0x8e,0x4f,0x79,0xff,
    0xb2,0x65,0x9c,0xff,0xa9,0x5c,0x93,0xff,0xa8,0x5b,0x92,0xff,0x96,0x4a,0x7e,0xff,
    0xc7,0x79,0xb0,0xff,0xd8,0x8b,0xc5,0xff,0xd3,0x8b,0xc3,0xff,0xd3,0x80,0xbb,0xff,
    0x8c,0xb9,0xe1,0xff,0x77,0xe4,0xff,0xff,0x68,0xd6,0xfc,0xff,0x40,0xbd,0xf6,0xff,
    0x23,0xa5,0xed,0xff,0x44,0xc2,0xfc,0xff,0x4b,0xc5,0xfc,0xff,0x54,0xcd,0xfd,0xff,
    0x57,0xd0,0xfc,0xff,0x56,0xce,0xfc,0xff,0x5a,0xd0,0xfe,0xff,0x4f,0xc6,0xfb,0xff,
    0x2c,0xaa,0xf1,0xff,0x39,0xb8,0xf7,0xff,0x5c,0xd0,0xfd,0xff,0x57,0xcd,0xfe,0xff,
    0x46,0xbd,0xf6,0xff,0x62,0xa4,0xd5,0xff,0xbc,0xb2,0xca,0xff,0xcc,0xc8,0xdd,0xff,
    0xd1,0xce,0xe2,0xff,0xb1,0x9b,0xb1,0xff,0xb5,0x4d,0x77,0xff,0xd0,0x65,0x93,0xff,
    0xc6,0x5e,0x8a,0xff,0xbf,0x56,0x7f,0xff,0x86,0x50,0x76,0xff,0x31,0x94,0xca,0xff,
    0x64,0xc7,0xf7,0xff,0x53,0xae,0xdd,0xff,0xa1,0x8c,0xb3,0xff,0xd0,0x86,0xaf,0xff,
    0xcc,0x92,0xb9,0xff,0xd1,0x95,0xbd,0xff,0xd5,0x9d,0xc4,0xfc,0xe7,0xb7,0xd8,0xff,
    0xd2,0xb0,0xc6,0x99,0x00,0x00,0x00,0x00,0x00,0x00,0x00,0x00,0x00,0x00,0x00,0x00,
    0x00,0x00,0x00,0x00,0x00,0x00,0x00,0x00,0x00,0x00,0x00,0x00,0xe1,0xb9,0xd2,0xac,
    0xf2,0xc2,0xe7,0xff,0xea,0xbb,0xe0,0xfc,0xe9,0xb5,0xdd,0xff,0xe7,0xae,0xda,0xff,
    0xe5,0xa9,0xd6,0xff,0xe4,0xa6,0xd3,0xff,0xe2,0xa5,0xd4,0xff,0xe0,0x8f,0xbc,0xff,
    0xe4,0x82,0xaf,0xff,0xe0,0x76,0xa9,0xff,0xe0,0xa8,0xc6,0xff,0xf1,0xf5,0xff,0xff,
    0xeb,0xe9,0xf6,0xff,0xe1,0xd3,0xe8,0xff,0xe0,0x9a,0xcd,0xff,0xdf,0x97,0xca,0xff,
    0xdd,0x95,0xca,0xff,0xdd,0x96,0xca,0xff,0xe0,0x9b,0xcd,0xff,0xb2,0x6a,0x9b,0xff,
    0x9f,0x51,0x86,0xff,0xa8,0x58,0x91,0xff,0xb4,0x5f,0x9d,0xff,0x79,0x3e,0x65,0xff,
    0x45,0x22,0x36,0xff,0x55,0x2a,0x46,0xff,0x53,0x29,0x45,0xff,0x56,0x2d,0x49,0xff,
    0x5c,0x31,0x4e,0xff,0x62,0x34,0x53,0xff,0x63,0x35,0x56,0xff,0x60,0x32,0x53,0xff,
    0x58,0x2d,0x4c,0xff,0x54,0x2b,0x47,0xff,0x55,0x2c,0x48,0xff,0x57,0x2d,0x49,0xff,
    0x56,0x2d,0x49,0xff,0x52,0x29,0x43,0xff,0x4d,0x25,0x3d,0xff,0x4c,0x25,0x3c,0xff,
    0x51,0x27,0x3f,0xff,0x53,0x27,0x40,0xff,0x5a,0x2e,0x47,0xff,0xa6,0x5d,0x8e,0xff,
    0xb3,0x5f,0x9a,0xff,0xaf,0x5e,0x97,0xff,0xb0,0x62,0x98,0xff,0xc2,0x77,0xaa,0xff,
    0xdb,0x8e,0xc5,0xff,0xd4,0x86,0xc0,0xff,0xd4,0x89,0xc1,0xff,0xcb,0x7c,0xb7,0xff,
    0x7f,0xbe,0xe6,0xff,0x70,0xe2,0xff,0xff,0x64,0xd5,0xfd,0xff,0x31,0xb3,0xf3,0xff,
    0x2b,0xaf,0xf3,0xff,0x4b,0xc8,0xfd,0xff,0x56,0xcd,0xfd,0xff,0x5b,0xd1,0xfd,0xff,
    0x58,0xcf,0xfc,0xff,0x55,0xcd,0xfd,0xff,0x4c,0xc5,0xfb,0xff,0x31,0xaf,0xf2,0xff,
    0x36,0xb6,0xf7,0xff,0x41,0xc0,0xfb,0xff,0x5b,0xcf,0xfd,0xff,0x55,0xcb,0xfd,0xff,
    0x43,0xbc,0xf6,0xff,0x56,0xa0,0xd4,0xff,0xb2,0xa9,0xc4,0xff,0xc9,0xc3,0xda,0xff,
    0xcf,0xcd,0xe1,0xff,0xb1,0x9a,0xb0,0xff,0xb4,0x4c,0x75,0xff,0xcd,0x63,0x90,0xff,
    0xc3,0x5c,0x89,0xff,0xbe,0x56,0x7e,0xff,0x81,0x51,0x7a,0xff,0x28,0x91,0xcb,0xff,
    0x4f,0xbb,0xf0,0xff,0x4f,0xab,0xdb,0xff,0x9f,0x8e,0xb6,0xff,0xd1,0x88,0xae,0xff,
    0xcc,0x92,0xb8,0xff,0xd0,0x95,0xbd,0xff,0xd3,0x9e,0xc4,0xfc,0xe5,0xb7,0xd7,0xff,
    0xd6,0xaf,0xc4,0x83,0x00,0x00,0x00,0x00,0x00,0x00,0x00,0x00,0x00,0x00,0x00,0x00,
    0x00,0x00,0x00,0x00,0x00,0x00,0x00,0x00,0x00,0x00,0x00,0x00,0xdc,0xb8,0xcd,0x9c,
    0xf3,0xc2,0xe7,0xff,0xea,0xbb,0xe0,0xfc,0xea,0xb5,0xdd,0xff,0xe8,0xae,0xda,0xff,
    0xe6,0xaa,0xd7,0xff,0xe4,0xa6,0xd4,0xff,0xe2,0xa5,0xd4,0xff,0xe0,0x8e,0xbc,0xff,
    0xe5,0x82,0xaf,0xff,0xe1,0x77,0xa9,0xff,0xe1,0xa9,0xc6,0xff,0xf1,0xf5,0xff,0xff,
    0xeb,0xe8,0xf7,0xff,0xe1,0xd4,0xe9,0xff,0xe1,0x9b,0xcd,0xff,0xdf,0x97,0xcb,0xff,
    0xdd,0x95,0xca,0xff,0xdd,0x95,0xc9,0xff,0xdd,0x97,0xca,0xff,0xe1,0x9d,0xce,0xff,
    0xda,0x99,0xc7,0xff,0xd7,0x90,0xc2,0xff,0xd6,0x88,0xc0,0xff,0xd8,0x8c,0xc2,0xff,
    0xca,0x89,0xb6,0xff,0xca,0x8a,0xb6,0xff,0xcb,0x8b,0xb6,0xff,0xc8,0x83,0xb2,0xff,
    0xc7,0x7f,0xb0,0xff,0xca,0x84,0xb4,0xff,0xcd,0x8b,0xb8,0xff,0xcd,0x88,0xb8,0xff,
    0xc9,0x82,0xb4,0xff,0xc8,0x82,0xb3,0xff,0xca,0x86,0xb4,0xff,0xc9,0x85,0xb4,0xff,
    0xc8,0x83,0xb3,0xff,0xc6,0x7e,0xaf,0xff,0xc6,0x7f,0xaf,0xff,0xc7,0x83,0xb1,0xff,
    0xc7,0x84,0xb1,0xff,0xc5,0x7e,0xad,0xff,0xca,0x83,0xb3,0xff,0xd8,0x87,0xbe,0xff,
    0xd5,0x82,0xba,0xff,0xd7,0x8b,0xbf,0xff,0xdb,0x93,0xc4,0xff,0xde,0x94,0xc8,0xff,
    0xd5,0x86,0xc0,0xff,0xd4,0x87,0xbf,0xff,0xd2,0x88,0xc0,0xff,0xca,0x79,0xb4,0xff,
    0x7b,0xba,0xe5,0xff,0x68,0xe0,0xff,0xff,0x62,0xd4,0xfd,0xff,0x36,0xb8,0xf5,0xff,
    0x32,0xb5,0xf7,0xff,0x54,0xcd,0xfd,0xff,0x61,0xd5,0xfd,0xff,0x5b,0xd2,0xfd,0xff,
    0x59,0xd1,0xfd,0xff,0x52,0xcc,0xfd,0xff,0x36,0xb3,0xf3,0xff,0x37,0xb6,0xf6,0xff,
    0x42,0xc1,0xfc,0xff,0x49,0xc7,0xfc,0xff,0x5e,0xd0,0xfc,0xff,0x50,0xc8,0xfd,0xff,
    0x3c,0xb6,0xf1,0xff,0x4b,0x99,0xd0,0xff,0xab,0xa2,0xbe,0xff,0xc5,0xbe,0xd5,0xff,
    0xce,0xcb,0xe0,0xff,0xb3,0x9b,0xb1,0xff,0xb4,0x4d,0x75,0xff,0xcc,0x62,0x90,0xff,
    0xc1,0x5a,0x87,0xff,0xbc,0x56,0x7e,0xff,0x7d,0x51,0x7b,0xff,0x20,0x8e,0xc9,0xff,
    0x47,0xb5,0xec,0xff,0x4d,0xaa,0xdb,0xff,0x9c,0x8f,0xb7,0xff,0xd2,0x88,0xae,0xff,
    0xcb,0x91,0xb7,0xff,0xd0,0x95,0xbc,0xff,0xd3,0x9f,0xc4,0xfc,0xe4,0xb7,0xd6,0xff,
    0xd2,0xb3,0xc1,0x7d,0x00,0x00,0x00,0x00,0x00,0x00,0x00,0x00,0x00,0x00,0x00,0x00,
    0x00,0x00,0x00,0x00,0x00,0x00,0x00,0x00,0x00,0x00,0x00,0x00,0xdb,0xb5,0xcd,0x80,
    0xf3,0xc3,0xe8,0xff,0xea,0xba,0xdf,0xfc,0xea,0xb5,0xdd,0xff,0xe8,0xae,0xda,0xff,
    0xe7,0xab,0xd8,0xff,0xe4,0xa7,0xd4,0xff,0xe2,0xa4,0xd3,0xff,0xe0,0x8e,0xbb,0xff,
    0xe5,0x81,0xae,0xff,0xe0,0x76,0xa8,0xff,0xe0,0xa7,0xc5,0xff,0xf0,0xf5,0xff,0xff,
    0xea,0xe7,0xf6,0xff,0xe2,0xd5,0xea,0xff,0xe0,0x9b,0xcd,0xff,0xdf,0x98,0xcb,0xff,
    0xdc,0x94,0xc8,0xff,0xdb,0x93,0xc7,0xff,0xdb,0x93,0xc8,0xff,0xda,0x95,0xc8,0xff,
    0xdb,0x98,0xc8,0xff,0xdc,0x96,0xc7,0xff,0xdb,0x8e,0xc5,0xff,0xdd,0x8d,0xc5,0xff,
    0xe1,0x91,0xc9,0xff,0xe1,0x94,0xca,0xff,0xe3,0x98,0xcc,0xff,0xe2,0x97,0xcc,0xff,
    0xe1,0x92,0xca,0xff,0xe1,0x91,0xca,0xff,0xe2,0x92,0xcc,0xff,0xde,0x90,0xca,0xff,
    0xdb,0x8d,0xc7,0xff,0xdb,0x8d,0xc6,0xff,0xdd,0x91,0xc8,0xff,0xde,0x92,0xc9,0xff,
    0xde,0x8f,0xc8,0xff,0xde,0x8e,0xc7,0xff,0xdf,0x90,0xc7,0xff,0xe0,0x94,0xc9,0xff,
    0xdd,0x92,0xc7,0xff,0xda,0x8b,0xc2,0xff,0xd7,0x88,0xc0,0xff,0xd4,0x88,0xbd,0xff,
    0xd6,0x8d,0xc0,0xff,0xd8,0x91,0xc4,0xff,0xd4,0x8d,0xc0,0xff,0xcf,0x82,0xbb,0xff,
    0xd2,0x84,0xbd,0xff,0xd2,0x85,0xbe,0xff,0xd0,0x84,0xbe,0xff,0xce,0x75,0xb1,0xff,
    0x7d,0xaa,0xdb,0xff,0x60,0xdd,0xff,0xff,0x63,0xd3,0xfc,0xff,0x4a,0xc5,0xfa,0xff,
    0x37,0xba,0xf9,0xff,0x69,0xd9,0xfe,0xff,0x62,0xd6,0xfd,0xff,0x5a,0xd1,0xfd,0xff,
    0x57,0xd0,0xfd,0xff,0x40,0xbd,0xf7,0xff,0x37,0xb6,0xf6,0xff,0x44,0xc2,0xfc,0xff,
    0x40,0xc2,0xfc,0xff,0x54,0xce,0xfd,0xff,0x5e,0xcf,0xfd,0xff,0x4e,0xc6,0xfd,0xff,
    0x33,0xae,0xed,0xff,0x4d,0x8e,0xc6,0xff,0xad,0x9d,0xb8,0xff,0xc1,0xbb,0xd3,0xff,
    0xcd,0xc9,0xde,0xff,0xb5,0x9d,0xb2,0xff,0xb6,0x4f,0x78,0xff,0xcc,0x61,0x90,0xff,
    0xc0,0x59,0x86,0xff,0xba,0x54,0x7d,0xff,0x7e,0x51,0x7b,0xff,0x1c,0x8b,0xc8,0xff,
    0x42,0xb0,0xe9,0xff,0x4a,0xa7,0xdb,0xff,0x9c,0x8e,0xb6,0xff,0xd3,0x88,0xae,0xff,
    0xcc,0x91,0xb7,0xff,0xd1,0x96,0xbc,0xff,0xd4,0xa2,0xc3,0xfd,0xe1,0xb6,0xd3,0xff,
    0xcd,0xaf,0xbe,0x67,0x00,0x00,0x00,0x00,0x00,0x00,0x00,0x00,0x00,0x00,0x00,0x00,
    0x00,0x00,0x00,0x00,0x00,0x00,0x00,0x00,0x00,0x00,0x00,0x00,0xda,0xb8,0xc9,0x69,
    0xef,0xbf,0xe3,0xff,0xe8,0xb7,0xde,0xfd,0xea,0xb5,0xde,0xff,0xe8,0xaf,0xdb,0xff,
    0xe6,0xac,0xd8,0xff,0xe4,0xa7,0xd4,0xff,0xe1,0xa4,0xd3,0xff,0xdf,0x8e,0xbc,0xff,
    0xe4,0x81,0xaf,0xff,0xde,0x74,0xa8,0xff,0xde,0xa4,0xc4,0xff,0xef,0xf4,0xfe,0xff,
    0xeb,0xe7,0xf5,0xff,0xe3,0xd8,0xeb,0xff,0xde,0x9c,0xcc,0xff,0xde,0x97,0xc9,0xff,
    0xdb,0x93,0xc6,0xff,0xdb,0x92,0xc7,0xff,0xda,0x92,0xc7,0xff,0xda,0x94,0xc7,0xff,
    0xdc,0x92,0xc8,0xff,0xd3,0x87,0xbe,0xff,0xcf,0x82,0xb9,0xff,0xcc,0x7c,0xb5,0xff,
    0xc7,0x77,0xb0,0xff,0xc7,0x76,0xaf,0xff,0xc8,0x78,0xb1,0xff,0xca,0x7c,0xb4,0xff,
    0xca,0x7c,0xb4,0xff,0xc6,0x75,0xaf,0xff,0xbe,0x6c,0xa8,0xff,0xb9,0x69,0xa4,0xff,
    0xbe,0x71,0xaa,0xff,0xbd,0x72,0xa9,0xff,0xbc,0x70,0xa8,0xff,0xc1,0x73,0xad,0xff,
    0xc1,0x72,0xac,0xff,0xc3,0x75,0xae,0xff,0xc7,0x79,0xb1,0xff,0xc7,0x7a,0xb1,0xff,
    0xc3,0x75,0xad,0xff,0xc1,0x71,0xaa,0xff,0xc2,0x72,0xab,0xff,0xc7,0x79,0xb1,0xff,
    0xc9,0x7e,0xb4,0xff,0xc9,0x7c,0xb5,0xff,0xd3,0x83,0xbd,0xff,0xd2,0x83,0xbc,0xff,
    0xd1,0x82,0xbc,0xff,0xd1,0x83,0xbc,0xff,0xcd,0x84,0xbc,0xff,0xd0,0x75,0xb0,0xff,
    0x88,0x90,0xc8,0xff,0x57,0xd7,0xff,0xff,0x60,0xd2,0xfc,0xff,0x57,0xcf,0xfd,0xff,
    0x59,0xce,0xfc,0xff,0x6a,0xd9,0xfe,0xff,0x5a,0xd1,0xfd,0xff,0x5e,0xd3,0xfe,0xff,
    0x47,0xc2,0xf9,0xff,0x37,0xb6,0xf6,0xff,0x47,0xc5,0xfc,0xff,0x45,0xc4,0xfc,0xff,
    0x42,0xc4,0xfd,0xff,0x6a,0xd6,0xfd,0xff,0x53,0xca,0xfd,0xff,0x4a,0xc3,0xfa,0xff,
    0x2a,0x9f,0xe0,0xff,0x63,0x86,0xb7,0xff,0xb3,0xa0,0xb9,0xff,0xbf,0xb8,0xd2,0xff,
    0xcc,0xc7,0xdd,0xff,0xb5,0x9c,0xb1,0xff,0xb6,0x50,0x79,0xff,0xcb,0x60,0x90,0xff,
    0xc0,0x58,0x87,0xff,0xba,0x54,0x7d,0xff,0x7f,0x51,0x7c,0xff,0x17,0x87,0xc5,0xff,
    0x3d,0xaa,0xe3,0xff,0x48,0xa4,0xd9,0xff,0xa0,0x8b,0xb4,0xff,0xd2,0x89,0xae,0xff,
    0xcb,0x92,0xb7,0xff,0xd1,0x97,0xbc,0xff,0xd3,0xa2,0xc3,0xfe,0xdd,0xb4,0xcf,0xff,
    0xce,0xae,0xbe,0x4f,0x00,0x00,0x00,0x00,0x00,0x00,0x00,0x00,0x00,0x00,0x00,0x00,
    0x00,0x00,0x00,0x00,0x00,0x00,0x00,0x00,0x00,0x00,0x00,0x00,0xd3,0xb6,0xc1,0x46,
    0xe7,0xb8,0xdb,0xff,0xe7,0xb4,0xde,0xfe,0xe9,0xb5,0xde,0xff,0xe7,0xb0,0xdb,0xff,
    0xe6,0xab,0xd7,0xff,0xe4,0xa6,0xd3,0xff,0xe1,0xa5,0xd3,0xff,0xdf,0x8d,0xbc,0xff,
    0xe4,0x7f,0xae,0xff,0xdf,0x74,0xa8,0xff,0xdd,0xa2,0xc2,0xff,0xee,0xf3,0xfd,0xff,
    0xeb,0xe6,0xf5,0xff,0xe4,0xdc,0xee,0xff,0xdc,0x9c,0xcc,0xff,0xdd,0x94,0xc7,0xff,
    0xd9,0x92,0xc4,0xff,0xda,0x92,0xc6,0xff,0xd9,0x92,0xc6,0xff,0xd9,0x8c,0xc4,0xff,
    0x8b,0x49,0x76,0xff,0x59,0x24,0x44,0xff,0x68,0x2e,0x54,0xff,0x6d,0x30,0x59,0xff,
    0x63,0x2c,0x51,0xff,0x4d,0x22,0x3d,0xff,0x4b,0x20,0x3d,0xff,0x52,0x23,0x43,0xff,
    0x54,0x24,0x45,0xff,0x4d,0x21,0x3f,0xff,0x44,0x1d,0x37,0xff,0x44,0x1d,0x37,0xff,
    0x4c,0x21,0x3e,0xff,0x51,0x24,0x43,0xff,0x4c,0x22,0x3f,0xff,0x46,0x1e,0x39,0xff,
    0x47,0x1f,0x3a,0xff,0x4d,0x22,0x3e,0xff,0x4d,0x22,0x3f,0xff,0x49,0x20,0x3b,0xff,
    0x47,0x1e,0x39,0xff,0x45,0x1e,0x38,0xff,0x5f,0x2a,0x4e,0xff,0x71,0x30,0x5c,0xff,
    0x6f,0x2f,0x5a,0xff,0x63,0x28,0x50,0xff,0x8b,0x47,0x75,0xff,0xd1,0x81,0xba,0xff,
    0xd0,0x83,0xbb,0xff,0xd0,0x84,0xbc,0xff,0xce,0x84,0xbc,0xff,0xcf,0x7a,0xb5,0xff,
    0xa5,0x75,0xb2,0xff,0x50,0xc4,0xf8,0xff,0x5e,0xd3,0xfd,0xff,0x5c,0xd2,0xfd,0xff,
    0x60,0xd3,0xfe,0xff,0x5b,0xd0,0xfd,0xff,0x59,0xd0,0xfd,0xff,0x50,0xc7,0xfb,0xff,
    0x37,0xb4,0xf5,0xff,0x42,0xc2,0xfb,0xff,0x47,0xc6,0xfd,0xff,0x45,0xc5,0xfd,0xff,
    0x67,0xd6,0xfd,0xff,0x5b,0xcf,0xfc,0xff,0x4b,0xc6,0xfe,0xff,0x3b,0xb4,0xf1,0xff,
    0x2c,0x8e,0xd0,0xff,0x8c,0x8a,0xaf,0xff,0xb6,0xa8,0xc2,0xff,0xc1,0xb9,0xd1,0xff,
    0xcd,0xc8,0xdd,0xff,0xb5,0x9a,0xaf,0xff,0xb5,0x4c,0x77,0xff,0xcb,0x61,0x90,0xff,
    0xc1,0x59,0x87,0xff,0xbb,0x56,0x7f,0xff,0x81,0x51,0x78,0xff,0x13,0x7e,0xb8,0xff,
    0x35,0xa1,0xda,0xff,0x4e,0xa3,0xd6,0xff,0xaa,0x8a,0xb1,0xff,0xd0,0x8a,0xae,0xff,
    0xcc,0x93,0xb8,0xff,0xcf,0x97,0xbc,0xff,0xd4,0xa4,0xc5,0xfe,0xd7,0xb1,0xc9,0xfe,
    0xcc,0xb3,0xb7,0x3d,0x00,0x00,0x00,0x00,0x00,0x00,0x00,0x00,0x00,0x00,0x00,0x00,
    0x00,0x00,0x00,0x00,0x00,0x00,0x00,0x00,0x00,0x00,0x00,0x00,0xd2,0xb8,0xb8,0x28,
    0xe2,0xb1,0xd4,0xf8,0xea,0xb6,0xe0,0xff,0xe8,0xb4,0xde,0xfe,0xe7,0xb0,0xd9,0xff,
    0xe5,0xaa,0xd6,0xff,0xe3,0xa5,0xd3,0xff,0xe1,0xa4,0xd3,0xff,0xdf,0x8d,0xbc,0xff,
    0xe3,0x7e,0xad,0xff,0xdf,0x75,0xa9,0xff,0xdd,0xa0,0xc1,0xff,0xee,0xf3,0xfd,0xff,
    0xeb,0xe5,0xf5,0xff,0xe6,0xe1,0xf1,0xff,0xd9,0x9f,0xcc,0xff,0xdc,0x90,0xc6,0xff,
    0xd9,0x91,0xc3,0xff,0xd9,0x90,0xc3,0xff,0xdd,0x93,0xc8,0xff,0xc1,0x71,0xa9,0xff,
    0x42,0x12,0x2c,0xff,0x5d,0x25,0x46,0xff,0x6e,0x30,0x58,0xff,0x75,0x35,0x60,0xff,
    0x79,0x3a,0x65,0xff,0x64,0x34,0x54,0xff,0x59,0x2f,0x4a,0xff,0x58,0x2e,0x4b,0xff,
    0x58,0x2d,0x4b,0xff,0x56,0x2b,0x48,0xff,0x51,0x28,0x44,0xff,0x50,0x28,0x43,0xff,
    0x52,0x28,0x45,0xff,0x55,0x2a,0x47,0xff,0x54,0x2a,0x46,0xff,0x52,0x28,0x44,0xff,
    0x52,0x28,0x43,0xff,0x52,0x28,0x44,0xff,0x4f,0x27,0x41,0xff,0x4b,0x24,0x3e,0xff,
    0x47,0x21,0x39,0xff,0x59,0x2a,0x49,0xff,0x79,0x38,0x66,0xff,0x79,0x37,0x64,0xff,
    0x74,0x33,0x5e,0xff,0x6c,0x2d,0x57,0xff,0x58,0x1f,0x42,0xff,0xb5,0x6a,0x9d,0xff,
    0xd6,0x89,0xc1,0xff,0xcf,0x84,0xba,0xff,0xcf,0x83,0xbb,0xff,0xcb,0x7f,0xb8,0xff,
    0xc5,0x6b,0xa8,0xff,0x65,0x92,0xd1,0xff,0x4f,0xd4,0xff,0xff,0x5e,0xd1,0xfb,0xff,
    0x59,0xd0,0xfd,0xff,0x5c,0xd1,0xfe,0xff,0x4f,0xc8,0xfc,0xff,0x35,0xb4,0xf5,0xff,
    0x43,0xc1,0xfa,0xff,0x4a,0xc8,0xfd,0xff,0x59,0xcf,0xfd,0xff,0x77,0xdc,0xfe,0xff,
    0x61,0xd2,0xfd,0xff,0x45,0xc4,0xfb,0xff,0x43,0xbe,0xf7,0xff,0x22,0x9b,0xdf,0xff,
    0x58,0x85,0xbb,0xff,0xad,0x97,0xb5,0xff,0xb9,0xb0,0xca,0xff,0xc6,0xbe,0xd4,0xff,
    0xce,0xc9,0xdf,0xff,0xb2,0x97,0xad,0xff,0xb2,0x48,0x73,0xff,0xcb,0x60,0x90,0xff,
    0xc2,0x5a,0x88,0xff,0xbe,0x5a,0x82,0xff,0x85,0x52,0x73,0xff,0x0f,0x6d,0xa1,0xff,
    0x2c,0x93,0xcb,0xff,0x5b,0xa8,0xd6,0xff,0xb9,0x86,0xad,0xff,0xcc,0x89,0xae,0xff,
    0xcc,0x92,0xb7,0xff,0xcf,0x96,0xbc,0xfe,0xd6,0xa7,0xc7,0xff,0xd5,0xad,0xc7,0xf6,
    0xc6,0xa2,0xaa,0x24,0x00,0x00,0x00,0x00,0x00,0x00,0x00,0x00,0x00,0x00,0x00,0x00,
    0x00,0x00,0x00,0x00,0x00,0x00,0x00,0x00,0x00,0x00,0x00,0x00,0x9c,0xb0,0x89,0x0d,
    0xe1,0xb3,0xd2,0xe2,0xee,0xb9,0xe3,0xff,0xe7,0xb4,0xdd,0xfd,0xe6,0xaf,0xd9,0xff,
    0xe5,0xab,0xd6,0xff,0xe3,0xa6,0xd2,0xff,0xe0,0xa3,0xd1,0xff,0xdf,0x8f,0xbd,0xff,
    0xe3,0x80,0xae,0xff,0xdf,0x76,0xa9,0xff,0xdb,0x9b,0xbf,0xff,0xed,0xf2,0xfc,0xff,
    0xeb,0xe5,0xf4,0xff,0xe8,0xe6,0xf5,0xff,0xd7,0xa8,0xcf,0xff,0xda,0x8c,0xc3,0xff,
    0xd9,0x90,0xc4,0xff,0xd9,0x90,0xc3,0xff,0xda,0x8f,0xc5,0xff,0xd1,0x7f,0xb8,0xff,
    0x68,0x2d,0x50,0xff,0x5a,0x1f,0x43,0xff,0x69,0x2b,0x53,0xff,0x66,0x2c,0x53,0xff,
    0x6c,0x2f,0x58,0xff,0x71,0x34,0x5e,0xff,0x60,0x2c,0x4f,0xff,0x4e,0x24,0x3f,0xff,
    0x44,0x1f,0x37,0xff,0x43,0x1e,0x37,0xff,0x49,0x21,0x3b,0xff,0x4a,0x21,0x3b,0xff,
    0x46,0x1f,0x39,0xff,0x45,0x1f,0x38,0xff,0x48,0x21,0x3a,0xff,0x49,0x21,0x3b,0xff,
    0x47,0x20,0x38,0xff,0x45,0x1d,0x36,0xff,0x44,0x1c,0x35,0xff,0x48,0x1d,0x39,0xff,
    0x58,0x25,0x47,0xff,0x6b,0x2e,0x56,0xff,0x74,0x32,0x5e,0xff,0x78,0x34,0x61,0xff,
    0x77,0x31,0x5f,0xff,0x6b,0x28,0x54,0xff,0x6c,0x30,0x55,0xff,0xc9,0x7c,0xb1,0xff,
    0xd3,0x87,0xbd,0xff,0xcf,0x85,0xbb,0xff,0xcf,0x83,0xba,0xff,0xcc,0x80,0xb7,0xff,
    0xca,0x79,0xb1,0xff,0xa9,0x6a,0xa4,0xff,0x46,0xac,0xe8,0xff,0x4f,0xd1,0xff,0xff,
    0x58,0xcd,0xfb,0xff,0x56,0xcd,0xfc,0xff,0x53,0xcb,0xfc,0xff,0x56,0xce,0xfc,0xff,
    0x64,0xd4,0xfd,0xff,0x69,0xd7,0xfd,0xff,0x6a,0xd7,0xfd,0xff,0x5d,0xcf,0xfd,0xff,
    0x4e,0xc8,0xfe,0xff,0x47,0xc1,0xfa,0xff,0x24,0xa0,0xe4,0xff,0x32,0x80,0xc0,0xff,
    0x92,0x86,0xa8,0xff,0xb3,0xa4,0xc0,0xff,0xc0,0xb6,0xcf,0xff,0xc9,0xc1,0xd7,0xff,
    0xd0,0xcb,0xe0,0xff,0xb0,0x95,0xa9,0xff,0xb0,0x45,0x71,0xff,0xca,0x60,0x90,0xff,
    0xc2,0x5a,0x87,0xff,0xbc,0x5d,0x84,0xff,0x97,0x54,0x6f,0xff,0x0f,0x57,0x86,0xff,
    0x23,0x87,0xc1,0xff,0x82,0x98,0xc2,0xff,0xc7,0x80,0xa6,0xff,0xc7,0x8a,0xb0,0xff,
    0xcc,0x90,0xb6,0xff,0xce,0x97,0xbc,0xfe,0xd9,0xab,0xc9,0xff,0xd4,0xae,0xc5,0xe6,
    0xb4,0xa5,0x96,0x11,0x00,0x00,0x00,0x00,0x00,0x00,0x00,0x00,0x00,0x00,0x00,0x00,
    0x00,0x00,0x00,0x00,0x00,0x00,0x00,0x00,0x00,0x00,0x00,0x00,0x00,0x00,0x00,0x00,
    0xe1,0xb1,0xce,0xc9,0xf1,0xbb,0xe5,0xff,0xe7,0xb3,0xdc,0xfd,0xe7,0xae,0xd9,0xff,
    0xe5,0xaa,0xd6,0xff,0xe2,0xa5,0xd3,0xff,0xe1,0xa4,0xd1,0xff,0xdf,0x91,0xbe,0xff,
    0xe3,0x80,0xae,0xff,0xe0,0x76,0xa9,0xff,0xda,0x96,0xba,0xff,0xec,0xf0,0xfb,0xff,
    0xeb,0xe5,0xf4,0xff,0xe9,0xe7,0xf6,0xff,0xd8,0xbd,0xda,0xff,0xd7,0x8a,0xc0,0xff,
    0xd9,0x91,0xc5,0xff,0xd9,0x8f,0xc4,0xff,0xd8,0x8d,0xc2,0xff,0xdb,0x8c,0xc3,0xff,
    0xd1,0x84,0xb9,0xff,0xb7,0x74,0xa1,0xff,0xb7,0x70,0x9f,0xff,0xb4,0x6c,0x9c,0xff,
    0xb6,0x6f,0x9e,0xff,0xbc,0x76,0xa6,0xff,0xba,0x78,0xa5,0xff,0xab,0x6f,0x97,0xff,
    0xa2,0x63,0x8c,0xff,0xa4,0x64,0x8f,0xff,0xaa,0x6b,0x96,0xff,0xac,0x6f,0x96,0xff,
    0xa8,0x6b,0x93,0xff,0xa5,0x66,0x90,0xff,0xa6,0x65,0x90,0xff,0xa9,0x68,0x93,0xff,
    0xa7,0x66,0x91,0xff,0xa4,0x63,0x8c,0xff,0xa4,0x62,0x8c,0xff,0xa6,0x63,0x8f,0xff,
    0xad,0x66,0x95,0xff,0xb1,0x6b,0x99,0xff,0xb4,0x6b,0x9a,0xff,0xb7,0x6c,0x9d,0xff,
    0xba,0x70,0xa2,0xff,0xb8,0x70,0x9f,0xff,0xcf,0x83,0xb5,0xff,0xd7,0x87,0xbf,0xff,
    0xce,0x84,0xb9,0xff,0xd0,0x85,0xbb,0xff,0xcf,0x83,0xb9,0xff,0xce,0x81,0xb8,0xff,
    0xc9,0x7f,0xb5,0xff,0xc8,0x74,0xaa,0xff,0x95,0x6b,0xa4,0xff,0x3a,0xa1,0xe1,0xff,
    0x3c,0xc5,0xff,0xff,0x50,0xc9,0xfc,0xff,0x50,0xc8,0xfb,0xff,0x4d,0xc8,0xfc,0xff,
    0x4e,0xca,0xfc,0xff,0x4f,0xc9,0xfd,0xff,0x4b,0xc6,0xfd,0xff,0x4b,0xc5,0xfc,0xff,
    0x46,0xbf,0xf8,0xff,0x28,0xa6,0xea,0xff,0x31,0x88,0xc8,0xff,0x86,0x7f,0xa5,0xff,
    0xaa,0x98,0xb7,0xff,0xb8,0xac,0xc8,0xff,0xc4,0xba,0xd2,0xff,0xca,0xc3,0xd9,0xff,
    0xcf,0xcb,0xe0,0xff,0xaf,0x94,0xa8,0xff,0xb2,0x48,0x73,0xff,0xca,0x60,0x90,0xff,
    0xc2,0x5a,0x87,0xff,0xb7,0x5b,0x82,0xff,0xb2,0x60,0x76,0xff,0x78,0x43,0x51,0xff,
    0x88,0x60,0x7d,0xff,0xb9,0x79,0xa2,0xff,0xc3,0x80,0xa7,0xff,0xc8,0x8a,0xb0,0xff,
    0xcc,0x90,0xb7,0xff,0xce,0x98,0xbd,0xfd,0xdd,0xb0,0xce,0xff,0xd2,0xb0,0xc2,0xcf,
    0x00,0x00,0x00,0x00,0x00,0x00,0x00,0x00,0x00,0x00,0x00,0x00,0x00,0x00,0x00,0x00,
    0x00,0x00,0x00,0x00,0x00,0x00,0x00,0x00,0x00,0x00,0x00,0x00,0x00,0x00,0x00,0x00,
    0xde,0xb0,0xcc,0xa6,0xf4,0xbe,0xe7,0xff,0xe7,0xb3,0xdc,0xfb,0xe8,0xb0,0xda,0xff,
    0xe5,0xaa,0xd6,0xff,0xe2,0xa6,0xd2,0xff,0xe2,0xa5,0xd2,0xff,0xdf,0x93,0xbf,0xff,
    0xe2,0x7e,0xad,0xff,0xe1,0x76,0xa9,0xff,0xda,0x8e,0xb5,0xff,0xec,0xee,0xf9,0xff,
    0xec,0xe8,0xf5,0xff,0xe9,0xe4,0xf4,0xff,0xde,0xd6,0xe9,0xff,0xd1,0x92,0xc2,0xff,
    0xd9,0x8e,0xc4,0xff,0xd7,0x8c,0xc2,0xff,0xd8,0x8b,0xc2,0xff,0xd6,0x8b,0xc0,0xff,
    0xd9,0x8d,0xc3,0xff,0xe1,0x94,0xcb,0xff,0xe0,0x8f,0xc9,0xff,0xe1,0x8e,0xc9,0xff,
    0xe2,0x92,0xcb,0xff,0xe2,0x94,0xcb,0xff,0xea,0x9d,0xd4,0xff,0xeb,0x9a,0xd5,0xff,
    0xe8,0x91,0xcf,0xff,0xeb,0x90,0xd1,0xff,0xed,0x96,0xd4,0xff,0xec,0x9e,0xd6,0xff,
    0xeb,0x9b,0xd4,0xff,0xe8,0x93,0xcf,0xff,0xe5,0x8e,0xcd,0xff,0xe6,0x8e,0xcd,0xff,
    0xe6,0x8d,0xcd,0xff,0xe5,0x8d,0xcc,0xff,0xe5,0x90,0xcc,0xff,0xe5,0x92,0xcc,0xff,
    0xe3,0x8f,0xcb,0xff,0xe1,0x8f,0xc9,0xff,0xdf,0x8b,0xc6,0xff,0xdd,0x87,0xc4,0xff,
    0xdc,0x89,0xc5,0xff,0xdd,0x90,0xc6,0xff,0xd6,0x89,0xbf,0xff,0xcf,0x82,0xb8,0xff,
    0xd0,0x85,0xba,0xff,0xd0,0x83,0xb9,0xff,0xcf,0x82,0xba,0xff,0xcf,0x81,0xb9,0xff,
    0xcc,0x7f,0xb6,0xff,0xc5,0x7d,0xb2,0xff,0xc0,0x6d,0xa2,0xff,0x95,0x5a,0x92,0xff,
    0x44,0x7f,0xc1,0xff,0x29,0xad,0xee,0xff,0x39,0xc0,0xfc,0xff,0x3f,0xc2,0xfd,0xff,
    0x3f,0xc1,0xfe,0xff,0x40,0xbf,0xfc,0xff,0x37,0xb5,0xf6,0xff,0x27,0xa6,0xea,0xff,
    0x22,0x94,0xda,0xff,0x4c,0x87,0xc1,0xff,0x93,0x88,0xab,0xff,0xab,0x99,0xb6,0xff,
    0xb6,0xa9,0xc6,0xff,0xc0,0xb5,0xce,0xff,0xc6,0xbe,0xd5,0xff,0xcb,0xc4,0xda,0xff,
    0xce,0xcb,0xdf,0xff,0xb0,0x91,0xa5,0xff,0xb5,0x4c,0x76,0xff,0xc9,0x61,0x8f,0xff,
    0xc0,0x58,0x85,0xff,0xb5,0x56,0x7e,0xff,0xb1,0x64,0x79,0xff,0xb0,0x4d,0x53,0xff,
    0xb3,0x55,0x67,0xff,0xbc,0x79,0xa1,0xff,0xc2,0x82,0xa8,0xff,0xc8,0x8a,0xb0,0xff,
    0xcb,0x90,0xb7,0xff,0xcd,0x98,0xbd,0xfc,0xe1,0xb4,0xd2,0xff,0xd1,0xae,0xbf,0xae,
    0x00,0x00,0x00,0x00,0x00,0x00,0x00,0x00,0x00,0x00,0x00,0x00,0x00,0x00,0x00,0x00,
    0x00,0x00,0x00,0x00,0x00,0x00,0x00,0x00,0x00,0x00,0x00,0x00,0x00,0x00,0x00,0x00,
    0xd8,0xb0,0xc4,0x72,0xf4,0xbe,0xe5,0xff,0xe5,0xb1,0xda,0xfb,0xe8,0xb1,0xdb,0xff,
    0xe6,0xab,0xd7,0xff,0xe3,0xa7,0xd3,0xff,0xe2,0xa6,0xd3,0xff,0xde,0x95,0xc1,0xff,
    0xe0,0x7c,0xab,0xff,0xe2,0x77,0xab,0xff,0xd9,0x84,0xae,0xff,0xeb,0xea,0xf6,0xff,
    0xec,0xe8,0xf5,0xff,0xe8,0xe2,0xf2,0xff,0xe4,0xe2,0xf2,0xff,0xd0,0xaa,0xcd,0xff,
    0xd3,0x83,0xbd,0xff,0xd6,0x8b,0xc2,0xff,0xd6,0x88,0xc0,0xff,0xd7,0x8b,0xc1,0xff,
    0xd6,0x8a,0xc0,0xff,0xd3,0x87,0xbd,0xff,0xd2,0x87,0xbd,0xff,0xd1,0x85,0xbb,0xff,
    0xd2,0x84,0xbd,0xff,0xcb,0x77,0xb4,0xff,0xa9,0x5e,0x92,0xff,0xa8,0x5e,0x92,0xff,
    0xae,0x63,0x98,0xff,0xb2,0x64,0x99,0xff,0xb0,0x61,0x99,0xff,0xb2,0x66,0x9b,0xff,
    0xb2,0x68,0x9c,0xff,0xaf,0x63,0x99,0xff,0xac,0x5d,0x94,0xff,0xaa,0x5b,0x92,0xff,
    0xaa,0x5c,0x92,0xff,0xab,0x5d,0x94,0xff,0xae,0x62,0x97,0xff,0xb1,0x67,0x9a,0xff,
    0xb0,0x64,0x98,0xff,0xc5,0x75,0xae,0xff,0xd1,0x82,0xbb,0xff,0xcd,0x7d,0xb6,0xff,
    0xcd,0x7c,0xb5,0xff,0xcd,0x7e,0xb5,0xff,0xce,0x82,0xb8,0xff,0xd0,0x83,0xb9,0xff,
    0xd0,0x83,0xba,0xff,0xcf,0x82,0xb9,0xff,0xd0,0x83,0xb9,0xff,0xcf,0x82,0xb8,0xff,
    0xcd,0x81,0xb7,0xff,0xc9,0x7f,0xb3,0xff,0xc0,0x79,0xac,0xff,0xb8,0x69,0x9f,0xff,
    0xa3,0x52,0x88,0xff,0x71,0x59,0x93,0xff,0x49,0x76,0xb5,0xff,0x34,0x88,0xc9,0xff,
    0x2a,0x8a,0xce,0xff,0x28,0x89,0xcd,0xff,0x31,0x82,0xc4,0xff,0x48,0x7a,0xb4,0xff,
    0x74,0x7a,0xa6,0xff,0x9d,0x89,0xa9,0xff,0xaa,0x9b,0xb9,0xff,0xb5,0xaa,0xc5,0xff,
    0xbf,0xb4,0xcd,0xff,0xc5,0xbc,0xd3,0xff,0xc9,0xc1,0xd8,0xff,0xcc,0xc5,0xda,0xff,
    0xce,0xcb,0xde,0xff,0xb0,0x8a,0x9e,0xff,0xb9,0x4e,0x78,0xff,0xc8,0x61,0x8e,0xff,
    0xbf,0x55,0x83,0xff,0xb4,0x55,0x7d,0xff,0xb3,0x63,0x77,0xff,0xaf,0x52,0x5c,0xff,
    0xaf,0x5d,0x72,0xff,0xbe,0x7a,0xa4,0xff,0xc4,0x81,0xa8,0xff,0xc8,0x8a,0xb2,0xff,
    0xcb,0x91,0xb7,0xff,0xce,0x9a,0xbd,0xfb,0xe5,0xb5,0xd3,0xff,0xd0,0xac,0xba,0x7f,
    0x00,0x00,0x00,0x00,0x00,0x00,0x00,0x00,0x00,0x00,0x00,0x00,0x00,0x00,0x00,0x00,
    0x00,0x00,0x00,0x00,0x00,0x00,0x00,0x00,0x00,0x00,0x00,0x00,0x00,0x00,0x00,0x00,
    0xd5,0xb0,0xbd,0x3e,0xeb,0xb4,0xdc,0xff,0xe5,0xb0,0xd9,0xfd,0xe8,0xb2,0xdb,0xff,
    0xe6,0xad,0xd8,0xff,0xe4,0xa8,0xd3,0xff,0xe3,0xa6,0xd3,0xff,0xde,0x98,0xc3,0xff,
    0xde,0x79,0xa9,0xff,0xe2,0x78,0xac,0xff,0xd8,0x79,0xa8,0xff,0xe6,0xe0,0xee,0xff,
    0xeb,0xe9,0xf6,0xff,0xe7,0xe1,0xf2,0xff,0xe7,0xe1,0xf2,0xff,0xdc,0xd3,0xe6,0xff,
    0xcb,0x89,0xba,0xff,0xd7,0x87,0xc0,0xff,0xd6,0x89,0xc0,0xff,0xd6,0x8a,0xc0,0xff,
    0xd5,0x8a,0xc0,0xff,0xd5,0x89,0xbf,0xff,0xd3,0x87,0xbe,0xff,0xd2,0x86,0xbd,0xff,
    0xd4,0x82,0xbe,0xff,0x75,0x37,0x60,0xff,0x40,0x11,0x2b,0xff,0x58,0x1f,0x42,0xff,
    0x68,0x28,0x50,0xff,0x6e,0x2d,0x57,0xff,0x6e,0x2e,0x58,0xff,0x6d,0x2d,0x58,0xff,
    0x6f,0x30,0x5a,0xff,0x71,0x31,0x5c,0xff,0x6e,0x2f,0x59,0xff,0x6b,0x2d,0x55,0xff,
    0x6b,0x2d,0x56,0xff,0x6d,0x2d,0x57,0xff,0x6d,0x2c,0x56,0xff,0x6a,0x29,0x51,0xff,
    0x57,0x1d,0x3f,0xff,0x69,0x2c,0x52,0xff,0xca,0x79,0xb3,0xff,0xd0,0x81,0xb9,0xff,
    0xcf,0x7f,0xb7,0xff,0xcf,0x81,0xb9,0xff,0xcf,0x82,0xb9,0xff,0xcf,0x82,0xb8,0xff,
    0xcf,0x83,0xb8,0xff,0xd1,0x83,0xb9,0xff,0xd1,0x83,0xb9,0xff,0xd0,0x83,0xb9,0xff,
    0xcd,0x82,0xb8,0xff,0xca,0x80,0xb4,0xff,0xc5,0x7d,0xb0,0xff,0xbe,0x78,0xab,0xff,
    0xb5,0x6f,0xa4,0xff,0xb1,0x60,0x93,0xff,0xa5,0x51,0x86,0xff,0x93,0x4b,0x7f,0xff,
    0x7f,0x3e,0x72,0xff,0x6f,0x42,0x6d,0xff,0x87,0x75,0x9b,0xff,0x9f,0x86,0xa9,0xff,
    0xa6,0x93,0xb3,0xff,0xaa,0xa0,0xbf,0xff,0xb4,0xaa,0xc5,0xff,0xbe,0xb3,0xcd,0xff,
    0xc4,0xbb,0xd2,0xff,0xc8,0xc1,0xd7,0xff,0xcc,0xc5,0xdb,0xff,0xcd,0xc6,0xdb,0xff,
    0xcc,0xca,0xdc,0xff,0xac,0x7e,0x94,0xff,0xbc,0x4e,0x7a,0xff,0xc8,0x62,0x8f,0xff,
    0xbe,0x55,0x82,0xff,0xb3,0x55,0x7c,0xff,0xb3,0x5f,0x74,0xff,0xb0,0x53,0x5b,0xff,
    0xb3,0x62,0x78,0xff,0xc1,0x7d,0xa8,0xff,0xc4,0x82,0xab,0xff,0xc8,0x8a,0xb3,0xff,
    0xcc,0x92,0xb9,0xff,0xcf,0x9d,0xc0,0xfc,0xde,0xb1,0xcf,0xff,0xc7,0xa8,0xb3,0x4a,
    0x00,0x00,0x00,0x00,0x00,0x00,0x00,0x00,0x00,0x00,0x00,0x00,0x00,0x00,0x00,0x00,
    0x00,0x00,0x00,0x00,0x00,0x00,0x00,0x00,0x00,0x00,0x00,0x00,0x00,0x00,0x00,0x00,
    0xb4,0xb4,0xa5,0x11,0xdd,0xab,0xcd,0xf1,0xea,0xb3,0xdc,0xff,0xe6,0xb2,0xda,0xfe,
    0xe6,0xae,0xd9,0xff,0xe4,0xa9,0xd4,0xff,0xe3,0xa6,0xd3,0xff,0xde,0x9b,0xc6,0xff,
    0xdb,0x77,0xa7,0xff,0xe0,0x79,0xac,0xff,0xd7,0x6e,0xa1,0xff,0xdd,0xca,0xdf,0xff,
    0xea,0xea,0xf7,0xff,0xe7,0xe2,0xf1,0xff,0xe7,0xe1,0xf1,0xff,0xe6,0xe4,0xf2,0xff,
    0xd1,0xb9,0xd5,0xff,0xca,0x7a,0xb3,0xff,0xd6,0x8a,0xc1,0xff,0xd5,0x89,0xbf,0xff,
    0xd5,0x87,0xbf,0xff,0xd4,0x86,0xbe,0xff,0xd3,0x86,0xbd,0xff,0xd1,0x87,0xbc,0xff,
    0xd3,0x82,0xbc,0xff,0x5f,0x29,0x4a,0xff,0x41,0x0f,0x2d,0xff,0x5f,0x22,0x48,0xff,
    0x69,0x2a,0x54,0xff,0x75,0x32,0x5f,0xff,0x78,0x35,0x62,0xff,0x75,0x34,0x61,0xff,
    0x75,0x35,0x62,0xff,0x79,0x38,0x66,0xff,0x7a,0x38,0x67,0xff,0x78,0x36,0x65,0xff,
    0x73,0x32,0x60,0xff,0x6e,0x2e,0x5a,0xff,0x6b,0x2a,0x54,0xff,0x67,0x27,0x4f,0xff,
    0x58,0x1d,0x41,0xff,0x5a,0x20,0x40,0xff,0xc9,0x7b,0xb0,0xff,0xd1,0x82,0xb9,0xff,
    0xce,0x7f,0xb6,0xff,0xcf,0x80,0xb8,0xff,0xd0,0x81,0xb9,0xff,0xcf,0x81,0xb8,0xff,
    0xcf,0x81,0xb8,0xff,0xd0,0x82,0xb9,0xff,0xd1,0x83,0xb9,0xff,0xd0,0x82,0xb9,0xff,
    0xce,0x81,0xb7,0xff,0xcb,0x80,0xb5,0xff,0xc9,0x7e,0xb1,0xff,0xc6,0x7d,0xaf,0xff,
    0xc2,0x79,0xab,0xff,0xbb,0x73,0xa6,0xff,0xb3,0x6d,0xa1,0xff,0xac,0x62,0x97,0xff,
    0x91,0x45,0x79,0xff,0x8b,0x6b,0x94,0xff,0xa9,0x9a,0xbe,0xff,0xaf,0xa2,0xc2,0xff,
    0xb6,0xab,0xc8,0xff,0xbd,0xb2,0xcc,0xff,0xc1,0xb7,0xd0,0xff,0xc6,0xbc,0xd4,0xff,
    0xca,0xc1,0xd8,0xff,0xcc,0xc5,0xda,0xff,0xcf,0xc9,0xdd,0xff,0xd0,0xc9,0xdd,0xff,
    0xc8,0xc6,0xd9,0xff,0xa6,0x6b,0x85,0xff,0xbe,0x4e,0x7c,0xff,0xc7,0x61,0x8d,0xff,
    0xbd,0x55,0x81,0xff,0xb3,0x58,0x7c,0xff,0xb1,0x5d,0x70,0xff,0xaf,0x51,0x57,0xff,
    0xb4,0x66,0x7c,0xff,0xc2,0x81,0xaa,0xff,0xc5,0x84,0xac,0xff,0xca,0x8b,0xb4,0xff,
    0xcc,0x94,0xbb,0xfe,0xd3,0xa3,0xc5,0xff,0xce,0xa9,0xc2,0xf4,0xb1,0xa6,0xa6,0x17,
    0x00,0x00,0x00,0x00,0x00,0x00,0x00,0x00,0x00,0x00,0x00,0x00,0x00,0x00,0x00,0x00,
    0x00,0x00,0x00,0x00,0x00,0x00,0x00,0x00,0x00,0x00,0x00,0x00,0xff,0xff,0xff,0x02,
    0x00,0x00,0x00,0x00,0xdb,0xad,0xc5,0xb6,0xef,0xb8,0xe1,0xff,0xe5,0xb2,0xd9,0xfc,
    0xe6,0xb0,0xd9,0xff,0xe3,0xaa,0xd4,0xff,0xe3,0xa5,0xd1,0xff,0xde,0x9e,0xca,0xff,
    0xd9,0x77,0xa7,0xff,0xdf,0x79,0xac,0xff,0xd8,0x6b,0x9f,0xff,0xd5,0xab,0xc8,0xff,
    0xe9,0xec,0xf7,0xff,0xe8,0xe3,0xf1,0xff,0xe7,0xe2,0xf1,0xff,0xe5,0xdd,0xee,0xff,
    0xe0,0xdb,0xec,0xff,0xc4,0x9f,0xc4,0xff,0xc7,0x75,0xb0,0xff,0xd5,0x87,0xc0,0xff,
    0xd4,0x86,0xbf,0xff,0xd4,0x85,0xbd,0xff,0xd3,0x88,0xbe,0xff,0xd2,0x88,0xbd,0xff,
    0xd5,0x86,0xbe,0xff,0xbd,0x71,0xa5,0xff,0x8b,0x4f,0x75,0xff,0x92,0x53,0x7b,0xff,
    0x96,0x56,0x7f,0xff,0x9b,0x59,0x84,0xff,0x9e,0x5b,0x86,0xff,0x9c,0x5a,0x85,0xff,
    0x9c,0x5a,0x85,0xff,0x9d,0x59,0x87,0xff,0x9d,0x59,0x85,0xff,0x9c,0x58,0x85,0xff,
    0x98,0x54,0x81,0xff,0x96,0x52,0x7f,0xff,0x95,0x52,0x7d,0xff,0x97,0x53,0x7e,0xff,
    0x91,0x50,0x78,0xff,0xb8,0x75,0xa0,0xff,0xd8,0x8a,0xc0,0xff,0xce,0x7e,0xb5,0xff,
    0xcf,0x7e,0xb6,0xff,0xcf,0x7f,0xb7,0xff,0xcf,0x81,0xb8,0xff,0xcf,0x81,0xb9,0xff,
    0xcf,0x81,0xb8,0xff,0xcf,0x81,0xb8,0xff,0xcf,0x82,0xb8,0xff,0xcf,0x82,0xb7,0xff,
    0xce,0x83,0xb7,0xff,0xcc,0x81,0xb5,0xff,0xca,0x7f,0xb2,0xff,0xc9,0x7f,0xb2,0xff,
    0xc6,0x7d,0xb0,0xff,0xc1,0x76,0xaa,0xff,0xb9,0x6c,0xa2,0xff,0xa4,0x54,0x8b,0xff,
    0x94,0x6b,0x94,0xff,0xb0,0xa4,0xc2,0xff,0xbc,0xae,0xcb,0xff,0xbf,0xb2,0xce,0xff,
    0xc3,0xb8,0xd1,0xff,0xc6,0xbc,0xd4,0xff,0xc9,0xc0,0xd7,0xff,0xcc,0xc4,0xda,0xff,
    0xce,0xc7,0xdb,0xff,0xcf,0xc8,0xdd,0xff,0xd0,0xca,0xde,0xff,0xd0,0xc9,0xdd,0xff,
    0xbe,0xb9,0xcc,0xff,0xa2,0x53,0x72,0xff,0xc2,0x52,0x82,0xff,0xc3,0x5f,0x8b,0xff,
    0xbb,0x55,0x7f,0xff,0xb4,0x5b,0x7d,0xff,0xb1,0x5b,0x6b,0xff,0xad,0x4d,0x54,0xff,
    0xb6,0x69,0x84,0xff,0xc2,0x82,0xab,0xff,0xc5,0x85,0xad,0xff,0xca,0x8d,0xb5,0xff,
    0xce,0x97,0xbd,0xfc,0xdd,0xad,0xcf,0xff,0xcd,0xaa,0xbe,0xbf,0x00,0x00,0x00,0x00,
    0xff,0x7f,0xff,0x02,0x00,0x00,0x00,0x00,0x00,0x00,0x00,0x00,0x00,0x00,0x00,0x00,
    0x00,0x00,0x00,0x00,0x00,0x00,0x00,0x00,0x00,0x00,0x00,0x00,0xff,0xbf,0xff,0x04,
    0x00,0x00,0x00,0x00,0xd7,0xac,0xbe,0x66,0xef,0xb8,0xde,0xff,0xe3,0xb0,0xd7,0xfb,
    0xe5,0xaf,0xd8,0xff,0xe3,0xaa,0xd5,0xff,0xe2,0xa4,0xd1,0xff,0xe0,0xa2,0xce,0xff,
    0xd8,0x7b,0xab,0xff,0xdd,0x76,0xa8,0xff,0xdc,0x70,0xa4,0xff,0xd1,0x86,0xad,0xff,
    0xe4,0xe3,0xf1,0xff,0xe8,0xe2,0xf0,0xff,0xe5,0xe0,0xf0,0xff,0xe4,0xdd,0xee,0xff,
    0xe1,0xd9,0xec,0xff,0xdb,0xd6,0xe9,0xff,0xc2,0x9e,0xc1,0xff,0xc2,0x74,0xac,0xff,
    0xd0,0x7e,0xb8,0xff,0xd3,0x87,0xbe,0xff,0xd4,0x89,0xbe,0xff,0xd3,0x88,0xbd,0xff,
    0xd1,0x84,0xb9,0xff,0xd5,0x86,0xbd,0xff,0xe0,0x92,0xc8,0xff,0xe0,0x93,0xc9,0xff,
    0xdf,0x91,0xc7,0xff,0xde,0x8f,0xc5,0xff,0xdf,0x91,0xc6,0xff,0xe0,0x94,0xc8,0xff,
    0xe1,0x94,0xc8,0xff,0xdf,0x90,0xc6,0xff,0xde,0x8f,0xc5,0xff,0xde,0x8e,0xc6,0xff,
    0xde,0x8e,0xc5,0xff,0xdf,0x8f,0xc5,0xff,0xe0,0x91,0xc6,0xff,0xde,0x8f,0xc6,0xff,
    0xdf,0x8c,0xc5,0xff,0xd8,0x89,0xc0,0xff,0xce,0x81,0xb5,0xff,0xce,0x7f,0xb6,0xff,
    0xce,0x7e,0xb6,0xff,0xcd,0x7f,0xb6,0xff,0xcd,0x80,0xb6,0xff,0xce,0x80,0xb6,0xff,
    0xce,0x7f,0xb7,0xff,0xcd,0x7f,0xb6,0xff,0xcd,0x80,0xb6,0xff,0xcd,0x81,0xb6,0xff,
    0xcd,0x82,0xb6,0xff,0xcb,0x82,0xb5,0xff,0xca,0x81,0xb3,0xff,0xc9,0x81,0xb3,0xff,
    0xc7,0x7e,0xb0,0xff,0xba,0x6b,0xa2,0xff,0x9e,0x4d,0x85,0xff,0x93,0x67,0x90,0xff,
    0xb5,0xa9,0xc5,0xff,0xc5,0xb9,0xd2,0xff,0xc7,0xbc,0xd5,0xff,0xc9,0xbe,0xd6,0xff,
    0xca,0xc0,0xd8,0xff,0xcc,0xc4,0xd9,0xff,0xcd,0xc6,0xdb,0xff,0xcf,0xc8,0xdd,0xff,
    0xcf,0xc9,0xde,0xff,0xcf,0xc9,0xde,0xff,0xcf,0xc9,0xdd,0xff,0xcb,0xc6,0xdc,0xff,
    0xae,0x9d,0xb0,0xff,0xa8,0x44,0x6b,0xff,0xc6,0x59,0x8a,0xff,0xc1,0x5c,0x89,0xff,
    0xb7,0x53,0x7d,0xff,0xb2,0x5c,0x7d,0xff,0xb0,0x57,0x64,0xff,0xaa,0x4d,0x55,0xff,
    0xb8,0x70,0x90,0xff,0xc2,0x82,0xab,0xff,0xc5,0x87,0xae,0xff,0xca,0x8f,0xb6,0xff,
    0xcf,0x9a,0xbd,0xfb,0xe1,0xb2,0xd2,0xff,0xc9,0xa7,0xb8,0x78,0x00,0x00,0x00,0x00,
    0xff,0xbf,0xbf,0x04,0x00,0x00,0x00,0x00,0x00,0x00,0x00,0x00,0x00,0x00,0x00,0x00,
    0x00,0x00,0x00,0x00,0x00,0x00,0x00,0x00,0x00,0x00,0x00,0x00,0xff,0x7f,0x7f,0x02,
    0x00,0x00,0x00,0x00,0xbd,0xa0,0xa0,0x23,0xdd,0xab,0xc9,0xf9,0xe2,0xae,0xd5,0xfe,
    0xe3,0xad,0xd7,0xfe,0xe3,0xab,0xd5,0xff,0xe2,0xa5,0xd1,0xff,0xe1,0xa5,0xd1,0xff,
    0xd9,0x87,0xb5,0xff,0xd9,0x71,0xa2,0xff,0xdd,0x77,0xa9,0xff,0xd0,0x67,0x98,0xff,
    0xd6,0xbe,0xd4,0xff,0xe6,0xe3,0xf3,0xff,0xe3,0xdd,0xee,0xff,0xe3,0xdd,0xee,0xff,
    0xe2,0xdc,0xed,0xff,0xe2,0xd9,0xec,0xff,0xdb,0xd7,0xe9,0xff,0xc3,0xab,0xc8,0xff,
    0xb7,0x71,0xa6,0xff,0xc2,0x6d,0xaa,0xff,0xcd,0x7f,0xb6,0xff,0xd2,0x86,0xbc,0xff,
    0xd2,0x87,0xbb,0xff,0xd0,0x84,0xb8,0xff,0xcd,0x84,0xb6,0xff,0xce,0x83,0xb6,0xff,
    0xce,0x80,0xb5,0xff,0xcd,0x7f,0xb5,0xff,0xce,0x81,0xb6,0xff,0xcf,0x82,0xb7,0xff,
    0xcf,0x83,0xb7,0xff,0xce,0x82,0xb7,0xff,0xcf,0x82,0xb7,0xff,0xcf,0x82,0xb7,0xff,
    0xcf,0x83,0xb7,0xff,0xcf,0x82,0xb7,0xff,0xcf,0x82,0xb6,0xff,0xce,0x80,0xb4,0xff,
    0xcd,0x7d,0xb3,0xff,0xcc,0x7f,0xb4,0xff,0xce,0x82,0xb6,0xff,0xce,0x82,0xb6,0xff,
    0xce,0x82,0xb6,0xff,0xce,0x81,0xb6,0xff,0xcd,0x80,0xb5,0xff,0xcd,0x7f,0xb5,0xff,
    0xcd,0x7f,0xb4,0xff,0xcd,0x7f,0xb5,0xff,0xcc,0x7e,0xb4,0xff,0xcc,0x80,0xb5,0xff,
    0xcc,0x81,0xb5,0xff,0xca,0x80,0xb3,0xff,0xc7,0x7d,0xb0,0xff,0xc2,0x76,0xaa,0xff,
    0xb5,0x66,0x9d,0xff,0x9b,0x54,0x89,0xff,0x95,0x71,0x99,0xff,0xb9,0xad,0xc9,0xff,
    0xc8,0xbb,0xd5,0xff,0xca,0xbf,0xd8,0xff,0xcd,0xc4,0xdb,0xff,0xcf,0xc6,0xdc,0xff,
    0xcf,0xc7,0xdd,0xff,0xd0,0xc9,0xdd,0xff,0xd0,0xca,0xde,0xff,0xd0,0xc9,0xde,0xff,
    0xd0,0xc9,0xde,0xff,0xcf,0xc9,0xde,0xff,0xcc,0xc6,0xda,0xff,0xc2,0xc1,0xd4,0xff,
    0xa4,0x74,0x8b,0xff,0xb7,0x49,0x75,0xff,0xc5,0x5e,0x8d,0xff,0xbf,0x59,0x86,0xff,
    0xb1,0x4f,0x77,0xff,0xb1,0x5b,0x78,0xff,0xad,0x51,0x5a,0xff,0xa9,0x51,0x5e,0xff,
    0xbb,0x77,0x9c,0xff,0xc2,0x82,0xa9,0xff,0xc7,0x8a,0xb1,0xff,0xcb,0x91,0xb6,0xff,
    0xd1,0x9e,0xc0,0xfe,0xd6,0xa8,0xc4,0xfc,0xc3,0xa0,0xab,0x2b,0x00,0x00,0x00,0x00,
    0xff,0xff,0xff,0x02,0x00,0x00,0x00,0x00,0x00,0x00,0x00,0x00,0x00,0x00,0x00,0x00,
    0x00,0x00,0x00,0x00,0x00,0x00,0x00,0x00,0x00,0x00,0x00,0x00,0x00,0x00,0x00,0x00,
    0xaa,0xaa,0xaa,0x03,0x00,0x00,0x00,0x00,0xd4,0xa4,0xbf,0xb5,0xea,0xb1,0xdc,0xff,
    0xe1,0xac,0xd5,0xfc,0xe4,0xac,0xd6,0xff,0xe2,0xa8,0xd3,0xff,0xe1,0xa5,0xd0,0xff,
    0xdb,0x96,0xc1,0xff,0xd4,0x6f,0x9e,0xff,0xd9,0x73,0xa5,0xff,0xd6,0x65,0x9b,0xff,
    0xc9,0x80,0xa6,0xff,0xde,0xdc,0xed,0xff,0xe3,0xdb,0xed,0xff,0xe2,0xdd,0xed,0xff,
    0xe3,0xdd,0xee,0xff,0xe2,0xdb,0xec,0xff,0xdf,0xd6,0xea,0xff,0xdb,0xd6,0xe9,0xff,
    0xc9,0xbe,0xd6,0xff,0xb6,0x8f,0xb5,0xff,0xb2,0x73,0xa3,0xff,0xb9,0x6b,0xa2,0xff,
    0xbf,0x6e,0xa6,0xff,0xc3,0x72,0xa9,0xff,0xc6,0x76,0xac,0xff,0xc7,0x75,0xac,0xff,
    0xc7,0x73,0xab,0xff,0xc7,0x73,0xac,0xff,0xc8,0x74,0xad,0xff,0xc8,0x75,0xad,0xff,
    0xc8,0x75,0xad,0xff,0xc8,0x75,0xad,0xff,0xc7,0x75,0xad,0xff,0xc8,0x74,0xac,0xff,
    0xc8,0x75,0xac,0xff,0xc8,0x75,0xad,0xff,0xc8,0x73,0xac,0xff,0xc7,0x71,0xaa,0xff,
    0xc7,0x71,0xab,0xff,0xc6,0x73,0xac,0xff,0xc7,0x74,0xac,0xff,0xc7,0x75,0xac,0xff,
    0xc7,0x75,0xac,0xff,0xc4,0x72,0xaa,0xff,0xc3,0x6f,0xa7,0xff,0xc2,0x6f,0xa7,0xff,
    0xc2,0x6e,0xa8,0xff,0xc3,0x6f,0xa9,0xff,0xc2,0x6e,0xa8,0xff,0xc1,0x6e,0xa8,0xff,
    0xbd,0x6c,0xa5,0xff,0xb6,0x64,0x9c,0xff,0xa9,0x5b,0x92,0xff,0x9e,0x5b,0x8d,0xff,
    0x9c,0x70,0x98,0xff,0xa8,0x94,0xb2,0xff,0xc2,0xb7,0xd0,0xff,0xce,0xc2,0xda,0xff,
    0xce,0xc4,0xdb,0xff,0xce,0xc5,0xdc,0xff,0xd0,0xc8,0xdd,0xff,0xd1,0xca,0xde,0xff,
    0xd2,0xcb,0xde,0xff,0xd2,0xcb,0xdf,0xff,0xd1,0xcb,0xdf,0xff,0xd0,0xca,0xdf,0xff,
    0xcf,0xc9,0xde,0xff,0xcf,0xc9,0xdd,0xff,0xc8,0xc4,0xd8,0xff,0xaf,0xa6,0xb7,0xff,
    0xa4,0x4c,0x6e,0xff,0xc1,0x58,0x85,0xff,0xc2,0x5b,0x89,0xff,0xb9,0x52,0x7e,0xff,
    0xac,0x4d,0x73,0xff,0xad,0x58,0x6d,0xff,0xa5,0x48,0x4d,0xff,0xae,0x5d,0x73,0xff,
    0xbd,0x7c,0xa4,0xff,0xc2,0x83,0xa8,0xff,0xc8,0x8b,0xb2,0xff,0xcb,0x93,0xb7,0xfc,
    0xdb,0xa9,0xcb,0xfe,0xcf,0xa6,0xbc,0xc5,0x00,0x00,0x00,0x00,0xff,0x7f,0xff,0x02,
    0x00,0x00,0x00,0x00,0x00,0x00,0x00,0x00,0x00,0x00,0x00,0x00,0x00,0x00,0x00,0x00,
    0x00,0x00,0x00,0x00,0x00,0x00,0x00,0x00,0x00,0x00,0x00,0x00,0x00,0x00,0x00,0x00,
    0xbf,0xbf,0xbf,0x04,0x00,0x00,0x00,0x00,0xc3,0xa8,0xb2,0x4d,0xe3,0xb1,0xd5,0xff,
    0xdf,0xaa,0xd3,0xfc,0xe3,0xac,0xd7,0xff,0xe2,0xa9,0xd4,0xff,0xe0,0xa3,0xcf,0xff,
    0xdc,0x9f,0xca,0xff,0xcf,0x75,0xa3,0xff,0xd4,0x6a,0x9c,0xff,0xd8,0x71,0xa3,0xff,
    0xcf,0x62,0x95,0xff,0xcb,0xa1,0xbd,0xff,0xdd,0xde,0xee,0xff,0xe1,0xd8,0xea,0xff,
    0xe1,0xdb,0xec,0xff,0xdf,0xd9,0xeb,0xff,0xdf,0xd8,0xea,0xff,0xdd,0xd5,0xe8,0xff,
    0xdc,0xd5,0xe9,0xff,0xd8,0xd3,0xe6,0xff,0xc9,0xc0,0xd6,0xff,0xb8,0x9f,0xbf,0xff,
    0xae,0x85,0xad,0xff,0xaa,0x7a,0xa4,0xff,0xaa,0x74,0xa0,0xff,0xa7,0x6d,0x9b,0xff,
    0xa5,0x6b,0x98,0xff,0xa4,0x69,0x96,0xff,0xa3,0x68,0x96,0xff,0xa2,0x68,0x96,0xff,
    0xa3,0x69,0x96,0xff,0xa4,0x69,0x98,0xff,0xa5,0x69,0x97,0xff,0xa4,0x68,0x96,0xff,
    0xa4,0x68,0x95,0xff,0xa4,0x69,0x96,0xff,0xa3,0x66,0x95,0xff,0xa3,0x65,0x94,0xff,
    0xa4,0x66,0x95,0xff,0xa3,0x67,0x95,0xff,0xa3,0x67,0x94,0xff,0xa3,0x67,0x94,0xff,
    0xa2,0x66,0x94,0xff,0xa0,0x64,0x93,0xff,0x9f,0x63,0x91,0xff,0x9f,0x64,0x92,0xff,
    0x9f,0x63,0x93,0xff,0x9f,0x62,0x92,0xff,0xa0,0x63,0x93,0xff,0xa1,0x65,0x95,0xff,
    0xa1,0x69,0x97,0xff,0x9f,0x71,0x9b,0xff,0xa2,0x83,0xa5,0xff,0xb2,0x9f,0xbb,0xff,
    0xc1,0xb7,0xcf,0xff,0xc9,0xbe,0xd7,0xff,0xcd,0xc2,0xda,0xff,0xd0,0xc7,0xdd,0xff,
    0xd1,0xca,0xde,0xff,0xd1,0xca,0xdf,0xff,0xd2,0xcc,0xdf,0xff,0xd3,0xcd,0xe0,0xff,
    0xd2,0xcb,0xe0,0xff,0xd2,0xcb,0xdf,0xff,0xd1,0xcb,0xdf,0xff,0xd0,0xca,0xde,0xff,
    0xce,0xc9,0xdd,0xff,0xca,0xc4,0xd7,0xff,0xb7,0xb9,0xcb,0xff,0x98,0x5e,0x77,0xff,
    0xb5,0x47,0x74,0xff,0xc0,0x5a,0x87,0xff,0xbe,0x56,0x84,0xff,0xb0,0x4b,0x75,0xff,
    0xaa,0x52,0x74,0xff,0xa7,0x51,0x5d,0xff,0xa3,0x48,0x50,0xff,0xb4,0x6f,0x91,0xff,
    0xbe,0x7d,0xa5,0xff,0xc4,0x87,0xad,0xff,0xc7,0x8e,0xb3,0xff,0xc9,0x95,0xb9,0xfc,
    0xdc,0xaf,0xcd,0xff,0xc5,0xaa,0xb4,0x5d,0x00,0x00,0x00,0x00,0xbf,0xbf,0xbf,0x04,
    0x00,0x00,0x00,0x00,0x00,0x00,0x00,0x00,0x00,0x00,0x00,0x00,0x00,0x00,0x00,0x00,
    0x00,0x00,0x00,0x00,0x00,0x00,0x00,0x00,0x00,0x00,0x00,0x00,0x00,0x00,0x00,0x00,
    0x00,0x00,0x00,0x00,0xff,0xff,0xff,0x01,0x7f,0xbf,0x7f,0x04,0xd5,0xa8,0xc5,0xd5,
    0xe5,0xae,0xd8,0xfe,0xe0,0xa9,0xd4,0xfd,0xe2,0xa8,0xd4,0xff,0xe0,0xa2,0xce,0xff,
    0xde,0xa0,0xcc,0xff,0xd4,0x8b,0xb6,0xff,0xcc,0x65,0x95,0xff,0xd5,0x70,0xa0,0xff,
    0xd6,0x6f,0xa0,0xff,0xc9,0x5d,0x8e,0xff,0xc4,0x9f,0xbc,0xff,0xd9,0xd9,0xea,0xff,
    0xde,0xd6,0xe8,0xff,0xdd,0xd6,0xe8,0xff,0xde,0xd8,0xea,0xff,0xde,0xd8,0xe9,0xff,
    0xdc,0xd5,0xe8,0xff,0xdc,0xd4,0xe7,0xff,0xda,0xd3,0xe6,0xff,0xd5,0xce,0xe4,0xff,
    0xd1,0xcb,0xdf,0xff,0xcc,0xc7,0xdb,0xff,0xc8,0xc3,0xd8,0xff,0xc5,0xbe,0xd4,0xff,
    0xc4,0xbd,0xd2,0xff,0xc4,0xbc,0xd1,0xff,0xc3,0xba,0xd0,0xff,0xc2,0xba,0xd0,0xff,
    0xc2,0xba,0xd0,0xff,0xc1,0xba,0xd0,0xff,0xc2,0xb9,0xd0,0xff,0xc1,0xb9,0xd0,0xff,
    0xc2,0xb8,0xcf,0xff,0xc1,0xb8,0xcf,0xff,0xc0,0xb7,0xce,0xff,0xc1,0xb8,0xcf,0xff,
    0xc1,0xb8,0xcf,0xff,0xbf,0xb6,0xcd,0xff,0xbf,0xb5,0xcd,0xff,0xc0,0xb7,0xcd,0xff,
    0xc0,0xb7,0xce,0xff,0xc0,0xb7,0xce,0xff,0xc1,0xb8,0xcf,0xff,0xc1,0xb8,0xd0,0xff,
    0xc0,0xb7,0xcf,0xff,0xbe,0xb4,0xcd,0xff,0xbf,0xb5,0xce,0xff,0xc1,0xb8,0xcf,0xff,
    0xc3,0xba,0xd1,0xff,0xc7,0xbf,0xd5,0xff,0xcd,0xc5,0xdb,0xff,0xd1,0xc7,0xdd,0xff,
    0xd0,0xc6,0xdc,0xff,0xcf,0xc6,0xdd,0xff,0xd0,0xc8,0xde,0xff,0xd1,0xca,0xde,0xff,
    0xd2,0xcb,0xdf,0xff,0xd3,0xcc,0xe0,0xff,0xd3,0xcd,0xe0,0xff,0xd2,0xcc,0xe0,0xff,
    0xd1,0xca,0xdf,0xff,0xd1,0xca,0xde,0xff,0xd0,0xca,0xdd,0xff,0xcd,0xc6,0xdb,0xff,
    0xc9,0xc3,0xd7,0xff,0xba,0xbc,0xce,0xff,0x99,0x6b,0x82,0xff,0xaa,0x40,0x68,0xff,
    0xc0,0x59,0x86,0xff,0xbf,0x59,0x86,0xff,0xb8,0x51,0x7c,0xff,0xac,0x4b,0x73,0xff,
    0xac,0x5a,0x72,0xff,0xa2,0x46,0x4b,0xff,0xab,0x5a,0x70,0xff,0xba,0x79,0xa1,0xff,
    0xbf,0x7f,0xa5,0xff,0xc5,0x8a,0xb0,0xff,0xc7,0x91,0xb4,0xfd,0xd1,0xa2,0xc0,0xfe,
    0xc8,0xa5,0xba,0xe2,0xa2,0xa2,0x8b,0x0b,0xff,0x00,0xff,0x01,0xff,0xff,0xff,0x01,
    0x00,0x00,0x00,0x00,0x00,0x00,0x00,0x00,0x00,0x00,0x00,0x00,0x00,0x00,0x00,0x00,
    0x00,0x00,0x00,0x00,0x00,0x00,0x00,0x00,0x00,0x00,0x00,0x00,0x00,0x00,0x00,0x00,
    0x00,0x00,0x00,0x00,0xbf,0xbf,0xbf,0x04,0x00,0x00,0x00,0x00,0xcd,0xa6,0xbc,0x5c,
    0xe7,0xb0,0xd7,0xff,0xdc,0xa5,0xcf,0xfc,0xe1,0xa8,0xd3,0xff,0xe0,0xa4,0xcf,0xff,
    0xdd,0x9e,0xca,0xff,0xda,0x9c,0xc7,0xff,0xca,0x72,0x9e,0xff,0xcd,0x64,0x93,0xff,
    0xd4,0x6f,0x9f,0xff,0xd2,0x64,0x98,0xff,0xc2,0x53,0x86,0xff,0xbe,0x91,0xaf,0xff,
    0xcf,0xcc,0xde,0xff,0xd9,0xd4,0xe6,0xff,0xdc,0xd5,0xe7,0xff,0xdc,0xd4,0xe7,0xff,
    0xdb,0xd3,0xe6,0xff,0xdb,0xd4,0xe7,0xff,0xda,0xd2,0xe6,0xff,0xd9,0xd0,0xe4,0xff,
    0xd9,0xcf,0xe4,0xff,0xd8,0xd0,0xe4,0xff,0xd7,0xcf,0xe2,0xff,0xd7,0xcf,0xe2,0xff,
    0xd7,0xcf,0xe2,0xff,0xd7,0xce,0xe1,0xff,0xd7,0xce,0xe2,0xff,0xd6,0xce,0xe2,0xff,
    0xd6,0xcd,0xe1,0xff,0xd6,0xcd,0xe1,0xff,0xd5,0xcc,0xe1,0xff,0xd5,0xcc,0xe1,0xff,
    0xd6,0xcc,0xe1,0xff,0xd5,0xcc,0xe0,0xff,0xd5,0xcb,0xe0,0xff,0xd5,0xcb,0xe0,0xff,
    0xd5,0xcb,0xdf,0xff,0xd4,0xc9,0xde,0xff,0xd3,0xca,0xdf,0xff,0xd5,0xcb,0xe0,0xff,
    0xd5,0xcb,0xe0,0xff,0xd4,0xca,0xdf,0xff,0xd5,0xcb,0xe0,0xff,0xd5,0xcb,0xe0,0xff,
    0xd4,0xca,0xe0,0xff,0xd4,0xca,0xe0,0xff,0xd5,0xcb,0xe0,0xff,0xd4,0xcb,0xe0,0xff,
    0xd3,0xca,0xdf,0xff,0xd3,0xc9,0xde,0xff,0xd4,0xca,0xdf,0xff,0xd4,0xca,0xdf,0xff,
    0xd2,0xc9,0xdf,0xff,0xd2,0xc9,0xdf,0xff,0xd3,0xcb,0xdf,0xff,0xd3,0xcc,0xdf,0xff,
    0xd3,0xca,0xde,0xff,0xd2,0xca,0xde,0xff,0xd1,0xcb,0xde,0xff,0xd0,0xc9,0xde,0xff,
    0xcf,0xc8,0xdc,0xff,0xcf,0xc7,0xdb,0xff,0xce,0xc7,0xda,0xff,0xc5,0xc1,0xd6,0xff,
    0xb2,0xae,0xc1,0xff,0x99,0x67,0x7f,0xff,0xa6,0x3d,0x64,0xff,0xbe,0x57,0x83,0xff,
    0xc0,0x5b,0x86,0xff,0xbb,0x56,0x81,0xff,0xad,0x49,0x71,0xff,0xad,0x56,0x76,0xff,
    0xa5,0x50,0x59,0xff,0x9f,0x49,0x54,0xff,0xb5,0x6f,0x94,0xff,0xbb,0x7b,0xa1,0xff,
    0xc1,0x83,0xaa,0xff,0xc5,0x8a,0xb0,0xff,0xc9,0x94,0xb6,0xfb,0xd9,0xad,0xc9,0xff,
    0xbf,0xa3,0xad,0x70,0x00,0x00,0x00,0x00,0xbf,0xbf,0xbf,0x04,0x00,0x00,0x00,0x00,
    0x00,0x00,0x00,0x00,0x00,0x00,0x00,0x00,0x00,0x00,0x00,0x00,0x00,0x00,0x00,0x00,
    0x00,0x00,0x00,0x00,0x00,0x00,0x00,0x00,0x00,0x00,0x00,0x00,0x00,0x00,0x00,0x00,
    0x00,0x00,0x00,0x00,0x00,0x00,0x00,0x00,0xff,0x7f,0xff,0x02,0x00,0x7f,0x00,0x02,
    0xce,0xa3,0xbb,0xc9,0xe3,0xa8,0xd2,0xff,0xdd,0xa5,0xce,0xfc,0xdf,0xa7,0xd0,0xff,
    0xdd,0xa1,0xcd,0xff,0xdb,0x9c,0xc9,0xff,0xd3,0x90,0xbc,0xff,0xc4,0x64,0x90,0xff,
    0xcc,0x64,0x94,0xff,0xd1,0x6a,0x9c,0xff,0xd0,0x67,0x99,0xff,0xc6,0x5b,0x8a,0xff,
    0xb6,0x6e,0x92,0xff,0xb5,0x9c,0xb6,0xff,0xc5,0xbe,0xd3,0xff,0xcd,0xca,0xde,0xff,
    0xd2,0xce,0xe2,0xff,0xd6,0xd2,0xe5,0xff,0xd7,0xd3,0xe5,0xff,0xd6,0xd2,0xe5,0xff,
    0xd6,0xd2,0xe5,0xff,0xd6,0xd1,0xe4,0xff,0xd5,0xd0,0xe3,0xff,0xd5,0xcf,0xe3,0xff,
    0xd5,0xcf,0xe2,0xff,0xd6,0xcf,0xe2,0xff,0xd6,0xce,0xe2,0xff,0xd6,0xce,0xe2,0xff,
    0xd5,0xce,0xe2,0xff,0xd4,0xce,0xe2,0xff,0xd4,0xce,0xe2,0xff,0xd4,0xcd,0xe2,0xff,
    0xd5,0xcd,0xe2,0xff,0xd4,0xcd,0xe1,0xff,0xd4,0xcd,0xe1,0xff,0xd5,0xce,0xe1,0xff,
    0xd5,0xcd,0xe1,0xff,0xd4,0xcc,0xe0,0xff,0xd3,0xcc,0xe1,0xff,0xd4,0xcc,0xe0,0xff,
    0xd4,0xcb,0xe0,0xff,0xd3,0xcb,0xe0,0xff,0xd3,0xcc,0xdf,0xff,0xd4,0xcc,0xdf,0xff,
    0xd3,0xcb,0xdf,0xff,0xd3,0xcb,0xdf,0xff,0xd4,0xcc,0xe1,0xff,0xd3,0xcc,0xe0,0xff,
    0xd1,0xcb,0xe0,0xff,0xd2,0xcb,0xe0,0xff,0xd3,0xcc,0xe0,0xff,0xd3,0xcc,0xe0,0xff,
    0xd2,0xcb,0xe0,0xff,0xd2,0xcb,0xdf,0xff,0xd1,0xcb,0xe0,0xff,0xd0,0xcb,0xdf,0xff,
    0xd0,0xc9,0xde,0xff,0xcf,0xca,0xde,0xff,0xcf,0xca,0xde,0xff,0xcc,0xc8,0xdc,0xff,
    0xc7,0xc4,0xd9,0xff,0xc1,0xc0,0xd3,0xff,0xb2,0xaa,0xbe,0xff,0x9d,0x7e,0x94,0xff,
    0x9b,0x50,0x6c,0xff,0xad,0x42,0x6c,0xff,0xbc,0x55,0x81,0xff,0xbf,0x5b,0x86,0xff,
    0xbb,0x56,0x81,0xff,0xab,0x49,0x71,0xff,0xa7,0x4d,0x70,0xff,0xa7,0x55,0x62,0xff,
    0x99,0x43,0x49,0xff,0xad,0x65,0x85,0xff,0xb6,0x75,0x9b,0xff,0xbc,0x7e,0xa3,0xff,
    0xc2,0x88,0xae,0xff,0xc4,0x8d,0xb1,0xfd,0xd0,0x9f,0xc2,0xfe,0xc4,0xa2,0xb6,0xd9,
    0x99,0x99,0x7f,0x0a,0xff,0x7f,0xff,0x02,0xff,0xff,0xff,0x01,0x00,0x00,0x00,0x00,
    0x00,0x00,0x00,0x00,0x00,0x00,0x00,0x00,0x00,0x00,0x00,0x00,0x00,0x00,0x00,0x00,
    0x00,0x00,0x00,0x00,0x00,0x00,0x00,0x00,0x00,0x00,0x00,0x00,0x00,0x00,0x00,0x00,
    0x00,0x00,0x00,0x00,0x00,0x00,0x00,0x00,0xaa,0xaa,0xaa,0x03,0x00,0x00,0x00,0x00,
    0xb9,0x9d,0xa6,0x37,0xdc,0xa5,0xc8,0xfd,0xdc,0xa5,0xce,0xfb,0xdc,0xa4,0xce,0xfe,
    0xde,0xa3,0xce,0xff,0xdb,0x9f,0xca,0xff,0xd8,0x9a,0xc6,0xff,0xce,0x87,0xb3,0xff,
    0xc2,0x60,0x8d,0xff,0xc7,0x5f,0x8f,0xff,0xcd,0x67,0x99,0xff,0xd0,0x69,0x9a,0xff,
    0xc9,0x59,0x8c,0xff,0xb7,0x4f,0x7d,0xff,0xac,0x5d,0x84,0xff,0xa7,0x70,0x92,0xff,
    0xab,0x85,0xa2,0xff,0xae,0x96,0xaf,0xff,0xaf,0x9c,0xb3,0xff,0xb0,0x9e,0xb5,0xff,
    0xb1,0xa0,0xb7,0xff,0xb0,0x9f,0xb8,0xff,0xaf,0x9e,0xb7,0xff,0xb0,0x9f,0xb7,0xff,
    0xb2,0x9f,0xb8,0xff,0xb2,0x9f,0xb8,0xff,0xb2,0xa0,0xb8,0xff,0xb2,0xa1,0xb9,0xff,
    0xb1,0xa0,0xb8,0xff,0xb2,0xa0,0xb9,0xff,0xb2,0xa1,0xba,0xff,0xb3,0xa1,0xba,0xff,
    0xb2,0xa0,0xba,0xff,0xb2,0xa0,0xb9,0xff,0xb1,0xa0,0xb9,0xff,0xb2,0xa1,0xb9,0xff,
    0xb1,0x9f,0xb7,0xff,0xaf,0x9e,0xb6,0xff,0xb0,0x9f,0xb8,0xff,0xb0,0x9e,0xb7,0xff,
    0xb0,0x9e,0xb7,0xff,0xb1,0x9f,0xb8,0xff,0xb2,0xa1,0xb8,0xff,0xb0,0xa0,0xb6,0xff,
    0xaf,0x9f,0xb7,0xff,0xb0,0x9f,0xb8,0xff,0xb1,0x9f,0xb8,0xff,0xb1,0x9f,0xb8,0xff,
    0xb0,0x9f,0xb7,0xff,0xb1,0xa0,0xb7,0xff,0xb2,0xa1,0xb8,0xff,0xb1,0xa0,0xb8,0xff,
    0xb0,0x9f,0xb7,0xff,0xb1,0xa0,0xb7,0xff,0xb0,0x9f,0xb6,0xff,0xae,0x9c,0xb4,0xff,
    0xad,0x9a,0xb3,0xff,0xae,0x9a,0xb2,0xff,0xa9,0x95,0xae,0xff,0xa2,0x88,0xa1,0xff,
    0x9f,0x79,0x92,0xff,0x9c,0x64,0x81,0xff,0x99,0x47,0x69,0xff,0xa7,0x3f,0x68,0xff,
    0xb9,0x4f,0x7a,0xff,0xbd,0x57,0x83,0xff,0xbf,0x58,0x84,0xff,0xba,0x56,0x80,0xff,
    0xac,0x4a,0x73,0xff,0xa4,0x4b,0x70,0xff,0xa3,0x53,0x64,0xff,0x9a,0x42,0x4b,0xff,
    0xaa,0x62,0x80,0xff,0xb5,0x74,0x9a,0xff,0xb8,0x79,0x9e,0xff,0xbe,0x82,0xa9,0xff,
    0xc2,0x8c,0xb0,0xff,0xca,0x97,0xb9,0xfb,0xd3,0xa6,0xc4,0xff,0xb8,0x9e,0xaa,0x45,
    0x00,0x00,0x00,0x00,0xaa,0xaa,0xaa,0x03,0x00,0x00,0x00,0x00,0x00,0x00,0x00,0x00,
    0x00,0x00,0x00,0x00,0x00,0x00,0x00,0x00,0x00,0x00,0x00,0x00,0x00,0x00,0x00,0x00,
    0x00,0x00,0x00,0x00,0x00,0x00,0x00,0x00,0x00,0x00,0x00,0x00,0x00,0x00,0x00,0x00,
    0x00,0x00,0x00,0x00,0x00,0x00,0x00,0x00,0x00,0x00,0x00,0x00,0xff,0xaa,0xff,0x03,
    0x00,0x00,0x00,0x00,0xcb,0xa2,0xb5,0x81,0xe9,0xb1,0xd7,0xff,0xd7,0xa1,0xc9,0xfa,
    0xdb,0xa2,0xcd,0xff,0xdb,0xa1,0xcb,0xff,0xd8,0x9a,0xc6,0xff,0xd5,0x94,0xc1,0xff,
    0xcd,0x88,0xb3,0xff,0xbd,0x61,0x8c,0xff,0xbe,0x55,0x84,0xff,0xc7,0x5d,0x90,0xff,
    0xcb,0x61,0x95,0xff,0xce,0x61,0x95,0xff,0xc9,0x5a,0x8d,0xff,0xbf,0x4e,0x81,0xff,
    0xb6,0x48,0x7a,0xff,0xb0,0x46,0x75,0xff,0xa8,0x43,0x70,0xff,0xa5,0x43,0x6c,0xff,
    0xa4,0x42,0x6c,0xff,0xa0,0x40,0x6c,0xff,0xa0,0x40,0x6b,0xff,0xa2,0x42,0x6b,0xff,
    0xa3,0x42,0x6a,0xff,0xa2,0x41,0x6b,0xff,0xa3,0x42,0x6c,0xff,0xa3,0x43,0x6c,0xff,
    0xa3,0x43,0x6c,0xff,0xa2,0x42,0x6d,0xff,0xa2,0x42,0x6c,0xff,0xa2,0x41,0x6c,0xff,
    0xa1,0x40,0x6a,0xff,0xa1,0x41,0x6a,0xff,0xa1,0x41,0x6a,0xff,0xa1,0x40,0x6a,0xff,
    0x9f,0x3e,0x68,0xff,0x9f,0x3d,0x67,0xff,0x9f,0x3e,0x69,0xff,0x9d,0x3d,0x68,0xff,
    0x9d,0x3d,0x67,0xff,0xa0,0x3f,0x6a,0xff,0xa0,0x41,0x69,0xff,0x9e,0x3f,0x68,0xff,
    0x9d,0x3e,0x69,0xff,0x9e,0x3f,0x6a,0xff,0x9e,0x3e,0x68,0xff,0x9e,0x3e,0x67,0xff,
    0x9e,0x3e,0x68,0xff,0xa0,0x3f,0x69,0xff,0xa0,0x3f,0x6a,0xff,0x9f,0x3f,0x69,0xff,
    0x9f,0x40,0x69,0xff,0xa0,0x40,0x69,0xff,0xa1,0x40,0x68,0xff,0x9f,0x3f,0x68,0xff,
    0xa0,0x3f,0x68,0xff,0xa2,0x3f,0x69,0xff,0xa1,0x3c,0x67,0xff,0xa3,0x3a,0x65,0xff,
    0xab,0x3d,0x69,0xff,0xb2,0x43,0x71,0xff,0xb9,0x4b,0x7a,0xff,0xbd,0x56,0x83,0xff,
    0xbd,0x57,0x82,0xff,0xbb,0x53,0x7f,0xff,0xb7,0x51,0x7c,0xff,0xad,0x4b,0x75,0xff,
    0xa5,0x4b,0x70,0xff,0xa2,0x4f,0x62,0xff,0x9b,0x49,0x56,0xff,0xa8,0x60,0x82,0xff,
    0xb1,0x70,0x98,0xff,0xb6,0x77,0x9d,0xff,0xbc,0x81,0xa6,0xff,0xc0,0x87,0xac,0xff,
    0xc2,0x8f,0xb1,0xfb,0xd9,0xab,0xcb,0xff,0xc5,0xa2,0xb5,0x98,0x00,0x00,0x00,0x00,
    0xaa,0xaa,0xaa,0x03,0x00,0x00,0x00,0x00,0x00,0x00,0x00,0x00,0x00,0x00,0x00,0x00,
    0x00,0x00,0x00,0x00,0x00,0x00,0x00,0x00,0x00,0x00,0x00,0x00,0x00,0x00,0x00,0x00,
    0x00,0x00,0x00,0x00,0x00,0x00,0x00,0x00,0x00,0x00,0x00,0x00,0x00,0x00,0x00,0x00,
    0x00,0x00,0x00,0x00,0x00,0x00,0x00,0x00,0x00,0x00,0x00,0x00,0x00,0x00,0x00,0x01,
    0xff,0xaa,0xff,0x03,0x00,0xff,0x00,0x02,0xcc,0xa3,0xbd,0xb2,0xe6,0xab,0xd5,0xff,
    0xd5,0x9c,0xc6,0xfb,0xd9,0x9f,0xc9,0xff,0xd9,0x9d,0xc7,0xff,0xd6,0x97,0xc1,0xff,
    0xd3,0x94,0xbe,0xff,0xcc,0x8b,0xb4,0xff,0xba,0x65,0x91,0xff,0xb5,0x4e,0x7e,0xff,
    0xbb,0x50,0x83,0xff,0xc1,0x58,0x89,0xff,0xc4,0x5c,0x8d,0xff,0xc5,0x5e,0x8f,0xff,
    0xc5,0x5e,0x90,0xff,0xc4,0x5c,0x8d,0xff,0xc3,0x59,0x8a,0xff,0xc3,0x59,0x89,0xff,
    0xc2,0x59,0x89,0xff,0xc2,0x57,0x87,0xff,0xc2,0x56,0x87,0xff,0xc2,0x56,0x86,0xff,
    0xc2,0x56,0x85,0xff,0xc3,0x58,0x86,0xff,0xc3,0x58,0x86,0xff,0xc4,0x57,0x86,0xff,
    0xc4,0x57,0x87,0xff,0xc3,0x57,0x86,0xff,0xc2,0x56,0x85,0xff,0xc1,0x55,0x85,0xff,
    0xc0,0x54,0x85,0xff,0xc1,0x54,0x84,0xff,0xc1,0x55,0x84,0xff,0xc2,0x54,0x84,0xff,
    0xc2,0x54,0x84,0xff,0xc2,0x54,0x84,0xff,0xc0,0x53,0x84,0xff,0xbf,0x50,0x82,0xff,
    0xbe,0x50,0x82,0xff,0xbe,0x52,0x83,0xff,0xbf,0x52,0x82,0xff,0xbf,0x51,0x81,0xff,
    0xbe,0x52,0x82,0xff,0xbe,0x53,0x83,0xff,0xbd,0x50,0x81,0xff,0xbd,0x50,0x80,0xff,
    0xbc,0x50,0x81,0xff,0xbc,0x50,0x82,0xff,0xbc,0x50,0x82,0xff,0xbc,0x4f,0x81,0xff,
    0xbd,0x4f,0x80,0xff,0xbe,0x51,0x81,0xff,0xbd,0x51,0x80,0xff,0xbd,0x51,0x80,0xff,
    0xbd,0x52,0x81,0xff,0xbd,0x53,0x81,0xff,0xbe,0x53,0x81,0xff,0xbe,0x55,0x83,0xff,
    0xbd,0x57,0x84,0xff,0xbb,0x55,0x82,0xff,0xb9,0x53,0x7f,0xff,0xb7,0x51,0x7d,0xff,
    0xb2,0x4d,0x78,0xff,0xac,0x49,0x73,0xff,0xa9,0x49,0x71,0xff,0xa6,0x4d,0x6d,0xff,
    0x9f,0x4f,0x64,0xff,0x9e,0x54,0x6b,0xff,0xa9,0x67,0x8c,0xff,0xae,0x6f,0x95,0xff,
    0xb2,0x75,0x9a,0xff,0xba,0x7e,0xa5,0xff,0xbe,0x86,0xab,0xff,0xc0,0x8c,0xb0,0xfb,
    0xd1,0xa3,0xc2,0xff,0xc0,0xa3,0xb1,0xcb,0x7f,0xaa,0x7f,0x06,0xaa,0xaa,0xaa,0x03,
    0xff,0xff,0xff,0x01,0x00,0x00,0x00,0x00,0x00,0x00,0x00,0x00,0x00,0x00,0x00,0x00,
    0x00,0x00,0x00,0x00,0x00,0x00,0x00,0x00,0x00,0x00,0x00,0x00,0x00,0x00,0x00,0x00,
    0x00,0x00,0x00,0x00,0x00,0x00,0x00,0x00,0x00,0x00,0x00,0x00,0x00,0x00,0x00,0x00,
    0x00,0x00,0x00,0x00,0x00,0x00,0x00,0x00,0x00,0x00,0x00,0x00,0x00,0x00,0x00,0x00,
    0xff,0xff,0xff,0x01,0xff,0x00,0xff,0x01,0x9c,0x9c,0x9c,0x0d,0xd0,0x9e,0xc0,0xcb,
    0xe0,0xa2,0xcd,0xff,0xd3,0x9c,0xc3,0xfb,0xd8,0x9e,0xc7,0xff,0xd7,0x9a,0xc5,0xff,
    0xd4,0x96,0xc0,0xff,0xd0,0x91,0xbb,0xff,0xc9,0x89,0xb4,0xff,0xbe,0x75,0xa1,0xff,
    0xb4,0x60,0x8c,0xff,0xaf,0x53,0x7d,0xff,0xaf,0x4d,0x79,0xff,0xb0,0x4b,0x79,0xff,
    0xb3,0x4d,0x7b,0xff,0xb4,0x4e,0x7d,0xff,0xb5,0x4f,0x7c,0xff,0xb6,0x4f,0x7d,0xff,
    0xb6,0x4e,0x7d,0xff,0xb6,0x4d,0x7c,0xff,0xb6,0x4c,0x7b,0xff,0xb6,0x4c,0x7b,0xff,
    0xb7,0x4d,0x7b,0xff,0xb8,0x4e,0x7c,0xff,0xb8,0x4e,0x7c,0xff,0xb9,0x4e,0x7c,0xff,
    0xba,0x4e,0x7c,0xff,0xba,0x4e,0x7c,0xff,0xb9,0x4e,0x7c,0xff,0xb8,0x4d,0x7c,0xff,
    0xb7,0x4e,0x7c,0xff,0xb8,0x4e,0x7b,0xff,0xb7,0x4d,0x7b,0xff,0xb6,0x4d,0x7b,0xff,
    0xb7,0x4d,0x7b,0xff,0xb7,0x4c,0x7a,0xff,0xb6,0x4a,0x79,0xff,0xb5,0x4a,0x79,0xff,
    0xb6,0x4b,0x7a,0xff,0xb6,0x4c,0x7a,0xff,0xb6,0x4b,0x79,0xff,0xb6,0x4b,0x79,0xff,
    0xb6,0x4b,0x79,0xff,0xb5,0x4c,0x79,0xff,0xb4,0x4a,0x79,0xff,0xb3,0x4a,0x78,0xff,
    0xb4,0x4b,0x79,0xff,0xb4,0x4b,0x79,0xff,0xb4,0x49,0x79,0xff,0xb2,0x49,0x79,0xff,
    0xb4,0x49,0x78,0xff,0xb4,0x49,0x78,0xff,0xb4,0x4a,0x78,0xff,0xb5,0x4c,0x78,0xff,
    0xb5,0x4c,0x79,0xff,0xb4,0x4c,0x79,0xff,0xb4,0x4b,0x77,0xff,0xb3,0x4b,0x77,0xff,
    0xb1,0x4a,0x76,0xff,0xad,0x49,0x73,0xff,0xaa,0x47,0x70,0xff,0xa7,0x46,0x6f,0xff,
    0xa3,0x46,0x6d,0xff,0xa1,0x4c,0x6e,0xff,0xa1,0x55,0x71,0xff,0x9f,0x5a,0x74,0xff,
    0xa2,0x62,0x83,0xff,0xa9,0x6b,0x92,0xff,0xae,0x70,0x94,0xff,0xb4,0x77,0x9c,0xff,
    0xb9,0x7d,0xa3,0xff,0xbd,0x83,0xa9,0xff,0xbe,0x89,0xad,0xfc,0xce,0x9e,0xc0,0xff,
    0xc6,0xa3,0xb8,0xe1,0xaa,0xa0,0x8d,0x1b,0x00,0x00,0x00,0x00,0x7f,0x7f,0x7f,0x02,
    0x00,0x00,0x00,0x00,0x00,0x00,0x00,0x00,0x00,0x00,0x00,0x00,0x00,0x00,0x00,0x00,
    0x00,0x00,0x00,0x00,0x00,0x00,0x00,0x00,0x00,0x00,0x00,0x00,0x00,0x00,0x00,0x00,
    0x00,0x00,0x00,0x00,0x00,0x00,0x00,0x00,0x00,0x00,0x00,0x00,0x00,0x00,0x00,0x00,
    0x00,0x00,0x00,0x00,0x00,0x00,0x00,0x00,0x00,0x00,0x00,0x00,0x00,0x00,0x00,0x00,
    0x00,0x00,0x00,0x00,0xff,0x7f,0x7f,0x02,0x00,0x00,0x00,0x00,0x9d,0x91,0x91,0x15,
    0xcf,0x99,0xbd,0xd3,0xde,0xa2,0xcb,0xff,0xd2,0x9a,0xc0,0xfa,0xd5,0x9a,0xc4,0xff,
    0xd4,0x98,0xc3,0xff,0xd2,0x94,0xbf,0xff,0xcd,0x8d,0xb8,0xff,0xc8,0x87,0xb3,0xff,
    0xc1,0x81,0xae,0xff,0xb7,0x74,0x9e,0xff,0xaf,0x66,0x90,0xff,0xaa,0x5e,0x86,0xff,
    0xa7,0x58,0x80,0xff,0xa5,0x53,0x7b,0xff,0xa2,0x50,0x77,0xff,0xa1,0x4e,0x75,0xff,
    0x9f,0x4c,0x73,0xff,0xa0,0x4a,0x71,0xff,0x9f,0x4a,0x71,0xff,0x9e,0x49,0x70,0xff,
    0x9e,0x48,0x6f,0xff,0x9f,0x48,0x6f,0xff,0x9f,0x49,0x6f,0xff,0xa0,0x49,0x6f,0xff,
    0x9f,0x48,0x6e,0xff,0x9f,0x47,0x6e,0xff,0xa0,0x48,0x6e,0xff,0x9f,0x48,0x6e,0xff,
    0x9e,0x48,0x6d,0xff,0x9f,0x47,0x6c,0xff,0x9e,0x47,0x6d,0xff,0x9d,0x46,0x6d,0xff,
    0x9e,0x46,0x6d,0xff,0x9d,0x45,0x6b,0xff,0x9b,0x44,0x6a,0xff,0x9c,0x44,0x6b,0xff,
    0x9d,0x45,0x6b,0xff,0x9d,0x45,0x6b,0xff,0x9d,0x45,0x6b,0xff,0x9e,0x46,0x6c,0xff,
    0x9f,0x47,0x6c,0xff,0x9d,0x46,0x6c,0xff,0x9d,0x45,0x6b,0xff,0x9c,0x44,0x6b,0xff,
    0x9d,0x45,0x6b,0xff,0x9c,0x45,0x6b,0xff,0x9b,0x45,0x6a,0xff,0x9b,0x44,0x6b,0xff,
    0x9b,0x44,0x6c,0xff,0x9b,0x44,0x6b,0xff,0x9d,0x45,0x6c,0xff,0x9f,0x48,0x6e,0xff,
    0x9f,0x48,0x6e,0xff,0x9d,0x48,0x6e,0xff,0x9f,0x49,0x6e,0xff,0x9e,0x49,0x6e,0xff,
    0x9c,0x49,0x6d,0xff,0x9b,0x4b,0x6e,0xff,0x9b,0x4d,0x71,0xff,0x9a,0x50,0x74,0xff,
    0x9b,0x56,0x79,0xff,0x9e,0x5e,0x80,0xff,0xa3,0x65,0x88,0xff,0xa7,0x6a,0x90,0xff,
    0xab,0x6e,0x93,0xff,0xaf,0x72,0x96,0xff,0xb4,0x77,0x9d,0xff,0xb9,0x7e,0xa4,0xff,
    0xbd,0x85,0xa9,0xff,0xbd,0x89,0xac,0xfb,0xcc,0x9b,0xbc,0xff,0xc8,0xa2,0xb8,0xe8,
    0xaf,0x9e,0x9e,0x2d,0x00,0x00,0x00,0x00,0xaa,0xaa,0xaa,0x03,0x00,0x00,0x00,0x00,
    0x00,0x00,0x00,0x00,0x00,0x00,0x00,0x00,0x00,0x00,0x00,0x00,0x00,0x00,0x00,0x00,
    0x00,0x00,0x00,0x00,0x00,0x00,0x00,0x00,0x00,0x00,0x00,0x00,0x00,0x00,0x00,0x00,
    0x00,0x00,0x00,0x00,0x00,0x00,0x00,0x00,0x00,0x00,0x00,0x00,0x00,0x00,0x00,0x00,
    0x00,0x00,0x00,0x00,0x00,0x00,0x00,0x00,0x00,0x00,0x00,0x00,0x00,0x00,0x00,0x00,
    0x00,0x00,0x00,0x00,0x00,0x00,0x00,0x00,0xff,0xff,0xff,0x02,0x00,0x00,0x00,0x00,
    0x9b,0x90,0x90,0x17,0xcc,0x9e,0xbc,0xcb,0xe1,0xa7,0xd0,0xff,0xce,0x97,0xbd,0xfb,
    0xd0,0x95,0xbe,0xfe,0xd2,0x96,0xc0,0xff,0xcf,0x93,0xbd,0xff,0xcc,0x8e,0xb7,0xff,
    0xc5,0x86,0xb0,0xff,0xbe,0x7d,0xa8,0xff,0xb9,0x77,0xa2,0xff,0xb4,0x74,0x9e,0xff,
    0xaf,0x6f,0x99,0xff,0xa9,0x69,0x92,0xff,0xa3,0x64,0x8c,0xff,0xa0,0x61,0x89,0xff,
    0x9e,0x5f,0x85,0xff,0x9d,0x5d,0x83,0xff,0x9c,0x5d,0x83,0xff,0x9c,0x5d,0x82,0xff,
    0x9a,0x5a,0x80,0xff,0x98,0x59,0x7d,0xff,0x98,0x58,0x7d,0xff,0x99,0x58,0x7d,0xff,
    0x97,0x56,0x7a,0xff,0x95,0x54,0x79,0xff,0x95,0x54,0x79,0xff,0x95,0x55,0x7a,0xff,
    0x95,0x55,0x7a,0xff,0x95,0x54,0x78,0xff,0x95,0x54,0x78,0xff,0x95,0x54,0x77,0xff,
    0x95,0x54,0x77,0xff,0x95,0x54,0x77,0xff,0x95,0x53,0x77,0xff,0x94,0x51,0x75,0xff,
    0x93,0x51,0x75,0xff,0x93,0x51,0x76,0xff,0x94,0x52,0x76,0xff,0x95,0x53,0x77,0xff,
    0x96,0x53,0x78,0xff,0x95,0x53,0x78,0xff,0x94,0x52,0x77,0xff,0x93,0x51,0x76,0xff,
    0x92,0x52,0x75,0xff,0x91,0x52,0x75,0xff,0x92,0x54,0x76,0xff,0x94,0x53,0x77,0xff,
    0x94,0x53,0x78,0xff,0x94,0x54,0x78,0xff,0x94,0x54,0x79,0xff,0x96,0x56,0x7a,0xff,
    0x97,0x57,0x7c,0xff,0x97,0x57,0x7c,0xff,0x98,0x57,0x7c,0xff,0x97,0x58,0x7c,0xff,
    0x98,0x59,0x7d,0xff,0x9b,0x5c,0x81,0xff,0x9e,0x60,0x84,0xff,0x9f,0x61,0x86,0xff,
    0xa3,0x64,0x89,0xff,0xa6,0x68,0x8d,0xff,0xaa,0x6c,0x90,0xff,0xad,0x70,0x94,0xff,
    0xb1,0x76,0x9a,0xff,0xb5,0x7c,0xa0,0xff,0xb9,0x7f,0xa5,0xff,0xbb,0x82,0xa8,0xff,
    0xbe,0x89,0xad,0xfa,0xce,0xa2,0xbf,0xff,0xc4,0xa6,0xb5,0xe3,0xab,0xa0,0x9a,0x2b,
    0x00,0x00,0x00,0x00,0xff,0xaa,0xaa,0x03,0x00,0x00,0x00,0x00,0x00,0x00,0x00,0x00,
    0x00,0x00,0x00,0x00,0x00,0x00,0x00,0x00,0x00,0x00,0x00,0x00,0x00,0x00,0x00,0x00,
    0x00,0x00,0x00,0x00,0x00,0x00,0x00,0x00,0x00,0x00,0x00,0x00,0x00,0x00,0x00,0x00,
    0x00,0x00,0x00,0x00,0x00,0x00,0x00,0x00,0x00,0x00,0x00,0x00,0x00,0x00,0x00,0x00,
    0x00,0x00,0x00,0x00,0x00,0x00,0x00,0x00,0x00,0x00,0x00,0x00,0x00,0x00,0x00,0x00,
    0x00,0x00,0x00,0x00,0x00,0x00,0x00,0x00,0x00,0x00,0x00,0x00,0xaa,0x55,0xaa,0x03,
    0x00,0x00,0x00,0x00,0x88,0x99,0x99,0x0f,0xcc,0x9e,0xbd,0xa7,0xe0,0xa3,0xcb,0xff,
    0xd0,0x95,0xbe,0xff,0xcc,0x92,0xba,0xfb,0xce,0x92,0xbc,0xff,0xcd,0x91,0xba,0xff,
    0xca,0x8d,0xb6,0xff,0xc5,0x86,0xaf,0xff,0xc1,0x7f,0xa9,0xff,0xbe,0x7c,0xa6,0xff,
    0xb9,0x78,0xa2,0xff,0xb3,0x72,0x9c,0xff,0xaf,0x6f,0x98,0xff,0xad,0x6d,0x96,0xff,
    0xac,0x6c,0x94,0xff,0xab,0x6a,0x91,0xff,0xaa,0x69,0x90,0xff,0xaa,0x69,0x90,0xff,
    0xa8,0x68,0x8f,0xff,0xa7,0x67,0x8c,0xff,0xa7,0x65,0x8b,0xff,0xa6,0x64,0x8b,0xff,
    0xa5,0x64,0x8a,0xff,0xa5,0x62,0x89,0xff,0xa4,0x61,0x89,0xff,0xa4,0x61,0x88,0xff,
    0xa4,0x61,0x88,0xff,0xa3,0x61,0x87,0xff,0xa2,0x60,0x86,0xff,0xa1,0x5f,0x85,0xff,
    0xa2,0x5f,0x85,0xff,0xa3,0x60,0x86,0xff,0xa3,0x60,0x86,0xff,0xa1,0x5f,0x85,0xff,
    0xa0,0x5d,0x84,0xff,0xa0,0x5d,0x83,0xff,0xa1,0x5e,0x84,0xff,0xa2,0x5e,0x85,0xff,
    0xa2,0x5f,0x86,0xff,0xa1,0x5e,0x85,0xff,0xa2,0x5f,0x86,0xff,0xa0,0x5e,0x85,0xff,
    0xa0,0x5e,0x84,0xff,0xa0,0x5e,0x84,0xff,0xa0,0x5f,0x85,0xff,0xa1,0x60,0x86,0xff,
    0xa2,0x61,0x87,0xff,0xa2,0x61,0x87,0xff,0xa2,0x61,0x87,0xff,0xa2,0x61,0x87,0xff,
    0xa3,0x62,0x89,0xff,0xa3,0x62,0x89,0xff,0xa3,0x62,0x89,0xff,0xa5,0x64,0x8b,0xff,
    0xa6,0x65,0x8c,0xff,0xa7,0x67,0x8e,0xff,0xaa,0x6a,0x91,0xff,0xab,0x6c,0x93,0xff,
    0xaf,0x70,0x96,0xff,0xb1,0x72,0x99,0xff,0xb2,0x74,0x9b,0xff,0xb5,0x77,0x9e,0xff,
    0xb7,0x7c,0xa1,0xff,0xb9,0x81,0xa5,0xff,0xba,0x85,0xa8,0xfc,0xbe,0x8b,0xaf,0xfe,
    0xd0,0xa2,0xc2,0xff,0xc1,0xa3,0xb4,0xc0,0x9c,0x9c,0x8b,0x1f,0x00,0x00,0x00,0x00,
    0xaa,0xaa,0xaa,0x03,0x00,0x00,0x00,0x00,0x00,0x00,0x00,0x00,0x00,0x00,0x00,0x00,
    0x00,0x00,0x00,0x00,0x00,0x00,0x00,0x00,0x00,0x00,0x00,0x00,0x00,0x00,0x00,0x00,
    0x00,0x00,0x00,0x00,0x00,0x00,0x00,0x00,0x00,0x00,0x00,0x00,0x00,0x00,0x00,0x00,
    0x00,0x00,0x00,0x00,0x00,0x00,0x00,0x00,0x00,0x00,0x00,0x00,0x00,0x00,0x00,0x00,
    0x00,0x00,0x00,0x00,0x00,0x00,0x00,0x00,0x00,0x00,0x00,0x00,0x00,0x00,0x00,0x00,
    0x00,0x00,0x00,0x00,0x00,0x00,0x00,0x00,0x00,0x00,0x00,0x00,0x00,0x00,0x00,0x00,
    0x7f,0x7f,0x7f,0x02,0x00,0x00,0x00,0x00,0x00,0x00,0x00,0x00,0xc8,0x9b,0xb5,0x6c,
    0xcd,0x9a,0xbd,0xee,0xd8,0x9e,0xc6,0xff,0xca,0x90,0xb7,0xfe,0xc9,0x8c,0xb5,0xfc,
    0xca,0x8c,0xb5,0xfe,0xca,0x8c,0xb6,0xff,0xc8,0x88,0xb3,0xff,0xc4,0x84,0xaf,0xff,
    0xc1,0x82,0xac,0xff,0xbc,0x7d,0xa8,0xff,0xb8,0x79,0xa3,0xff,0xb7,0x78,0xa1,0xff,
    0xb8,0x77,0xa0,0xff,0xb6,0x76,0x9e,0xff,0xb4,0x74,0x9b,0xff,0xb3,0x72,0x9a,0xff,
    0xb3,0x72,0x99,0xff,0xb2,0x71,0x97,0xff,0xb0,0x6f,0x96,0xff,0xb0,0x6e,0x95,0xff,
    0xb0,0x6e,0x96,0xff,0xb0,0x6e,0x96,0xff,0xae,0x6d,0x95,0xff,0xae,0x6c,0x95,0xff,
    0xad,0x6c,0x93,0xff,0xad,0x6c,0x93,0xff,0xac,0x6b,0x91,0xff,0xad,0x6b,0x91,0xff,
    0xad,0x6b,0x91,0xff,0xac,0x6a,0x91,0xff,0xac,0x6a,0x91,0xff,0xac,0x6a,0x91,0xff,
    0xac,0x69,0x91,0xff,0xab,0x69,0x90,0xff,0xac,0x69,0x91,0xff,0xab,0x68,0x90,0xff,
    0xaa,0x68,0x8f,0xff,0xab,0x68,0x90,0xff,0xab,0x69,0x91,0xff,0xab,0x6a,0x92,0xff,
    0xab,0x6a,0x91,0xff,0xac,0x69,0x90,0xff,0xab,0x6a,0x90,0xff,0xab,0x6a,0x91,0xff,
    0xab,0x6b,0x92,0xff,0xac,0x6c,0x93,0xff,0xad,0x6d,0x93,0xff,0xad,0x6c,0x93,0xff,
    0xad,0x6c,0x94,0xff,0xad,0x6c,0x94,0xff,0xae,0x6d,0x96,0xff,0xb0,0x6f,0x98,0xff,
    0xb0,0x72,0x99,0xff,0xb2,0x72,0x9a,0xff,0xb3,0x75,0x9c,0xff,0xb5,0x78,0x9f,0xff,
    0xb9,0x7b,0xa3,0xff,0xb9,0x7d,0xa5,0xff,0xba,0x7d,0xa5,0xff,0xba,0x7e,0xa4,0xff,
    0xba,0x81,0xa3,0xfc,0xbb,0x86,0xa6,0xfc,0xc9,0x99,0xb9,0xff,0xc6,0x9f,0xb9,0xfc,
    0xbd,0xa2,0xaf,0x8d,0x33,0x66,0x33,0x05,0x00,0x00,0x00,0x00,0xaa,0xaa,0xaa,0x03,
    0x00,0x00,0x00,0x00,0x00,0x00,0x00,0x00,0x00,0x00,0x00,0x00,0x00,0x00,0x00,0x00,
    0x00,0x00,0x00,0x00,0x00,0x00,0x00,0x00,0x00,0x00,0x00,0x00,0x00,0x00,0x00,0x00,
    0x00,0x00,0x00,0x00,0x00,0x00,0x00,0x00,0x00,0x00,0x00,0x00,0x00,0x00,0x00,0x00,
    0x00,0x00,0x00,0x00,0x00,0x00,0x00,0x00,0x00,0x00,0x00,0x00,0x00,0x00,0x00,0x00,
    0x00,0x00,0x00,0x00,0x00,0x00,0x00,0x00,0x00,0x00,0x00,0x00,0x00,0x00,0x00,0x00,
    0x00,0x00,0x00,0x00,0x00,0x00,0x00,0x00,0x00,0x00,0x00,0x00,0x00,0x00,0x00,0x00,
    0x00,0x00,0x00,0x00,0xff,0xff,0xff,0x01,0xff,0x7f,0xff,0x02,0x00,0x00,0x00,0x00,
    0xa2,0x92,0x9a,0x21,0xc8,0x9d,0xb6,0x9f,0xcc,0x99,0xb8,0xff,0xd3,0x97,0xbe,0xff,
    0xc8,0x8b,0xb4,0xff,0xc7,0x8b,0xb2,0xfb,0xc7,0x8a,0xb3,0xfc,0xc7,0x88,0xb2,0xfe,
    0xc6,0x88,0xb3,0xff,0xc5,0x87,0xb2,0xff,0xc3,0x83,0xaf,0xff,0xc0,0x80,0xac,0xff,
    0xbf,0x80,0xab,0xff,0xbf,0x7f,0xaa,0xff,0xbd,0x7d,0xa7,0xff,0xbc,0x7b,0xa5,0xff,
    0xbb,0x7a,0xa3,0xff,0xba,0x7a,0xa2,0xff,0xb9,0x79,0xa1,0xff,0xb9,0x78,0xa0,0xff,
    0xb9,0x78,0xa0,0xff,0xba,0x79,0xa1,0xff,0xb9,0x79,0xa1,0xff,0xb8,0x77,0xa0,0xff,
    0xb7,0x76,0x9f,0xff,0xb6,0x75,0x9d,0xff,0xb5,0x74,0x9c,0xff,0xb6,0x74,0x9c,0xff,
    0xb5,0x74,0x9b,0xff,0xb5,0x73,0x9a,0xff,0xb5,0x72,0x9b,0xff,0xb5,0x73,0x9b,0xff,
    0xb6,0x74,0x9b,0xff,0xb5,0x74,0x9c,0xff,0xb5,0x74,0x9b,0xff,0xb5,0x73,0x9c,0xff,
    0xb5,0x73,0x9b,0xff,0xb4,0x72,0x9a,0xff,0xb4,0x72,0x9b,0xff,0xb4,0x73,0x9b,0xff,
    0xb5,0x75,0x9d,0xff,0xb5,0x75,0x9e,0xff,0xb5,0x75,0x9d,0xff,0xb5,0x74,0x9b,0xff,
    0xb4,0x74,0x9c,0xff,0xb5,0x76,0x9d,0xff,0xb5,0x77,0x9e,0xff,0xb6,0x77,0x9e,0xff,
    0xb6,0x76,0x9e,0xff,0xb6,0x77,0x9f,0xff,0xb7,0x78,0xa0,0xff,0xb7,0x79,0xa1,0xff,
    0xb8,0x7b,0xa3,0xff,0xba,0x7e,0xa6,0xff,0xbb,0x80,0xa6,0xff,0xbc,0x80,0xa7,0xff,
    0xbc,0x80,0xa8,0xff,0xbc,0x82,0xa9,0xfd,0xbb,0x82,0xa9,0xfb,0xbc,0x87,0xaa,0xfe,
    0xc8,0x97,0xb6,0xff,0xc8,0x9f,0xb7,0xff,0xbf,0x9f,0xaf,0xbe,0xb2,0xa1,0xa1,0x39,
    0x00,0x00,0x00,0x00,0x00,0x00,0x00,0x00,0x7f,0x7f,0x7f,0x02,0x00,0x00,0x00,0x00,
    0x00,0x00,0x00,0x00,0x00,0x00,0x00,0x00,0x00,0x00,0x00,0x00,0x00,0x00,0x00,0x00,
    0x00,0x00,0x00,0x00,0x00,0x00,0x00,0x00,0x00,0x00,0x00,0x00,0x00,0x00,0x00,0x00,
    0x00,0x00,0x00,0x00,0x00,0x00,0x00,0x00,0x00,0x00,0x00,0x00,0x00,0x00,0x00,0x00,
    0x00,0x00,0x00,0x00,0x00,0x00,0x00,0x00,0x00,0x00,0x00,0x00,0x00,0x00,0x00,0x00,
    0x00,0x00,0x00,0x00,0x00,0x00,0x00,0x00,0x00,0x00,0x00,0x00,0x00,0x00,0x00,0x00,
    0x00,0x00,0x00,0x00,0x00,0x00,0x00,0x00,0x00,0x00,0x00,0x00,0x00,0x00,0x00,0x00,
    0x00,0x00,0x00,0x00,0x00,0x00,0x00,0x00,0x00,0x00,0x00,0x00,0xff,0xaa,0xaa,0x03,
    0x00,0x00,0x00,0x00,0x00,0x00,0x00,0x00,0xad,0x96,0x9f,0x38,0xc3,0x95,0xb0,0xa2,
    0xc8,0x90,0xb3,0xf4,0xd6,0x98,0xc1,0xff,0xd1,0x94,0xbd,0xff,0xc7,0x8b,0xb4,0xff,
    0xc3,0x87,0xb1,0xfc,0xc4,0x89,0xb1,0xfb,0xc5,0x89,0xb2,0xfc,0xc3,0x87,0xb0,0xfe,
    0xc3,0x85,0xb0,0xfe,0xc4,0x85,0xb1,0xff,0xc3,0x85,0xb0,0xff,0xc2,0x83,0xad,0xff,
    0xc1,0x81,0xab,0xff,0xc0,0x80,0xaa,0xff,0xc1,0x81,0xaa,0xff,0xc1,0x81,0xaa,0xff,
    0xc1,0x81,0xaa,0xff,0xc0,0x81,0xaa,0xff,0xc0,0x81,0xa9,0xff,0xc0,0x81,0xa9,0xff,
    0xc0,0x7f,0xa9,0xff,0xbf,0x7d,0xa6,0xff,0xbd,0x7b,0xa4,0xff,0xbc,0x7a,0xa4,0xff,
    0xbd,0x7c,0xa5,0xff,0xbe,0x7c,0xa5,0xff,0xbe,0x7d,0xa6,0xff,0xbd,0x7d,0xa5,0xff,
    0xbd,0x7c,0xa4,0xff,0xbd,0x7c,0xa4,0xff,0xbd,0x7c,0xa4,0xff,0xbd,0x7d,0xa6,0xff,
    0xbe,0x7d,0xa5,0xff,0xbd,0x7c,0xa5,0xff,0xbd,0x7b,0xa5,0xff,0xbc,0x7b,0xa4,0xff,
    0xbd,0x7e,0xa6,0xff,0xbe,0x80,0xa8,0xff,0xbe,0x81,0xa7,0xff,0xbe,0x80,0xa6,0xff,
    0xbd,0x7e,0xa5,0xff,0xbc,0x7d,0xa5,0xff,0xbd,0x7e,0xa6,0xff,0xbd,0x7f,0xa7,0xff,
    0xbe,0x81,0xa8,0xff,0xbd,0x82,0xa8,0xff,0xbc,0x81,0xa8,0xff,0xbb,0x80,0xa7,0xff,
    0xba,0x80,0xa7,0xfe,0xbb,0x84,0xa9,0xfd,0xbc,0x85,0xa9,0xfb,0xbb,0x84,0xa9,0xfb,
    0xbc,0x85,0xab,0xff,0xc4,0x8d,0xb3,0xff,0xcd,0x99,0xbb,0xff,0xc6,0x98,0xb4,0xff,
    0xc3,0x9f,0xb1,0xc1,0xb4,0x9f,0xa2,0x55,0x00,0x00,0x00,0x00,0x00,0x00,0x00,0x00,
    0xff,0xaa,0xaa,0x03,0x00,0x00,0x00,0x01,0x00,0x00,0x00,0x00,0x00,0x00,0x00,0x00,
    0x00,0x00,0x00,0x00,0x00,0x00,0x00,0x00,0x00,0x00,0x00,0x00,0x00,0x00,0x00,0x00,
    0x00,0x00,0x00,0x00,0x00,0x00,0x00,0x00,0x00,0x00,0x00,0x00,0x00,0x00,0x00,0x00,
    0x00,0x00,0x00,0x00,0x00,0x00,0x00,0x00,0x00,0x00,0x00,0x00,0x00,0x00,0x00,0x00,
    0x00,0x00,0x00,0x00,0x00,0x00,0x00,0x00,0x00,0x00,0x00,0x00,0x00,0x00,0x00,0x00,
    0x00,0x00,0x00,0x00,0x00,0x00,0x00,0x00,0x00,0x00,0x00,0x00,0x00,0x00,0x00,0x00,
    0x00,0x00,0x00,0x00,0x00,0x00,0x00,0x00,0x00,0x00,0x00,0x00,0x00,0x00,0x00,0x00,
    0x00,0x00,0x00,0x00,0x00,0x00,0x00,0x00,0x00,0x00,0x00,0x00,0x00,0x00,0x00,0x00,
    0x7f,0x7f,0x7f,0x02,0xff,0xaa,0xaa,0x03,0x00,0x00,0x00,0x00,0x00,0x00,0x00,0x00,
    0xaa,0x9a,0x9a,0x21,0xbf,0x98,0xac,0x75,0xc5,0x94,0xb5,0xbf,0xc1,0x91,0xb3,0xf4,
    0xcc,0x96,0xbb,0xff,0xd1,0x98,0xbd,0xff,0xcd,0x95,0xba,0xff,0xc9,0x90,0xb5,0xff,
    0xc5,0x8a,0xb1,0xff,0xc2,0x86,0xae,0xfe,0xc2,0x87,0xae,0xfd,0xc2,0x86,0xaf,0xfc,
    0xc1,0x84,0xae,0xfc,0xc1,0x83,0xad,0xfc,0xc3,0x85,0xad,0xfd,0xc4,0x87,0xaf,0xfd,
    0xc5,0x87,0xaf,0xfd,0xc3,0x86,0xad,0xfe,0xc4,0x85,0xad,0xfe,0xc3,0x85,0xad,0xfe,
    0xc3,0x83,0xac,0xfe,0xc2,0x82,0xab,0xfe,0xc1,0x81,0xa9,0xfe,0xc1,0x80,0xaa,0xfe,
    0xc1,0x82,0xab,0xfe,0xc2,0x84,0xac,0xfe,0xc3,0x84,0xac,0xfe,0xc1,0x83,0xab,0xfe,
    0xc1,0x82,0xab,0xfe,0xc1,0x82,0xaa,0xfe,0xc1,0x82,0xaa,0xfe,0xc1,0x81,0xaa,0xfe,
    0xc1,0x82,0xab,0xfe,0xc2,0x84,0xac,0xfe,0xc2,0x83,0xac,0xfe,0xc1,0x82,0xab,0xfe,
    0xc0,0x82,0xab,0xfe,0xbf,0x83,0xaa,0xfe,0xbf,0x83,0xab,0xfe,0xc0,0x84,0xab,0xfd,
    0xc0,0x83,0xaa,0xfd,0xbf,0x82,0xa9,0xfd,0xbf,0x81,0xa8,0xfc,0xbf,0x83,0xaa,0xfc,
    0xbf,0x85,0xab,0xfc,0xbe,0x85,0xab,0xfc,0xbc,0x85,0xaa,0xfd,0xbd,0x86,0xab,0xff,
    0xc1,0x8a,0xaf,0xff,0xc7,0x91,0xb5,0xff,0xcc,0x98,0xba,0xff,0xcc,0x9b,0xbb,0xff,
    0xbf,0x94,0xb1,0xff,0xbc,0x98,0xae,0xd8,0xbc,0x9f,0xab,0x8d,0xb2,0x9c,0xa1,0x39,
    0x00,0x00,0x00,0x00,0x00,0x00,0x00,0x00,0x00,0x00,0x00,0x00,0xff,0x7f,0xff,0x02,
    0x00,0x00,0x00,0x00,0x00,0x00,0x00,0x00,0x00,0x00,0x00,0x00,0x00,0x00,0x00,0x00,
    0x00,0x00,0x00,0x00,0x00,0x00,0x00,0x00,0x00,0x00,0x00,0x00,0x00,0x00,0x00,0x00,
    0x00,0x00,0x00,0x00,0x00,0x00,0x00,0x00,0x00,0x00,0x00,0x00,0x00,0x00,0x00,0x00,
    0x00,0x00,0x00,0x00,0x00,0x00,0x00,0x00,0x00,0x00,0x00,0x00,0x00,0x00,0x00,0x00,
    0x00,0x00,0x00,0x00,0x00,0x00,0x00,0x00,0x00,0x00,0x00,0x00,0x00,0x00,0x00,0x00,
    0x00,0x00,0x00,0x00,0x00,0x00,0x00,0x00,0x00,0x00,0x00,0x00,0x00,0x00,0x00,0x00,
    0x00,0x00,0x00,0x00,0x00,0x00,0x00,0x00,0x00,0x00,0x00,0x00,0x00,0x00,0x00,0x00,
    0x00,0x00,0x00,0x00,0x00,0x00,0x00,0x00,0x00,0x00,0x00,0x00,0x00,0x00,0x00,0x00,
    0x00,0x00,0x00,0x00,0x00,0x00,0x00,0x00,0xff,0x7f,0xff,0x02,0xaa,0xaa,0xaa,0x03,
    0x00,0x00,0x00,0x00,0x00,0x00,0x00,0x00,0x00,0x00,0x00,0x00,0x9e,0x9e,0x9e,0x1d,
    0xb7,0x97,0xa3,0x56,0xbd,0x97,0xa7,0x91,0xc3,0x98,0xad,0xc2,0xc3,0x98,0xac,0xe2,
    0xc2,0x96,0xac,0xf8,0xc6,0x96,0xb2,0xff,0xca,0x93,0xb6,0xff,0xcb,0x94,0xb8,0xff,
    0xca,0x93,0xb8,0xff,0xcb,0x93,0xb7,0xff,0xcc,0x91,0xb7,0xff,0xcc,0x90,0xb6,0xff,
    0xcb,0x8f,0xb5,0xff,0xc9,0x8e,0xb3,0xff,0xc8,0x8c,0xb2,0xff,0xc7,0x8b,0xb1,0xff,
    0xc6,0x89,0xaf,0xff,0xc6,0x89,0xb0,0xff,0xc5,0x89,0xaf,0xff,0xc4,0x89,0xaf,0xff,
    0xc5,0x8a,0xaf,0xff,0xc4,0x8a,0xaf,0xff,0xc4,0x8a,0xae,0xff,0xc3,0x89,0xaf,0xff,
    0xc3,0x88,0xaf,0xff,0xc3,0x89,0xaf,0xff,0xc3,0x89,0xaf,0xff,0xc4,0x88,0xae,0xff,
    0xc3,0x89,0xae,0xff,0xc4,0x8a,0xb0,0xff,0xc6,0x8c,0xb3,0xff,0xc5,0x8b,0xb3,0xff,
    0xc5,0x8b,0xb2,0xff,0xc4,0x8a,0xb1,0xff,0xc5,0x89,0xb2,0xff,0xc6,0x8b,0xb2,0xff,
    0xc7,0x8e,0xb3,0xff,0xc8,0x90,0xb4,0xff,0xc8,0x93,0xb6,0xff,0xc9,0x95,0xb7,0xff,
    0xc8,0x96,0xb6,0xff,0xc5,0x96,0xb4,0xff,0xc2,0x97,0xb1,0xff,0xbe,0x96,0xac,0xfd,
    0xc0,0x97,0xab,0xec,0xbf,0x96,0xab,0xcd,0xb9,0x98,0xa8,0xa2,0xb6,0x9b,0xa2,0x66,
    0xaf,0x9e,0x9e,0x2d,0x33,0x99,0x33,0x05,0x00,0x00,0x00,0x00,0x00,0x00,0x00,0x00,
    0xff,0xff,0xff,0x01,0xaa,0xaa,0xaa,0x03,0x00,0x00,0x00,0x00,0x00,0x00,0x00,0x00,
    0x00,0x00,0x00,0x00,0x00,0x00,0x00,0x00,0x00,0x00,0x00,0x00,0x00,0x00,0x00,0x00,
    0x00,0x00,0x00,0x00,0x00,0x00,0x00,0x00,0x00,0x00,0x00,0x00,0x00,0x00,0x00,0x00,
    0x00,0x00,0x00,0x00,0x00,0x00,0x00,0x00,0x00,0x00,0x00,0x00,0x00,0x00,0x00,0x00,
    0x00,0x00,0x00,0x00,0x00,0x00,0x00,0x00,0x00,0x00,0x00,0x00,0x00,0x00,0x00,0x00,
    0x00,0x00,0x00,0x00,0x00,0x00,0x00,0x00,0x00,0x00,0x00,0x00,0x00,0x00,0x00,0x00,
    0x00,0x00,0x00,0x00,0x00,0x00,0x00,0x00,0x00,0x00,0x00,0x00,0x00,0x00,0x00,0x00,
    0x00,0x00,0x00,0x00,0x00,0x00,0x00,0x00,0x00,0x00,0x00,0x00,0x00,0x00,0x00,0x00,
    0x00,0x00,0x00,0x00,0x00,0x00,0x00,0x00,0x00,0x00,0x00,0x00,0x00,0x00,0x00,0x00,
    0x00,0x00,0x00,0x00,0x00,0x00,0x00,0x00,0x00,0x00,0x00,0x00,0x00,0x00,0x00,0x00,
    0x7f,0x7f,0x7f,0x02,0xbf,0x7f,0xbf,0x04,0xff,0x7f,0xff,0x02,0x00,0x00,0x00,0x00,
    0x00,0x00,0x00,0x00,0x00,0x00,0x00,0x00,0x00,0x00,0x00,0x00,0x91,0xa3,0x6d,0x0e,
    0xaa,0x9d,0x97,0x2a,0xad,0x98,0x9b,0x48,0xb0,0x91,0xa3,0x62,0xb1,0x91,0xa5,0x80,
    0xb3,0x93,0xa7,0x98,0xba,0x96,0xaa,0xaf,0xba,0x8f,0xa7,0xba,0xbc,0x8f,0xaa,0xc3,
    0xbd,0x94,0xa8,0xd5,0xbc,0x93,0xa8,0xde,0xba,0x8e,0xa8,0xe2,0xb9,0x8c,0xa9,0xe5,
    0xba,0x8c,0xa9,0xe8,0xbb,0x8c,0xa8,0xea,0xbc,0x8b,0xa8,0xec,0xbc,0x8d,0xa9,0xee,
    0xbc,0x8d,0xa9,0xef,0xbc,0x8b,0xa9,0xef,0xbb,0x8b,0xa8,0xef,0xbc,0x8d,0xaa,0xf0,
    0xbd,0x8c,0xaa,0xf0,0xbc,0x8c,0xa8,0xf0,0xbd,0x8e,0xa8,0xf0,0xbd,0x8e,0xaa,0xef,
    0xbd,0x8e,0xaa,0xee,0xbd,0x8e,0xab,0xef,0xbe,0x91,0xaf,0xed,0xbe,0x91,0xae,0xeb,
    0xbb,0x91,0xac,0xe8,0xba,0x90,0xab,0xe2,0xba,0x91,0xaa,0xde,0xb9,0x92,0xa9,0xd1,
    0xb9,0x90,0xab,0xc6,0xb7,0x92,0xaa,0xbe,0xb7,0x95,0xaa,0xb3,0xb5,0x97,0xaa,0xa0,
    0xb2,0x92,0xa5,0x88,0xad,0x95,0x9e,0x74,0xac,0x96,0x9f,0x53,0xa8,0x99,0x99,0x35,
    0x9f,0x9f,0x7f,0x18,0x00,0x00,0x00,0x00,0x00,0x00,0x00,0x00,0x00,0x00,0x00,0x00,
    0x00,0x00,0x00,0x00,0x00,0x00,0x00,0x00,0xbf,0x7f,0xbf,0x04,0xaa,0xaa,0xaa,0x03,
    0x00,0x00,0x00,0x00,0x00,0x00,0x00,0x00,0x00,0x00,0x00,0x00,0x00,0x00,0x00,0x00,
    0x00,0x00,0x00,0x00,0x00,0x00,0x00,0x00,0x00,0x00,0x00,0x00,0x00,0x00,0x00,0x00,
    0x00,0x00,0x00,0x00,0x00,0x00,0x00,0x00,0x00,0x00,0x00,0x00,0x00,0x00,0x00,0x00,
    0x00,0x00,0x00,0x00,0x00,0x00,0x00,0x00,0x00,0x00,0x00,0x00,0x00,0x00,0x00,0x00,
    0x00,0x00,0x00,0x00,0x00,0x00,0x00,0x00,0x00,0x00,0x00,0x00,0x00,0x00,0x00,0x00,
    0x00,0x00,0x00,0x00,0x00,0x00,0x00,0x00,0x00,0x00,0x00,0x00,0x00,0x00,0x00,0x00,
    0x00,0x00,0x00,0x00,0x00,0x00,0x00,0x00,0x00,0x00,0x00,0x00,0x00,0x00,0x00,0x00,
    0x00,0x00,0x00,0x00,0x00,0x00,0x00,0x00,0x00,0x00,0x00,0x00,0x00,0x00,0x00,0x00,
    0x00,0x00,0x00,0x00,0x00,0x00,0x00,0x00,0x00,0x00,0x00,0x00,0x00,0x00,0x00,0x00,
    0x00,0x00,0x00,0x00,0x00,0x00,0x00,0x00,0x00,0x00,0x00,0x00,0x00,0x00,0x00,0x00,
    0x00,0x00,0x00,0x00,0x00,0x00,0x00,0x00,0x00,0x00,0x00,0x00,0x00,0x00,0x00,0x00,
    0x00,0x00,0x00,0x00,0x00,0x00,0x00,0x00,0x00,0x00,0x00,0x00,0x00,0x00,0x00,0x00,
    0x00,0x00,0x00,0x00,0x00,0x00,0x00,0x00,0x00,0x00,0x00,0x00,0x00,0x00,0x00,0x00,
    0x00,0x00,0x00,0x00,0x00,0x00,0x00,0x00,0x00,0x00,0x00,0x00,0x00,0x00,0x00,0x00,
    0x00,0x00,0x00,0x00,0x00,0x00,0x00,0x00,0x00,0x00,0x00,0x00,0x00,0x00,0x00,0x00,
    0x00,0x00,0x00,0x00,0x00,0x00,0x00,0x00,0x00,0x00,0x00,0x00,0x00,0x00,0x00,0x00,
    0x00,0x00,0x00,0x00,0x00,0x00,0x00,0x00,0x00,0x00,0x00,0x00,0x00,0x00,0x00,0x00,
    0x00,0x00,0x00,0x00,0x00,0x00,0x00,0x00,0x00,0x00,0x00,0x00,0x00,0x00,0x00,0x00,
    0x00,0x00,0x00,0x00,0x00,0x00,0x00,0x00,0x00,0x00,0x00,0x00,0x00,0x00,0x00,0x00,
    0x00,0x00,0x00,0x00,0x00,0x00,0x00,0x00,0x00,0x00,0x00,0x00,0x00,0x00,0x00,0x00,
    0x00,0x00,0x00,0x00,0x00,0x00,0x00,0x00,0x00,0x00,0x00,0x00,0x00,0x00,0x00,0x00,
    0x00,0x00,0x00,0x00,0x00,0x00,0x00,0x00,0x00,0x00,0x00,0x00,0x00,0x00,0x00,0x00,
    0x00,0x00,0x00,0x00,0x00,0x00,0x00,0x00,0x00,0x00,0x00,0x00,0x00,0x00,0x00,0x00,
    0x00,0x00,0x00,0x00,0x00,0x00,0x00,0x00,0x00,0x00,0x00,0x00,0x00,0x00,0x00,0x00,
    0x00,0x00,0x00,0x00,0x00,0x00,0x00,0x00,0x00,0x00,0x00,0x00,0x00,0x00,0x00,0x00,
    0x00,0x00,0x00,0x00,0x00,0x00,0x00,0x00,0x00,0x00,0x00,0x00,0x00,0x00,0x00,0x00,
    0x00,0x00,0x00,0x00,0x00,0x00,0x00,0x00,0x00,0x00,0x00,0x00,0x00,0x00,0x00,0x00,
    0x00,0x00,0x00,0x00,0x00,0x00,0x00,0x00,0x00,0x00,0x00,0x00,0x00,0x00,0x00,0x00,
    0x00,0x00,0x00,0x00,0x00,0x00,0x00,0x00,0x00,0x00,0x00,0x00,0x00,0x00,0x00,0x00,
};

const lv_image_dsc_t detail_radio = {
    .header.magic = LV_IMAGE_HEADER_MAGIC,
    .header.cf = LV_COLOR_FORMAT_ARGB8888,
    .header.flags = 0,
    .header.w = 96,
    .header.h = 96,
    .header.stride = 384,
    .data_size = sizeof(detail_radio_map),
    .data = detail_radio_map,
};
