/*******************************************************************************
 * Size: 14 px
 * Bpp: 4
 * Opts: --font managed_components/78__xiaozhi-fonts/ttf/puhui-common.ttf -r 0x20-0x7e,0x00B0,0x00B7,0x4E00,0x4E09,0x4E0B,0x4E0D,0x4E2A,0x4E2D,0x4E8C,0x4E91,0x4E94,0x4ECA,0x4F18,0x505C,0x5165,0x516D,0x5185,0x51B2,0x5207,0x533A,0x53F0,0x540E,0x5468,0x5668,0x56DB,0x56DE,0x5728,0x591A,0x5929,0x5931,0x59CB,0x5B58,0x5BA4,0x5C0F,0x5DEE,0x5E02,0x5EA6,0x5F00,0x6148,0x620F,0x62E9,0x6309,0x63A5,0x6447,0x64AD,0x6536,0x653E,0x65B0,0x65E5,0x660E,0x6674,0x667A,0x66F4,0x6708,0x672A,0x673A,0x6746,0x6B62,0x6B63,0x6C14,0x6E38,0x6E7F,0x6EAA,0x7535,0x7801,0x7A7A,0x7EDC,0x7F13,0x7F51,0x826F,0x89E3,0x8BDD,0x8BF4,0x8D25,0x8DB3,0x8F7B,0x8F83,0x8FD4,0x8FDB,0x8FDE,0x9009,0x957F,0x9634,0x96E8,0x96EA,0x96F7,0x96FE,0x973E,0x97F3,0x4E0D,0x4E32,0x4EFB,0x5185,0x521B,0x52A1,0x52A8,0x5305,0x53E3,0x542F,0x5668,0x56DE,0x5728,0x5730,0x5740,0x5931,0x5B58,0x5B8C,0x5DF2,0x5E27,0x5E76,0x5EFA,0x5F00,0x5F85,0x6001,0x620F,0x6216,0x62DF,0x62E9,0x6309,0x63A5,0x6536,0x6548,0x6574,0x65AD,0x65E0,0x663E,0x672C,0x673A,0x6A21,0x6B63,0x6B8B,0x6D41,0x6E38,0x72B6,0x7535,0x753B,0x793A,0x7AEF,0x7B49,0x7F3A,0x8111,0x884C,0x8D25,0x8DB3,0x8FD0,0x8FD4,0x8FDE,0x9009,0x957F,0x9762,0xFF1A --size 14 --bpp 4 --format lvgl --lv-include lvgl.h --lv-font-name font_atian_ui_14_4 --no-compress --no-prefilter --no-kerning -o main/boards/atian-s3/font_atian_ui_14_4.c
 ******************************************************************************/

#ifdef LV_LVGL_H_INCLUDE_SIMPLE
#include "lvgl.h"
#else
#include "lvgl.h"
#endif

#ifndef FONT_ATIAN_UI_14_4
#define FONT_ATIAN_UI_14_4 1
#endif

#if FONT_ATIAN_UI_14_4

/*-----------------
 *    BITMAPS
 *----------------*/

/*Store the image of the glyphs*/
static LV_ATTRIBUTE_LARGE_CONST const uint8_t glyph_bitmap[] = {
    /* U+0020 " " */

    /* U+0021 "!" */
    0x2f, 0x22, 0xf2, 0x1f, 0x11, 0xf1, 0xf, 0x0,
    0xf0, 0xf, 0x0, 0x20, 0x3d, 0x34, 0xf4,

    /* U+0022 "\"" */
    0xe7, 0xc8, 0xc5, 0xb7, 0xb4, 0x96, 0xa3, 0x85,
    0x20, 0x21,

    /* U+0023 "#" */
    0x0, 0x2f, 0x0, 0xc5, 0x0, 0x6, 0xb0, 0xf,
    0x10, 0xae, 0xff, 0xee, 0xfe, 0x21, 0x1e, 0x51,
    0x8b, 0x10, 0x0, 0xf1, 0xa, 0x70, 0x0, 0x3e,
    0x0, 0xd5, 0x0, 0xae, 0xfe, 0xef, 0xee, 0x21,
    0xa9, 0x14, 0xe1, 0x10, 0xc, 0x50, 0x6b, 0x0,
    0x0, 0xf2, 0x9, 0x80, 0x0,

    /* U+0024 "$" */
    0x0, 0x4, 0x20, 0x0, 0x0, 0x85, 0x0, 0x3,
    0xdf, 0xfe, 0x60, 0xc6, 0x85, 0x12, 0xf, 0x28,
    0x50, 0x0, 0xd8, 0x85, 0x0, 0x4, 0xdf, 0xb4,
    0x0, 0x0, 0x9b, 0xe7, 0x0, 0x8, 0x54, 0xe0,
    0x0, 0x85, 0x2e, 0x5, 0x29, 0x7a, 0xb1, 0xdf,
    0xff, 0xa1, 0x0, 0x8, 0x50, 0x0, 0x0, 0x85,
    0x0,

    /* U+0025 "%" */
    0x6, 0xdd, 0x40, 0x4, 0xa0, 0x0, 0xe0, 0x2c,
    0x0, 0xc2, 0x0, 0xe, 0x0, 0xe0, 0x68, 0x0,
    0x0, 0xd1, 0x2c, 0xd, 0x10, 0x0, 0x4, 0xcb,
    0x37, 0x78, 0xc9, 0x0, 0x0, 0x1, 0xd4, 0xb0,
    0x95, 0x0, 0x0, 0x86, 0x68, 0x6, 0x70, 0x0,
    0x1c, 0x6, 0x80, 0x68, 0x0, 0xa, 0x40, 0x4a,
    0x8, 0x50, 0x3, 0xb0, 0x0, 0xaa, 0xa0,

    /* U+0026 "&" */
    0x0, 0x3d, 0xfa, 0x0, 0x0, 0xd, 0x92, 0xd7,
    0x0, 0x0, 0xf4, 0xb, 0x80, 0x0, 0xc, 0x97,
    0xe2, 0x0, 0x0, 0x9f, 0xc1, 0x1, 0x0, 0xad,
    0x9e, 0x10, 0xd5, 0x4f, 0x10, 0xac, 0x3f, 0x16,
    0xe0, 0x0, 0xdf, 0xa0, 0x3f, 0x82, 0x4c, 0xfa,
    0x20, 0x5d, 0xfd, 0x84, 0xde,

    /* U+0027 "'" */
    0xe7, 0xc5, 0xb4, 0xa3, 0x20,

    /* U+0028 "(" */
    0x0, 0x2e, 0x10, 0xb, 0x70, 0x2, 0xf1, 0x0,
    0x8a, 0x0, 0xc, 0x60, 0x0, 0xf3, 0x0, 0xf,
    0x20, 0x1, 0xf2, 0x0, 0xf, 0x30, 0x0, 0xc6,
    0x0, 0x8, 0xa0, 0x0, 0x2f, 0x0, 0x0, 0xb7,
    0x0, 0x2, 0xe1,

    /* U+0029 ")" */
    0xe, 0x30, 0x0, 0x7c, 0x0, 0x0, 0xf3, 0x0,
    0xa, 0x90, 0x0, 0x6d, 0x0, 0x3, 0xf0, 0x0,
    0x2f, 0x10, 0x2, 0xf1, 0x0, 0x3f, 0x0, 0x6,
    0xc0, 0x0, 0xa8, 0x0, 0x1f, 0x20, 0x7, 0xb0,
    0x1, 0xe2, 0x0,

    /* U+002A "*" */
    0x0, 0x89, 0x0, 0x37, 0x88, 0x74, 0x4a, 0xff,
    0xa4, 0x3, 0xed, 0x40, 0xa, 0x55, 0xa0, 0x0,
    0x0, 0x0,

    /* U+002B "+" */
    0x0, 0xb, 0x70, 0x0, 0x0, 0xb, 0x70, 0x0,
    0x0, 0xb, 0x70, 0x0, 0x8f, 0xff, 0xff, 0xf3,
    0x13, 0x3c, 0x93, 0x30, 0x0, 0xb, 0x70, 0x0,
    0x0, 0xb, 0x70, 0x0,

    /* U+002C "," */
    0x3, 0xf0, 0x6, 0xb0, 0xc, 0x50, 0x3d, 0x0,

    /* U+002D "-" */
    0xef, 0xff, 0x21, 0x11, 0x10,

    /* U+002E "." */
    0x8b, 0xa, 0xe0,

    /* U+002F "/" */
    0x0, 0x5, 0xb0, 0x0, 0xa6, 0x0, 0xf, 0x10,
    0x5, 0xb0, 0x0, 0xb6, 0x0, 0x1f, 0x10, 0x6,
    0xb0, 0x0, 0xb5, 0x0, 0x1f, 0x0, 0x6, 0xa0,
    0x0, 0xc5, 0x0, 0x0,

    /* U+0030 "0" */
    0x0, 0xae, 0xfa, 0x0, 0x9, 0xc3, 0x3c, 0xa0,
    0xf, 0x40, 0x4, 0xf0, 0x2f, 0x10, 0x0, 0xf3,
    0x3f, 0x0, 0x0, 0xf4, 0x3f, 0x0, 0x0, 0xf4,
    0x2f, 0x10, 0x0, 0xf3, 0xf, 0x40, 0x3, 0xf0,
    0x9, 0xc2, 0x2c, 0xa0, 0x0, 0xaf, 0xfa, 0x10,

    /* U+0031 "1" */
    0x49, 0xdf, 0x15, 0x76, 0xf1, 0x0, 0x2f, 0x10,
    0x2, 0xf1, 0x0, 0x2f, 0x10, 0x2, 0xf1, 0x0,
    0x2f, 0x10, 0x2, 0xf1, 0x0, 0x2f, 0x10, 0x2,
    0xf1,

    /* U+0032 "2" */
    0x6, 0xef, 0xe9, 0x0, 0x2, 0x32, 0x4e, 0x80,
    0x0, 0x0, 0x7, 0xb0, 0x0, 0x0, 0x8, 0xb0,
    0x0, 0x0, 0xe, 0x60, 0x0, 0x0, 0xab, 0x0,
    0x0, 0xa, 0xc0, 0x0, 0x1, 0xcb, 0x0, 0x0,
    0x1d, 0xa1, 0x11, 0x10, 0x3f, 0xff, 0xff, 0xf3,

    /* U+0033 "3" */
    0x6, 0xef, 0xe8, 0x0, 0x22, 0x13, 0xd7, 0x0,
    0x0, 0x9, 0x90, 0x0, 0x3, 0xe5, 0x0, 0xcf,
    0xf7, 0x0, 0x1, 0x25, 0xe6, 0x0, 0x0, 0x6,
    0xd0, 0x0, 0x0, 0x6d, 0x4, 0x21, 0x4e, 0x80,
    0xef, 0xfd, 0x70,

    /* U+0034 "4" */
    0x0, 0x0, 0x9f, 0x40, 0x0, 0x5, 0xcf, 0x40,
    0x0, 0x2e, 0x2e, 0x40, 0x0, 0xc6, 0xe, 0x40,
    0x9, 0xa0, 0xe, 0x40, 0x4e, 0x0, 0xe, 0x40,
    0x8f, 0xff, 0xff, 0xf6, 0x12, 0x22, 0x2e, 0x50,
    0x0, 0x0, 0xe, 0x40, 0x0, 0x0, 0xe, 0x40,

    /* U+0035 "5" */
    0x2f, 0xff, 0xf6, 0x4, 0xd2, 0x22, 0x0, 0x6a,
    0x0, 0x0, 0x8, 0x80, 0x0, 0x0, 0xaf, 0xfe,
    0x91, 0x1, 0x0, 0x2b, 0xb0, 0x0, 0x0, 0x3f,
    0x0, 0x0, 0x3, 0xf0, 0x21, 0x14, 0xda, 0xa,
    0xff, 0xd8, 0x0,

    /* U+0036 "6" */
    0x0, 0x7, 0xdf, 0x0, 0x0, 0xbc, 0x52, 0x0,
    0x7, 0xb0, 0x0, 0x0, 0xd, 0x8c, 0xd9, 0x10,
    0x1f, 0xb3, 0x2b, 0xb0, 0x2f, 0x20, 0x1, 0xf0,
    0x2f, 0x0, 0x0, 0xf2, 0xf, 0x30, 0x2, 0xf0,
    0xa, 0xc2, 0x2b, 0xa0, 0x1, 0xae, 0xea, 0x10,

    /* U+0037 "7" */
    0x4f, 0xff, 0xff, 0xf2, 0x2, 0x22, 0x23, 0xf1,
    0x0, 0x0, 0x8, 0x90, 0x0, 0x0, 0x1f, 0x20,
    0x0, 0x0, 0x8b, 0x0, 0x0, 0x0, 0xe3, 0x0,
    0x0, 0x7, 0xc0, 0x0, 0x0, 0xe, 0x50, 0x0,
    0x0, 0x6d, 0x0, 0x0, 0x0, 0xd6, 0x0, 0x0,

    /* U+0038 "8" */
    0x2, 0xbe, 0xfb, 0x20, 0xc, 0x91, 0x19, 0xc0,
    0xf, 0x30, 0x2, 0xf0, 0xa, 0x90, 0x8, 0xb0,
    0x1, 0xef, 0xfe, 0x20, 0xd, 0x80, 0x7, 0xd0,
    0x3f, 0x0, 0x0, 0xe4, 0x3f, 0x0, 0x0, 0xe4,
    0xe, 0x82, 0x18, 0xe1, 0x3, 0xbe, 0xfc, 0x30,

    /* U+0039 "9" */
    0x1, 0xae, 0xe9, 0x0, 0xc, 0xa2, 0x2b, 0xa0,
    0x1f, 0x10, 0x2, 0xf0, 0x2f, 0x0, 0x0, 0xf2,
    0xe, 0x80, 0x19, 0xf2, 0x3, 0xbe, 0xd9, 0xf0,
    0x0, 0x0, 0x6, 0xd0, 0x0, 0x0, 0x1e, 0x70,
    0x0, 0x25, 0xdb, 0x0, 0x0, 0xfd, 0x70, 0x0,

    /* U+003A ":" */
    0x2f, 0x62, 0xc5, 0x0, 0x0, 0x0, 0x0, 0x0,
    0x0, 0x2c, 0x52, 0xf6,

    /* U+003B ";" */
    0x2, 0xf6, 0x1, 0xc5, 0x0, 0x0, 0x0, 0x0,
    0x0, 0x0, 0x0, 0x0, 0x0, 0xc5, 0x0, 0xf1,
    0x6, 0xa0, 0xb, 0x20,

    /* U+003C "<" */
    0x0, 0x0, 0x0, 0x0, 0x0, 0x0, 0x5, 0xc3,
    0x0, 0x17, 0xee, 0x70, 0x2a, 0xfc, 0x50, 0x0,
    0x8d, 0x20, 0x0, 0x0, 0x5e, 0xe7, 0x10, 0x0,
    0x0, 0x5c, 0xf9, 0x30, 0x0, 0x0, 0x39, 0xf3,
    0x0, 0x0, 0x0, 0x11,

    /* U+003D "=" */
    0x0, 0x0, 0x0, 0x0, 0x8f, 0xff, 0xff, 0xf3,
    0x13, 0x33, 0x33, 0x30, 0x0, 0x0, 0x0, 0x0,
    0x8f, 0xff, 0xff, 0xf3, 0x13, 0x33, 0x33, 0x30,

    /* U+003E ">" */
    0x0, 0x0, 0x0, 0x0, 0x7a, 0x30, 0x0, 0x0,
    0x29, 0xfc, 0x50, 0x0, 0x0, 0x17, 0xde, 0x81,
    0x0, 0x0, 0x5, 0xf3, 0x0, 0x2, 0x9f, 0xc2,
    0x5, 0xbf, 0xa3, 0x0, 0x8e, 0x71, 0x0, 0x0,
    0x10, 0x0, 0x0, 0x0,

    /* U+003F "?" */
    0x4e, 0xff, 0xb1, 0x24, 0x24, 0xe9, 0x0, 0x0,
    0x9b, 0x0, 0x0, 0xc9, 0x0, 0xa, 0xd1, 0x0,
    0x9c, 0x10, 0x0, 0xd4, 0x0, 0x0, 0x0, 0x0,
    0x1, 0xc5, 0x0, 0x1, 0xf7, 0x0,

    /* U+0040 "@" */
    0x0, 0x1, 0x7d, 0xff, 0xc5, 0x0, 0x0, 0x3e,
    0x93, 0x1, 0x5e, 0x80, 0x1, 0xe5, 0x0, 0x0,
    0x2, 0xf3, 0x9, 0x90, 0x2c, 0xe9, 0xe0, 0xa7,
    0xe, 0x30, 0xd7, 0xa, 0xc0, 0x89, 0x1f, 0x4,
    0xd0, 0x7, 0x90, 0x89, 0x3e, 0x7, 0xa0, 0xa,
    0x60, 0xa6, 0x2f, 0x5, 0xc0, 0x4f, 0x82, 0xe1,
    0xe, 0x20, 0xae, 0xc5, 0xdd, 0x40, 0x8, 0xa0,
    0x0, 0x0, 0x0, 0x0, 0x0, 0xcb, 0x30, 0x0,
    0x23, 0x0, 0x0, 0x8, 0xdf, 0xef, 0xd5, 0x0,
    0x0, 0x0, 0x0, 0x10, 0x0, 0x0,

    /* U+0041 "A" */
    0x0, 0x5, 0xfb, 0x0, 0x0, 0x0, 0xb, 0xaf,
    0x10, 0x0, 0x0, 0x1f, 0x2c, 0x60, 0x0, 0x0,
    0x7c, 0x7, 0xc0, 0x0, 0x0, 0xd7, 0x2, 0xf2,
    0x0, 0x2, 0xf1, 0x0, 0xc8, 0x0, 0x8, 0xff,
    0xff, 0xfe, 0x0, 0xe, 0x72, 0x22, 0x3f, 0x40,
    0x4f, 0x0, 0x0, 0xb, 0xa0, 0xaa, 0x0, 0x0,
    0x5, 0xf0,

    /* U+0042 "B" */
    0xbf, 0xff, 0xd7, 0xb, 0x91, 0x26, 0xf2, 0xb8,
    0x0, 0xe, 0x5b, 0x80, 0x4, 0xf1, 0xbf, 0xef,
    0xf6, 0xb, 0x91, 0x26, 0xf4, 0xb8, 0x0, 0xa,
    0x9b, 0x80, 0x0, 0xa9, 0xb9, 0x22, 0x5f, 0x5b,
    0xff, 0xfe, 0x80,

    /* U+0043 "C" */
    0x2, 0xae, 0xfe, 0x82, 0xfb, 0x42, 0x34, 0x9c,
    0x0, 0x0, 0xd, 0x70, 0x0, 0x0, 0xf5, 0x0,
    0x0, 0xf, 0x50, 0x0, 0x0, 0xd7, 0x0, 0x0,
    0xa, 0xc0, 0x0, 0x0, 0x2f, 0xa4, 0x34, 0x50,
    0x3b, 0xef, 0xe8,

    /* U+0044 "D" */
    0xbf, 0xff, 0xd9, 0x10, 0xb9, 0x22, 0x5d, 0xd0,
    0xb8, 0x0, 0x1, 0xf6, 0xb8, 0x0, 0x0, 0xba,
    0xb8, 0x0, 0x0, 0x9b, 0xb8, 0x0, 0x0, 0x8b,
    0xb8, 0x0, 0x0, 0xba, 0xb8, 0x0, 0x1, 0xf6,
    0xb9, 0x23, 0x6e, 0xd0, 0xbf, 0xff, 0xd8, 0x0,

    /* U+0045 "E" */
    0xbf, 0xff, 0xfb, 0xb, 0x92, 0x22, 0x10, 0xb8,
    0x0, 0x0, 0xb, 0x80, 0x0, 0x0, 0xbf, 0xff,
    0xf6, 0xb, 0x92, 0x22, 0x0, 0xb8, 0x0, 0x0,
    0xb, 0x80, 0x0, 0x0, 0xb9, 0x22, 0x22, 0xb,
    0xff, 0xff, 0xf0,

    /* U+0046 "F" */
    0xbf, 0xff, 0xfb, 0xb9, 0x22, 0x21, 0xb8, 0x0,
    0x0, 0xb8, 0x0, 0x0, 0xbf, 0xff, 0xf6, 0xb9,
    0x22, 0x21, 0xb8, 0x0, 0x0, 0xb8, 0x0, 0x0,
    0xb8, 0x0, 0x0, 0xb8, 0x0, 0x0,

    /* U+0047 "G" */
    0x2, 0x9e, 0xfe, 0xc2, 0x2e, 0xb4, 0x23, 0x41,
    0x9d, 0x0, 0x0, 0x0, 0xd7, 0x0, 0x0, 0x0,
    0xf5, 0x0, 0xaf, 0xf7, 0xf5, 0x0, 0x12, 0xc7,
    0xd7, 0x0, 0x0, 0xb7, 0xac, 0x0, 0x0, 0xb7,
    0x2f, 0xa3, 0x23, 0xc7, 0x3, 0xbe, 0xff, 0xc4,

    /* U+0048 "H" */
    0xb8, 0x0, 0x0, 0xaa, 0xb8, 0x0, 0x0, 0xaa,
    0xb8, 0x0, 0x0, 0xaa, 0xb8, 0x0, 0x0, 0xaa,
    0xbf, 0xff, 0xff, 0xfa, 0xb9, 0x22, 0x22, 0xba,
    0xb8, 0x0, 0x0, 0xaa, 0xb8, 0x0, 0x0, 0xaa,
    0xb8, 0x0, 0x0, 0xaa, 0xb8, 0x0, 0x0, 0xaa,

    /* U+0049 "I" */
    0xb8, 0xb8, 0xb8, 0xb8, 0xb8, 0xb8, 0xb8, 0xb8,
    0xb8, 0xb8,

    /* U+004A "J" */
    0x0, 0xb, 0x90, 0x0, 0xb9, 0x0, 0xb, 0x90,
    0x0, 0xb9, 0x0, 0xb, 0x90, 0x0, 0xb9, 0x0,
    0xb, 0x90, 0x0, 0xb9, 0x0, 0xb, 0x90, 0x0,
    0xb9, 0x0, 0xc, 0x80, 0x25, 0xf4, 0xf, 0xe7,
    0x0,

    /* U+004B "K" */
    0xb8, 0x0, 0xc, 0xb0, 0xb8, 0x0, 0xad, 0x0,
    0xb8, 0x7, 0xe1, 0x0, 0xb8, 0x5f, 0x20, 0x0,
    0xbf, 0xf7, 0x0, 0x0, 0xb9, 0x8e, 0x10, 0x0,
    0xb8, 0xc, 0xb0, 0x0, 0xb8, 0x2, 0xf7, 0x0,
    0xb8, 0x0, 0x6f, 0x30, 0xb8, 0x0, 0xa, 0xe1,

    /* U+004C "L" */
    0xb8, 0x0, 0x0, 0xb8, 0x0, 0x0, 0xb8, 0x0,
    0x0, 0xb8, 0x0, 0x0, 0xb8, 0x0, 0x0, 0xb8,
    0x0, 0x0, 0xb8, 0x0, 0x0, 0xb8, 0x0, 0x0,
    0xb9, 0x22, 0x22, 0xbf, 0xff, 0xfc,

    /* U+004D "M" */
    0xbf, 0x70, 0x0, 0xd, 0xf5, 0xbd, 0xd0, 0x0,
    0x3e, 0xf5, 0xb8, 0xe4, 0x0, 0x98, 0xe5, 0xb8,
    0x8a, 0x0, 0xf2, 0xe5, 0xb8, 0x2f, 0x16, 0xb0,
    0xe5, 0xb8, 0xc, 0x6c, 0x50, 0xe5, 0xb8, 0x5,
    0xef, 0x0, 0xe5, 0xb8, 0x0, 0xb7, 0x0, 0xe5,
    0xb8, 0x0, 0x0, 0x0, 0xe5, 0xb8, 0x0, 0x0,
    0x0, 0xe5,

    /* U+004E "N" */
    0xbf, 0x80, 0x0, 0x3f, 0xb, 0xcf, 0x10, 0x3,
    0xf0, 0xb8, 0xb9, 0x0, 0x3f, 0xb, 0x82, 0xf2,
    0x3, 0xf0, 0xb8, 0x9, 0xa0, 0x3f, 0xb, 0x80,
    0x1f, 0x33, 0xf0, 0xb8, 0x0, 0x8b, 0x3f, 0xb,
    0x80, 0x1, 0xe7, 0xf0, 0xb8, 0x0, 0x7, 0xff,
    0xb, 0x80, 0x0, 0xe, 0xf0,

    /* U+004F "O" */
    0x4, 0xcf, 0xfd, 0x80, 0x3, 0xf8, 0x22, 0x5e,
    0x90, 0xaa, 0x0, 0x0, 0x4f, 0xe, 0x60, 0x0,
    0x0, 0xf4, 0xf5, 0x0, 0x0, 0xf, 0x5f, 0x50,
    0x0, 0x0, 0xf5, 0xe6, 0x0, 0x0, 0xf, 0x4a,
    0xa0, 0x0, 0x4, 0xf0, 0x3f, 0x82, 0x25, 0xe9,
    0x0, 0x4c, 0xff, 0xd8, 0x0,

    /* U+0050 "P" */
    0xbf, 0xff, 0xd6, 0xb, 0x92, 0x27, 0xf4, 0xb8,
    0x0, 0xc, 0x8b, 0x80, 0x0, 0xc8, 0xb8, 0x0,
    0x4f, 0x4b, 0xff, 0xff, 0x80, 0xb9, 0x21, 0x0,
    0xb, 0x80, 0x0, 0x0, 0xb8, 0x0, 0x0, 0xb,
    0x80, 0x0, 0x0,

    /* U+0051 "Q" */
    0x4, 0xcf, 0xfd, 0x80, 0x3, 0xf8, 0x22, 0x5e,
    0x90, 0xaa, 0x0, 0x0, 0x4f, 0xe, 0x60, 0x0,
    0x0, 0xf4, 0xf5, 0x0, 0x0, 0xf, 0x5f, 0x50,
    0x0, 0x0, 0xf5, 0xe6, 0x0, 0x0, 0xf, 0x4a,
    0xa0, 0x0, 0x4, 0xf1, 0x3f, 0x82, 0x25, 0xe9,
    0x0, 0x4c, 0xff, 0xe8, 0x0, 0x0, 0x0, 0x6e,
    0x10, 0x0, 0x0, 0x0, 0xbb, 0x0,

    /* U+0052 "R" */
    0xbf, 0xff, 0xc5, 0x0, 0xb9, 0x23, 0x8f, 0x20,
    0xb8, 0x0, 0xe, 0x60, 0xb8, 0x0, 0xd, 0x60,
    0xb8, 0x0, 0x4f, 0x30, 0xbf, 0xff, 0xe7, 0x0,
    0xb9, 0x18, 0xd0, 0x0, 0xb8, 0x0, 0xc9, 0x0,
    0xb8, 0x0, 0x2f, 0x40, 0xb8, 0x0, 0x7, 0xe1,

    /* U+0053 "S" */
    0x2, 0xbe, 0xfe, 0x70, 0xc, 0xb3, 0x24, 0x40,
    0xf, 0x30, 0x0, 0x0, 0xf, 0x70, 0x0, 0x0,
    0x5, 0xee, 0xa4, 0x0, 0x0, 0x4, 0x8e, 0x90,
    0x0, 0x0, 0x4, 0xf0, 0x0, 0x0, 0x2, 0xf1,
    0x16, 0x32, 0x3b, 0xd0, 0x2c, 0xef, 0xea, 0x20,

    /* U+0054 "T" */
    0xcf, 0xff, 0xff, 0xf2, 0x22, 0x2f, 0x72, 0x20,
    0x0, 0xf, 0x50, 0x0, 0x0, 0xf, 0x50, 0x0,
    0x0, 0xf, 0x50, 0x0, 0x0, 0xf, 0x50, 0x0,
    0x0, 0xf, 0x50, 0x0, 0x0, 0xf, 0x50, 0x0,
    0x0, 0xf, 0x50, 0x0, 0x0, 0xf, 0x50, 0x0,

    /* U+0055 "U" */
    0xc7, 0x0, 0x0, 0xa9, 0xc7, 0x0, 0x0, 0xa9,
    0xc7, 0x0, 0x0, 0xa9, 0xc7, 0x0, 0x0, 0xa9,
    0xc7, 0x0, 0x0, 0xa9, 0xc7, 0x0, 0x0, 0xa9,
    0xb7, 0x0, 0x0, 0xa9, 0xaa, 0x0, 0x0, 0xc7,
    0x5f, 0x62, 0x27, 0xf2, 0x6, 0xdf, 0xec, 0x40,

    /* U+0056 "V" */
    0x9b, 0x0, 0x0, 0xf, 0x44, 0xf0, 0x0, 0x5,
    0xe0, 0xe, 0x50, 0x0, 0xa9, 0x0, 0xaa, 0x0,
    0xf, 0x40, 0x4, 0xf0, 0x4, 0xe0, 0x0, 0xf,
    0x40, 0x99, 0x0, 0x0, 0xa9, 0xe, 0x30, 0x0,
    0x4, 0xe4, 0xe0, 0x0, 0x0, 0xf, 0xd9, 0x0,
    0x0, 0x0, 0xaf, 0x30, 0x0,

    /* U+0057 "W" */
    0x8c, 0x0, 0x0, 0x0, 0x0, 0x2f, 0x14, 0xf0,
    0x0, 0x7d, 0x20, 0x6, 0xd0, 0x1f, 0x30, 0xc,
    0xe6, 0x0, 0x99, 0x0, 0xd6, 0x1, 0xf7, 0xb0,
    0xd, 0x60, 0xa, 0xa0, 0x5b, 0x2f, 0x0, 0xf2,
    0x0, 0x6d, 0x9, 0x70, 0xe3, 0x3e, 0x0, 0x2,
    0xf1, 0xe2, 0xa, 0x87, 0xb0, 0x0, 0xe, 0x7e,
    0x0, 0x5c, 0xa7, 0x0, 0x0, 0xbe, 0xa0, 0x1,
    0xfe, 0x30, 0x0, 0x7, 0xf5, 0x0, 0xd, 0xf0,
    0x0,

    /* U+0058 "X" */
    0x2f, 0x50, 0x0, 0x6e, 0x0, 0x8d, 0x0, 0x1e,
    0x50, 0x0, 0xe7, 0x9, 0xb0, 0x0, 0x5, 0xf4,
    0xf2, 0x0, 0x0, 0xb, 0xf7, 0x0, 0x0, 0x0,
    0xde, 0xa0, 0x0, 0x0, 0x7d, 0x2f, 0x40, 0x0,
    0x2f, 0x40, 0x8d, 0x0, 0xb, 0xa0, 0x0, 0xe7,
    0x5, 0xf1, 0x0, 0x5, 0xf2,

    /* U+0059 "Y" */
    0x9d, 0x0, 0x0, 0x7e, 0x1, 0xe6, 0x0, 0x1f,
    0x50, 0x6, 0xe1, 0x9, 0xb0, 0x0, 0xc, 0x82,
    0xf2, 0x0, 0x0, 0x3f, 0xd8, 0x0, 0x0, 0x0,
    0xae, 0x0, 0x0, 0x0, 0x7, 0xc0, 0x0, 0x0,
    0x0, 0x7c, 0x0, 0x0, 0x0, 0x7, 0xc0, 0x0,
    0x0, 0x0, 0x7c, 0x0, 0x0,

    /* U+005A "Z" */
    0xe, 0xff, 0xff, 0xfd, 0x0, 0x23, 0x33, 0x3e,
    0xa0, 0x0, 0x0, 0x9, 0xd0, 0x0, 0x0, 0x5,
    0xf2, 0x0, 0x0, 0x2, 0xf6, 0x0, 0x0, 0x0,
    0xca, 0x0, 0x0, 0x0, 0x9d, 0x0, 0x0, 0x0,
    0x5f, 0x20, 0x0, 0x0, 0x1e, 0x93, 0x33, 0x33,
    0x3, 0xff, 0xff, 0xff, 0xf2,

    /* U+005B "[" */
    0xf, 0xfa, 0xf, 0x40, 0xf, 0x30, 0xf, 0x30,
    0xf, 0x30, 0xf, 0x30, 0xf, 0x30, 0xf, 0x30,
    0xf, 0x30, 0xf, 0x30, 0xf, 0x30, 0xf, 0x30,
    0xf, 0x40, 0xf, 0xfa,

    /* U+005C "\\" */
    0x7a, 0x0, 0x0, 0x1, 0xf1, 0x0, 0x0, 0x9,
    0x80, 0x0, 0x0, 0x2e, 0x0, 0x0, 0x0, 0xc6,
    0x0, 0x0, 0x5, 0xc0, 0x0, 0x0, 0xe, 0x30,
    0x0, 0x0, 0x7a, 0x0, 0x0, 0x1, 0xf1, 0x0,
    0x0, 0x9, 0x80, 0x0, 0x0, 0x2e, 0x0, 0x0,
    0x0, 0xc5, 0x0, 0x0, 0x3, 0x50,

    /* U+005D "]" */
    0x8f, 0xf2, 0x2, 0xf2, 0x1, 0xf2, 0x1, 0xf2,
    0x1, 0xf2, 0x1, 0xf2, 0x1, 0xf2, 0x1, 0xf2,
    0x1, 0xf2, 0x1, 0xf2, 0x1, 0xf2, 0x1, 0xf2,
    0x2, 0xf2, 0x8f, 0xf2,

    /* U+005E "^" */
    0x0, 0x7, 0x60, 0x0, 0x5, 0xef, 0x10, 0x0,
    0xb6, 0xb7, 0x0, 0x2f, 0x15, 0xd0, 0x8, 0xa0,
    0xe, 0x40, 0xe4, 0x0, 0x8a,

    /* U+005F "_" */
    0xee, 0xee, 0xee, 0xe1, 0x11, 0x11, 0x11,

    /* U+0060 "`" */
    0xc, 0xa0, 0x1, 0xd3,

    /* U+0061 "a" */
    0x0, 0x6f, 0xfd, 0x60, 0x0, 0x11, 0x16, 0xf1,
    0x0, 0x0, 0x0, 0xf4, 0x3, 0xbd, 0xee, 0xf4,
    0xe, 0x72, 0x11, 0xe4, 0x3f, 0x0, 0x0, 0xf4,
    0x1f, 0x40, 0x1a, 0xf4, 0x6, 0xde, 0xd5, 0xd4,

    /* U+0062 "b" */
    0xb7, 0x0, 0x0, 0x0, 0xb7, 0x0, 0x0, 0x0,
    0xb7, 0x0, 0x0, 0x0, 0xb8, 0xaf, 0xfa, 0x10,
    0xbe, 0x61, 0x3d, 0x80, 0xba, 0x0, 0x6, 0xe0,
    0xb7, 0x0, 0x3, 0xf0, 0xb7, 0x0, 0x3, 0xf0,
    0xba, 0x0, 0x6, 0xd0, 0xbe, 0x61, 0x3d, 0x80,
    0xb6, 0xaf, 0xfa, 0x0,

    /* U+0063 "c" */
    0x1, 0xae, 0xfe, 0x30, 0xac, 0x31, 0x31, 0xf,
    0x40, 0x0, 0x2, 0xf2, 0x0, 0x0, 0x2f, 0x20,
    0x0, 0x0, 0xf4, 0x0, 0x0, 0xa, 0xc3, 0x13,
    0x10, 0x1a, 0xef, 0xe3,

    /* U+0064 "d" */
    0x0, 0x0, 0x0, 0x9a, 0x0, 0x0, 0x0, 0x9a,
    0x0, 0x0, 0x0, 0x9a, 0x1, 0xaf, 0xf9, 0x9a,
    0xa, 0xc2, 0x17, 0xea, 0xf, 0x40, 0x0, 0xca,
    0x1f, 0x20, 0x0, 0x9a, 0x1f, 0x20, 0x0, 0x9a,
    0xf, 0x40, 0x0, 0xba, 0xa, 0xb0, 0x5, 0xfa,
    0x1, 0xbf, 0xea, 0x8a,

    /* U+0065 "e" */
    0x1, 0x9e, 0xfc, 0x30, 0xa, 0xb2, 0x17, 0xd0,
    0xf, 0x30, 0x0, 0xf2, 0x2f, 0x88, 0xab, 0xf4,
    0x2f, 0x64, 0x44, 0x41, 0xf, 0x40, 0x0, 0x0,
    0xa, 0xd4, 0x13, 0x60, 0x1, 0xae, 0xfe, 0x90,

    /* U+0066 "f" */
    0x0, 0xaf, 0xd0, 0x4f, 0x20, 0x7, 0xc0, 0xc,
    0xff, 0xf8, 0x8, 0xb0, 0x0, 0x7b, 0x0, 0x7,
    0xb0, 0x0, 0x7b, 0x0, 0x7, 0xb0, 0x0, 0x7b,
    0x0, 0x7, 0xb0, 0x0,

    /* U+0067 "g" */
    0x1, 0xbf, 0xf9, 0x9a, 0xa, 0xc2, 0x17, 0xea,
    0xf, 0x40, 0x0, 0xca, 0x1f, 0x20, 0x0, 0x9a,
    0x1f, 0x20, 0x0, 0x9a, 0xf, 0x40, 0x0, 0xca,
    0xa, 0xc2, 0x17, 0xfa, 0x1, 0xbf, 0xfa, 0xa9,
    0x0, 0x0, 0x0, 0xc7, 0x0, 0x31, 0x28, 0xf1,
    0x0, 0xcf, 0xeb, 0x30,

    /* U+0068 "h" */
    0xb7, 0x0, 0x0, 0xb, 0x70, 0x0, 0x0, 0xb7,
    0x0, 0x0, 0xb, 0x8a, 0xfe, 0x80, 0xbf, 0x62,
    0x5f, 0x3b, 0x90, 0x0, 0xd6, 0xb7, 0x0, 0xc,
    0x7b, 0x70, 0x0, 0xc7, 0xb7, 0x0, 0xc, 0x7b,
    0x70, 0x0, 0xc7, 0xb7, 0x0, 0xc, 0x70,

    /* U+0069 "i" */
    0xc8, 0x53, 0x0, 0xb7, 0xb7, 0xb7, 0xb7, 0xb7,
    0xb7, 0xb7, 0xb7,

    /* U+006A "j" */
    0x0, 0xc8, 0x0, 0x53, 0x0, 0x0, 0x0, 0xb7,
    0x0, 0xb7, 0x0, 0xb7, 0x0, 0xb7, 0x0, 0xb7,
    0x0, 0xb7, 0x0, 0xb7, 0x0, 0xb7, 0x0, 0xc7,
    0x2, 0xf4, 0xff, 0xa0,

    /* U+006B "k" */
    0xb7, 0x0, 0x0, 0xb, 0x70, 0x0, 0x0, 0xb7,
    0x0, 0x0, 0xb, 0x70, 0x1d, 0x90, 0xb7, 0xb,
    0xa0, 0xb, 0x7a, 0xb0, 0x0, 0xbf, 0xf1, 0x0,
    0xb, 0x7b, 0x90, 0x0, 0xb7, 0x2f, 0x50, 0xb,
    0x70, 0x6f, 0x20, 0xb7, 0x0, 0xbc, 0x0,

    /* U+006C "l" */
    0xb7, 0xb, 0x70, 0xb7, 0xb, 0x70, 0xb7, 0xb,
    0x70, 0xb7, 0xb, 0x70, 0xb7, 0xb, 0x91, 0x5e,
    0xb0,

    /* U+006D "m" */
    0xba, 0xcf, 0xe5, 0x8e, 0xfa, 0xb, 0xe2, 0x8,
    0xf9, 0x1, 0xd7, 0xb8, 0x0, 0x2f, 0x10, 0x8,
    0xab, 0x70, 0x2, 0xf1, 0x0, 0x8b, 0xb7, 0x0,
    0x2f, 0x10, 0x8, 0xbb, 0x70, 0x2, 0xf1, 0x0,
    0x8b, 0xb7, 0x0, 0x2f, 0x10, 0x8, 0xbb, 0x70,
    0x2, 0xf1, 0x0, 0x8b,

    /* U+006E "n" */
    0xb9, 0xbf, 0xe8, 0xb, 0xe4, 0x2, 0xf3, 0xb8,
    0x0, 0xd, 0x6b, 0x70, 0x0, 0xc7, 0xb7, 0x0,
    0xc, 0x7b, 0x70, 0x0, 0xc7, 0xb7, 0x0, 0xc,
    0x7b, 0x70, 0x0, 0xc7,

    /* U+006F "o" */
    0x1, 0xae, 0xfd, 0x60, 0xa, 0xc2, 0x14, 0xf4,
    0xf, 0x40, 0x0, 0xaa, 0x2f, 0x20, 0x0, 0x7c,
    0x2f, 0x20, 0x0, 0x7c, 0xf, 0x40, 0x0, 0x9a,
    0xa, 0xc2, 0x14, 0xf4, 0x1, 0xae, 0xfd, 0x70,

    /* U+0070 "p" */
    0xb8, 0xae, 0xea, 0x10, 0xbe, 0x30, 0x1c, 0x80,
    0xb9, 0x0, 0x5, 0xe0, 0xb7, 0x0, 0x3, 0xf0,
    0xb7, 0x0, 0x4, 0xf0, 0xba, 0x0, 0x6, 0xd0,
    0xbe, 0x61, 0x3d, 0x80, 0xb8, 0xaf, 0xfa, 0x0,
    0xb7, 0x0, 0x0, 0x0, 0xb7, 0x0, 0x0, 0x0,
    0xb7, 0x0, 0x0, 0x0,

    /* U+0071 "q" */
    0x1, 0xaf, 0xf9, 0x9a, 0xa, 0xc2, 0x17, 0xea,
    0xf, 0x40, 0x0, 0xca, 0x1f, 0x20, 0x0, 0x9a,
    0x1f, 0x20, 0x0, 0x9a, 0xf, 0x40, 0x0, 0xca,
    0xa, 0xc2, 0x17, 0xea, 0x1, 0xbf, 0xf9, 0x9a,
    0x0, 0x0, 0x0, 0x9a, 0x0, 0x0, 0x0, 0x9a,
    0x0, 0x0, 0x0, 0x9a,

    /* U+0072 "r" */
    0xb8, 0xaf, 0xb, 0xe5, 0x0, 0xb9, 0x0, 0xb,
    0x70, 0x0, 0xb7, 0x0, 0xb, 0x70, 0x0, 0xb7,
    0x0, 0xb, 0x70, 0x0,

    /* U+0073 "s" */
    0x3, 0xcf, 0xe7, 0xe, 0x60, 0x12, 0xf, 0x20,
    0x0, 0x9, 0xea, 0x50, 0x0, 0x27, 0xe9, 0x0,
    0x0, 0x4d, 0x3, 0x11, 0x9b, 0x2d, 0xff, 0xb2,

    /* U+0074 "t" */
    0xa, 0x80, 0x0, 0xa8, 0x0, 0xcf, 0xff, 0x60,
    0xa8, 0x0, 0xa, 0x80, 0x0, 0xa8, 0x0, 0xa,
    0x80, 0x0, 0xa8, 0x0, 0x9, 0xb1, 0x0, 0x2d,
    0xf6,

    /* U+0075 "u" */
    0xc6, 0x0, 0xe, 0x5c, 0x60, 0x0, 0xe5, 0xc6,
    0x0, 0xe, 0x5c, 0x60, 0x0, 0xe5, 0xc6, 0x0,
    0xe, 0x5c, 0x70, 0x0, 0xe5, 0x9c, 0x0, 0x8f,
    0x51, 0xcf, 0xe8, 0xc5,

    /* U+0076 "v" */
    0xa8, 0x0, 0x3, 0xf1, 0x5d, 0x0, 0x8, 0xa0,
    0xf, 0x30, 0xd, 0x50, 0xa, 0x80, 0x3f, 0x0,
    0x4, 0xe0, 0x8a, 0x0, 0x0, 0xe3, 0xd4, 0x0,
    0x0, 0x9c, 0xe0, 0x0, 0x0, 0x3f, 0x90, 0x0,

    /* U+0077 "w" */
    0x9a, 0x0, 0x1f, 0xa0, 0x0, 0xf2, 0x4d, 0x0,
    0x5d, 0xe0, 0x3, 0xe0, 0xf, 0x10, 0xa6, 0xd3,
    0x7, 0xa0, 0xc, 0x50, 0xe2, 0x97, 0xb, 0x60,
    0x8, 0x93, 0xd0, 0x4c, 0xf, 0x10, 0x4, 0xd7,
    0x90, 0xf, 0x4d, 0x0, 0x0, 0xfd, 0x40, 0xb,
    0xc9, 0x0, 0x0, 0xcf, 0x0, 0x7, 0xf5, 0x0,

    /* U+0078 "x" */
    0x5e, 0x10, 0xb, 0x90, 0xb, 0x90, 0x5e, 0x0,
    0x2, 0xf3, 0xe5, 0x0, 0x0, 0x7f, 0xb0, 0x0,
    0x0, 0x9e, 0xd0, 0x0, 0x3, 0xf2, 0xd7, 0x0,
    0xd, 0x70, 0x4f, 0x20, 0x7d, 0x0, 0xa, 0xb0,

    /* U+0079 "y" */
    0xa9, 0x0, 0x2, 0xf1, 0x4e, 0x0, 0x7, 0xb0,
    0xe, 0x40, 0xc, 0x50, 0x8, 0xa0, 0x2f, 0x0,
    0x2, 0xf0, 0x7a, 0x0, 0x0, 0xc5, 0xc4, 0x0,
    0x0, 0x6c, 0xe0, 0x0, 0x0, 0x1f, 0x90, 0x0,
    0x0, 0x1f, 0x30, 0x0, 0x2, 0xbb, 0x0, 0x0,
    0xf, 0xa1, 0x0, 0x0,

    /* U+007A "z" */
    0xf, 0xff, 0xff, 0x50, 0x11, 0x17, 0xe0, 0x0,
    0x3, 0xf3, 0x0, 0x0, 0xd7, 0x0, 0x0, 0x9c,
    0x0, 0x0, 0x5e, 0x10, 0x0, 0x1e, 0x72, 0x22,
    0x16, 0xff, 0xff, 0xf9,

    /* U+007B "{" */
    0x0, 0xba, 0x5, 0xe2, 0x6, 0xc0, 0x6, 0xc0,
    0x6, 0xc0, 0x8, 0xb0, 0x4f, 0x50, 0xa, 0xa0,
    0x6, 0xc0, 0x6, 0xc0, 0x6, 0xc0, 0x6, 0xc0,
    0x4, 0xe2, 0x0, 0xaa,

    /* U+007C "|" */
    0x4d, 0x4d, 0x4d, 0x4d, 0x4d, 0x4d, 0x4d, 0x4d,
    0x4d, 0x4d, 0x4d, 0x4d, 0x4d, 0x4d,

    /* U+007D "}" */
    0x8c, 0x10, 0x1c, 0x80, 0x9, 0x90, 0x9, 0x90,
    0x9, 0x90, 0x8, 0xb0, 0x2, 0xf7, 0x7, 0xc1,
    0x9, 0x90, 0x9, 0x90, 0x9, 0x90, 0x9, 0x90,
    0x1c, 0x70, 0x8b, 0x10,

    /* U+007E "~" */
    0x1b, 0xeb, 0x31, 0xc3, 0x7a, 0x17, 0xff, 0xc0,
    0x0, 0x0, 0x2, 0x0,

    /* U+00B0 "°" */
    0x9, 0xea, 0x7, 0xc3, 0xb8, 0xb5, 0x4, 0xc8,
    0xa0, 0x99, 0xc, 0xfd, 0x10, 0x1, 0x0,

    /* U+00B7 "·" */
    0x8b, 0xa, 0xe0,

    /* U+4E00 "一" */
    0x5f, 0xff, 0xff, 0xff, 0xff, 0xff, 0xf0, 0x2,
    0x22, 0x22, 0x22, 0x22, 0x22, 0x20,

    /* U+4E09 "三" */
    0x3, 0xff, 0xff, 0xff, 0xff, 0xff, 0x0, 0x1,
    0x11, 0x11, 0x11, 0x11, 0x10, 0x0, 0x0, 0x0,
    0x0, 0x0, 0x0, 0x0, 0x0, 0x0, 0x0, 0x0,
    0x0, 0x0, 0x0, 0x7f, 0xff, 0xff, 0xff, 0xf3,
    0x0, 0x0, 0x11, 0x11, 0x11, 0x11, 0x0, 0x0,
    0x0, 0x0, 0x0, 0x0, 0x0, 0x0, 0x0, 0x0,
    0x0, 0x0, 0x0, 0x0, 0x0, 0x0, 0x0, 0x0,
    0x0, 0x0, 0x3, 0xee, 0xee, 0xee, 0xee, 0xee,
    0xee, 0x2, 0x22, 0x22, 0x22, 0x22, 0x22, 0x10,

    /* U+4E0B "下" */
    0x3f, 0xff, 0xff, 0xff, 0xff, 0xff, 0xf0, 0x0,
    0x0, 0x1f, 0x10, 0x0, 0x0, 0x0, 0x0, 0x0,
    0xf1, 0x0, 0x0, 0x0, 0x0, 0x0, 0xf, 0x68,
    0x0, 0x0, 0x0, 0x0, 0x0, 0xf3, 0xdb, 0x0,
    0x0, 0x0, 0x0, 0xf, 0x10, 0xcc, 0x10, 0x0,
    0x0, 0x0, 0xf1, 0x0, 0xbb, 0x0, 0x0, 0x0,
    0xf, 0x10, 0x0, 0x30, 0x0, 0x0, 0x0, 0xf1,
    0x0, 0x0, 0x0, 0x0, 0x0, 0xf, 0x10, 0x0,
    0x0, 0x0, 0x0, 0x0, 0xf1, 0x0, 0x0, 0x0,
    0x0, 0x0, 0xf, 0x10, 0x0, 0x0,

    /* U+4E0D "不" */
    0xd, 0xff, 0xff, 0xff, 0xff, 0xff, 0x30, 0x1,
    0x11, 0x18, 0xc1, 0x11, 0x10, 0x0, 0x0, 0x2,
    0xf4, 0x0, 0x0, 0x0, 0x0, 0x0, 0xcf, 0x30,
    0x0, 0x0, 0x0, 0x0, 0x9c, 0xe4, 0xd3, 0x0,
    0x0, 0x0, 0x8d, 0x1e, 0x36, 0xf4, 0x0, 0x0,
    0x9e, 0x20, 0xe3, 0x5, 0xf5, 0x1, 0xbd, 0x20,
    0xe, 0x30, 0x5, 0xf5, 0x3b, 0x0, 0x0, 0xe3,
    0x0, 0x6, 0x50, 0x0, 0x0, 0xe, 0x30, 0x0,
    0x0, 0x0, 0x0, 0x0, 0xe3, 0x0, 0x0, 0x0,
    0x0, 0x0, 0xe, 0x30, 0x0, 0x0,

    /* U+4E2A "个" */
    0x0, 0x0, 0x4, 0xf9, 0x0, 0x0, 0x0, 0x0,
    0x0, 0x2e, 0x5d, 0x70, 0x0, 0x0, 0x0, 0x3,
    0xe5, 0x2, 0xd8, 0x0, 0x0, 0x0, 0x6e, 0x40,
    0x30, 0x1c, 0xb1, 0x0, 0x2b, 0xd2, 0x0, 0xe3,
    0x0, 0x8e, 0x60, 0x78, 0x0, 0x0, 0xe3, 0x0,
    0x4, 0x90, 0x0, 0x0, 0x0, 0xe3, 0x0, 0x0,
    0x0, 0x0, 0x0, 0x0, 0xe3, 0x0, 0x0, 0x0,
    0x0, 0x0, 0x0, 0xe3, 0x0, 0x0, 0x0, 0x0,
    0x0, 0x0, 0xe3, 0x0, 0x0, 0x0, 0x0, 0x0,
    0x0, 0xe3, 0x0, 0x0, 0x0, 0x0, 0x0, 0x0,
    0xe3, 0x0, 0x0, 0x0,

    /* U+4E2D "中" */
    0x0, 0x0, 0x0, 0x0, 0x0, 0x0, 0x0, 0x0,
    0x4, 0xd0, 0x0, 0x0, 0x0, 0x0, 0x4, 0xd0,
    0x0, 0x0, 0x2d, 0xdd, 0xde, 0xfd, 0xdd, 0xd9,
    0x2e, 0x22, 0x26, 0xd2, 0x22, 0x8a, 0x2e, 0x0,
    0x4, 0xd0, 0x0, 0x6a, 0x2e, 0x0, 0x4, 0xd0,
    0x0, 0x6a, 0x2e, 0x0, 0x4, 0xd0, 0x0, 0x6a,
    0x2f, 0xff, 0xff, 0xff, 0xff, 0xfa, 0x1, 0x11,
    0x15, 0xd1, 0x11, 0x10, 0x0, 0x0, 0x4, 0xd0,
    0x0, 0x0, 0x0, 0x0, 0x4, 0xd0, 0x0, 0x0,
    0x0, 0x0, 0x4, 0xd0, 0x0, 0x0,

    /* U+4E32 "串" */
    0x0, 0x0, 0x0, 0x0, 0x0, 0x0, 0x0, 0x0,
    0x3, 0xd0, 0x0, 0x0, 0x8, 0xee, 0xee, 0xfe,
    0xee, 0xc0, 0x9, 0x80, 0x3, 0xd0, 0x1, 0xe0,
    0x9, 0x80, 0x3, 0xd0, 0x1, 0xe0, 0x8, 0xee,
    0xee, 0xfe, 0xee, 0xd0, 0x0, 0x0, 0x3, 0xd0,
    0x0, 0x0, 0x2e, 0xee, 0xef, 0xfe, 0xee, 0xe8,
    0x3d, 0x0, 0x3, 0xd0, 0x0, 0x88, 0x3d, 0x0,
    0x3, 0xd0, 0x0, 0x88, 0x3f, 0xcc, 0xcd, 0xfc,
    0xcc, 0xe8, 0x2, 0x22, 0x25, 0xd2, 0x22, 0x21,
    0x0, 0x0, 0x3, 0xd0, 0x0, 0x0,

    /* U+4E8C "二" */
    0x0, 0xac, 0xcc, 0xcc, 0xcc, 0xc7, 0x0, 0x4,
    0x55, 0x55, 0x55, 0x55, 0x30, 0x0, 0x0, 0x0,
    0x0, 0x0, 0x0, 0x0, 0x0, 0x0, 0x0, 0x0,
    0x0, 0x0, 0x0, 0x0, 0x0, 0x0, 0x0, 0x0,
    0x0, 0x0, 0x0, 0x0, 0x0, 0x0, 0x0, 0x0,
    0x0, 0x0, 0x0, 0x0, 0x0, 0x0, 0x0, 0x0,
    0x0, 0x0, 0x0, 0x0, 0x0, 0x0, 0x0, 0x0,
    0x0, 0x0, 0x0, 0xff, 0xff, 0xff, 0xff, 0xff,
    0xfd, 0x1, 0x11, 0x11, 0x11, 0x11, 0x11, 0x10,

    /* U+4E91 "云" */
    0x0, 0xef, 0xff, 0xff, 0xff, 0xfa, 0x0, 0x0,
    0x0, 0x0, 0x0, 0x0, 0x0, 0x0, 0x0, 0x0,
    0x0, 0x0, 0x0, 0x0, 0x0, 0x0, 0x0, 0x0,
    0x0, 0x0, 0x4, 0x44, 0x44, 0x44, 0x44, 0x44,
    0x30, 0xcc, 0xcc, 0xef, 0xcc, 0xcc, 0xca, 0x0,
    0x0, 0xd, 0x70, 0x10, 0x0, 0x0, 0x0, 0x8,
    0xc0, 0xb, 0x80, 0x0, 0x0, 0x4, 0xf2, 0x0,
    0x1e, 0x40, 0x0, 0x3, 0xe4, 0x0, 0x1, 0x6e,
    0x10, 0x4, 0xff, 0xde, 0xff, 0xfe, 0xeb, 0x0,
    0x25, 0x43, 0x21, 0x0, 0x1, 0xd1, 0x0, 0x0,
    0x0, 0x0, 0x0, 0x0, 0x0,

    /* U+4E94 "五" */
    0x9, 0xff, 0xff, 0xff, 0xff, 0xff, 0x70, 0x0,
    0x0, 0xe, 0x30, 0x0, 0x0, 0x0, 0x0, 0x0,
    0xf, 0x10, 0x0, 0x0, 0x0, 0x0, 0x0, 0x3e,
    0x0, 0x0, 0x0, 0x0, 0x0, 0x11, 0x5c, 0x11,
    0x11, 0x0, 0x0, 0x5, 0xff, 0xff, 0xff, 0xff,
    0xc0, 0x0, 0x0, 0x0, 0xa7, 0x0, 0x5, 0xc0,
    0x0, 0x0, 0x0, 0xd4, 0x0, 0x6, 0xb0, 0x0,
    0x0, 0x0, 0xf1, 0x0, 0x7, 0xa0, 0x0, 0x0,
    0x3, 0xe0, 0x0, 0x7, 0xa0, 0x0, 0x4d, 0xde,
    0xfd, 0xdd, 0xde, 0xed, 0xd0, 0x3, 0x33, 0x33,
    0x33, 0x33, 0x33, 0x30,

    /* U+4ECA "今" */
    0x0, 0x0, 0x1, 0xeb, 0x0, 0x0, 0x0, 0x0,
    0x0, 0xc, 0x8c, 0x80, 0x0, 0x0, 0x0, 0x0,
    0xba, 0x1, 0xe7, 0x0, 0x0, 0x0, 0x3d, 0x92,
    0x30, 0x1d, 0xa0, 0x0, 0x8, 0xf6, 0x4, 0xe2,
    0x0, 0xae, 0x50, 0x5b, 0x20, 0x0, 0x7c, 0x0,
    0x5, 0xc1, 0x0, 0x11, 0x11, 0x16, 0x11, 0x10,
    0x0, 0x0, 0xee, 0xee, 0xee, 0xef, 0xf0, 0x0,
    0x0, 0x0, 0x0, 0x0, 0xc, 0x90, 0x0, 0x0,
    0x0, 0x0, 0x0, 0x7d, 0x0, 0x0, 0x0, 0x0,
    0x0, 0x4, 0xf3, 0x0, 0x0, 0x0, 0x0, 0x0,
    0x3f, 0x50, 0x0, 0x0, 0x0, 0x0, 0x0, 0x25,
    0x0, 0x0, 0x0,

    /* U+4EFB "任" */
    0x0, 0x0, 0x0, 0x0, 0x0, 0x0, 0x0, 0x0,
    0x8, 0xa0, 0x1, 0x35, 0x7a, 0x30, 0x0, 0xe,
    0x5e, 0xff, 0xfc, 0x96, 0x10, 0x0, 0x6d, 0x2,
    0x10, 0xe3, 0x0, 0x0, 0x0, 0xec, 0x0, 0x0,
    0xe3, 0x0, 0x0, 0x8, 0xfc, 0x0, 0x0, 0xe3,
    0x0, 0x0, 0x4f, 0x7c, 0x6d, 0xdd, 0xfd, 0xdd,
    0xd1, 0x14, 0x4c, 0x13, 0x33, 0xe6, 0x33, 0x30,
    0x0, 0x4c, 0x0, 0x0, 0xe3, 0x0, 0x0, 0x0,
    0x4c, 0x0, 0x0, 0xe3, 0x0, 0x0, 0x0, 0x4c,
    0x0, 0x0, 0xe3, 0x0, 0x0, 0x0, 0x4c, 0x4,
    0x44, 0xe6, 0x44, 0x30, 0x0, 0x4c, 0x2c, 0xcc,
    0xcc, 0xcc, 0x80,

    /* U+4F18 "优" */
    0x0, 0x0, 0x0, 0x0, 0x0, 0x0, 0x0, 0x0,
    0xb4, 0x3, 0xe0, 0x74, 0x0, 0x0, 0x2e, 0x0,
    0x3d, 0x2, 0xe3, 0x0, 0x8, 0x81, 0x14, 0xd1,
    0x16, 0x70, 0x1, 0xf4, 0xef, 0xff, 0xff, 0xff,
    0x50, 0x9f, 0x40, 0x5, 0xc4, 0x20, 0x0, 0x4e,
    0xd4, 0x0, 0x7a, 0xa6, 0x0, 0x9, 0x4c, 0x40,
    0x9, 0x8a, 0x60, 0x0, 0x0, 0xc4, 0x0, 0xd4,
    0xa6, 0x0, 0x0, 0xc, 0x40, 0x3e, 0xa, 0x60,
    0x0, 0x0, 0xc4, 0xb, 0x60, 0xa6, 0x4, 0xb0,
    0xc, 0x47, 0xb0, 0xa, 0x70, 0x79, 0x0, 0xc7,
    0xc0, 0x0, 0x5f, 0xfe, 0x30, 0x0, 0x0, 0x0,
    0x0, 0x0, 0x0,

    /* U+505C "停" */
    0x0, 0x0, 0x0, 0x0, 0x20, 0x0, 0x0, 0x1,
    0xf1, 0x0, 0x4c, 0x0, 0x0, 0x0, 0x7b, 0x7c,
    0xcc, 0xfc, 0xcc, 0xa0, 0xd, 0x51, 0x22, 0x22,
    0x22, 0x22, 0x3, 0xf1, 0xd, 0xcc, 0xcc, 0xcd,
    0x0, 0xcf, 0x10, 0xd7, 0x55, 0x57, 0xd0, 0x6d,
    0xe1, 0x4, 0x55, 0x55, 0x54, 0x6, 0x3e, 0x1c,
    0xee, 0xee, 0xee, 0xec, 0x0, 0xe1, 0xe1, 0x0,
    0x0, 0x2, 0xd0, 0xe, 0x16, 0x9e, 0xee, 0xee,
    0x86, 0x0, 0xe1, 0x0, 0x0, 0xf0, 0x0, 0x0,
    0xe, 0x10, 0x0, 0x2f, 0x0, 0x0, 0x0, 0xe1,
    0x0, 0xce, 0x90, 0x0, 0x0,

    /* U+5165 "入" */
    0x0, 0x0, 0x57, 0x0, 0x0, 0x0, 0x0, 0x0,
    0x0, 0x1d, 0x70, 0x0, 0x0, 0x0, 0x0, 0x0,
    0x1, 0xe2, 0x0, 0x0, 0x0, 0x0, 0x0, 0x0,
    0xd9, 0x0, 0x0, 0x0, 0x0, 0x0, 0x3, 0xfe,
    0x10, 0x0, 0x0, 0x0, 0x0, 0xa, 0x89, 0x70,
    0x0, 0x0, 0x0, 0x0, 0x3f, 0x12, 0xe1, 0x0,
    0x0, 0x0, 0x0, 0xc8, 0x0, 0xaa, 0x0, 0x0,
    0x0, 0x9, 0xd0, 0x0, 0x1f, 0x50, 0x0, 0x0,
    0x6e, 0x20, 0x0, 0x5, 0xf3, 0x0, 0x7, 0xf3,
    0x0, 0x0, 0x0, 0x8f, 0x40, 0x2e, 0x30, 0x0,
    0x0, 0x0, 0x7, 0xd0, 0x0, 0x0, 0x0, 0x0,
    0x0, 0x0, 0x0,

    /* U+516D "六" */
    0x0, 0x0, 0x0, 0x0, 0x0, 0x0, 0x0, 0x0,
    0x0, 0x2f, 0x0, 0x0, 0x0, 0x0, 0x0, 0x0,
    0xd5, 0x0, 0x0, 0x0, 0x11, 0x11, 0x19, 0xb1,
    0x11, 0x11, 0x1f, 0xff, 0xff, 0xff, 0xff, 0xff,
    0xc0, 0x0, 0x0, 0x0, 0x0, 0x0, 0x0, 0x0,
    0x0, 0x11, 0x0, 0x30, 0x0, 0x0, 0x0, 0xb,
    0x80, 0xc, 0x80, 0x0, 0x0, 0x3, 0xf1, 0x0,
    0x2f, 0x30, 0x0, 0x0, 0xc8, 0x0, 0x0, 0x7d,
    0x0, 0x0, 0x7e, 0x0, 0x0, 0x0, 0xd7, 0x0,
    0x3f, 0x40, 0x0, 0x0, 0x4, 0xf1, 0xe, 0x70,
    0x0, 0x0, 0x0, 0xb, 0x90, 0x20, 0x0, 0x0,
    0x0, 0x0, 0x10,

    /* U+5185 "内" */
    0x0, 0x0, 0x0, 0x0, 0x0, 0x0, 0x0, 0x0,
    0xb5, 0x0, 0x0, 0x1, 0x11, 0x1c, 0x61, 0x11,
    0x2, 0xff, 0xff, 0xff, 0xff, 0xfa, 0x2e, 0x0,
    0xc, 0x40, 0x6, 0xa2, 0xe0, 0x0, 0xf3, 0x0,
    0x6a, 0x2e, 0x0, 0x5f, 0xd2, 0x6, 0xa2, 0xe0,
    0x1e, 0x57, 0xd1, 0x6a, 0x2e, 0x1d, 0x90, 0x8,
    0xc7, 0xa2, 0xeb, 0x90, 0x0, 0xa, 0x9a, 0x2e,
    0x0, 0x0, 0x0, 0x6, 0xa2, 0xe0, 0x0, 0x0,
    0x1, 0x9a, 0x2e, 0x0, 0x0, 0x2, 0xfc, 0x40,
    0x0, 0x0, 0x0, 0x0, 0x0,

    /* U+51B2 "冲" */
    0x0, 0x0, 0x0, 0x0, 0x0, 0x0, 0x43, 0x0,
    0x0, 0xf, 0x0, 0x0, 0x5d, 0x0, 0x0, 0xf,
    0x0, 0x0, 0xb, 0x63, 0xff, 0xff, 0xff, 0xf4,
    0x3, 0xd3, 0xd1, 0x1f, 0x11, 0xc5, 0x0, 0x13,
    0xd0, 0xf, 0x0, 0xc5, 0x0, 0x53, 0xd0, 0xf,
    0x0, 0xc5, 0x3, 0xd3, 0xd0, 0xf, 0x0, 0xc5,
    0x9, 0x83, 0xfe, 0xef, 0xee, 0xf5, 0xe, 0x20,
    0x22, 0x2f, 0x22, 0x20, 0x5c, 0x0, 0x0, 0xf,
    0x0, 0x0, 0xc5, 0x0, 0x0, 0xf, 0x0, 0x0,
    0x0, 0x0, 0x0, 0xf, 0x0, 0x0,

    /* U+5207 "切" */
    0x0, 0x0, 0x0, 0x0, 0x0, 0x0, 0x0, 0x4,
    0xc0, 0x2, 0x22, 0x22, 0x21, 0x0, 0x4c, 0x6,
    0xff, 0xff, 0xff, 0x60, 0x4, 0xc0, 0x0, 0x1f,
    0x0, 0xb6, 0x2, 0x8e, 0x8a, 0x22, 0xf0, 0xc,
    0x53, 0xed, 0xe8, 0x61, 0x2e, 0x0, 0xc5, 0x0,
    0x4c, 0x0, 0x4, 0xd0, 0xd, 0x40, 0x4, 0xc0,
    0x0, 0x5b, 0x0, 0xd3, 0x0, 0x4c, 0x0, 0x9,
    0x80, 0xe, 0x30, 0x4, 0xc3, 0xd2, 0xe3, 0x0,
    0xf2, 0x0, 0x5f, 0xe6, 0x7c, 0x0, 0xf, 0x20,
    0x7, 0xa1, 0x5f, 0x20, 0x16, 0xf0, 0x0, 0x0,
    0x5f, 0x40, 0xd, 0xd6, 0x0, 0x0, 0x1, 0x30,
    0x0, 0x0, 0x0,

    /* U+521B "创" */
    0x0, 0x0, 0x10, 0x0, 0x0, 0x0, 0x0, 0x0,
    0xe, 0x60, 0x0, 0x10, 0xe1, 0x0, 0xa, 0xae,
    0x50, 0x1e, 0xe, 0x10, 0x9, 0xa0, 0x2e, 0x71,
    0xe0, 0xe1, 0xa, 0xb0, 0x0, 0x1d, 0x6e, 0xe,
    0x15, 0x9b, 0xcc, 0xcb, 0x11, 0xe0, 0xe1, 0x0,
    0xf3, 0x33, 0xe0, 0x1e, 0xe, 0x10, 0xf, 0x0,
    0xe, 0x1, 0xe0, 0xe1, 0x0, 0xf0, 0x4, 0xd0,
    0x1e, 0xe, 0x10, 0xf, 0x7, 0xc5, 0x1, 0xe0,
    0xe1, 0x0, 0xf0, 0x0, 0x17, 0x0, 0xe, 0x10,
    0xf, 0x10, 0x4, 0xd0, 0x0, 0xf1, 0x0, 0xaf,
    0xee, 0xf7, 0x4, 0xee, 0x0, 0x0, 0x0, 0x0,
    0x0, 0x2, 0x0,

    /* U+52A1 "务" */
    0x0, 0x0, 0x11, 0x0, 0x0, 0x0, 0x0, 0x0,
    0x0, 0xc6, 0x0, 0x0, 0x0, 0x0, 0x0, 0xa,
    0xed, 0xdd, 0xde, 0xf1, 0x0, 0x0, 0xac, 0xd2,
    0x0, 0x4e, 0x50, 0x0, 0xb, 0x80, 0x5e, 0x58,
    0xd3, 0x0, 0x0, 0x0, 0x0, 0x3b, 0xff, 0x82,
    0x0, 0x0, 0x16, 0x9e, 0xc8, 0x12, 0x8c, 0xea,
    0x71, 0x4a, 0x61, 0xb, 0x60, 0x0, 0x4, 0x70,
    0x1, 0xee, 0xef, 0xfe, 0xee, 0xe3, 0x0, 0x0,
    0x0, 0x3f, 0x0, 0x0, 0xf1, 0x0, 0x0, 0x0,
    0xc8, 0x0, 0x1, 0xf0, 0x0, 0x0, 0x3c, 0xb0,
    0x0, 0x7, 0xd0, 0x0, 0xd, 0xd6, 0x0, 0x6,
    0xec, 0x40, 0x0, 0x2, 0x0, 0x0, 0x0, 0x0,
    0x0, 0x0,

    /* U+52A8 "动" */
    0x0, 0x0, 0x0, 0x0, 0x0, 0x0, 0x0, 0x0,
    0x0, 0x0, 0xb, 0x40, 0x0, 0x7, 0xff, 0xff,
    0x40, 0xb4, 0x0, 0x0, 0x0, 0x0, 0x5, 0x7d,
    0x97, 0x71, 0x0, 0x0, 0x0, 0x47, 0xe9, 0x7d,
    0x32, 0xee, 0xee, 0xed, 0xd, 0x30, 0xc2, 0x1,
    0x4d, 0x11, 0x10, 0xe2, 0xd, 0x20, 0x8, 0x86,
    0x30, 0xf, 0x0, 0xe1, 0x0, 0xd3, 0x6b, 0x1,
    0xe0, 0xe, 0x10, 0x4d, 0x0, 0xf2, 0x5b, 0x0,
    0xf0, 0xc, 0xca, 0xdf, 0x8c, 0x60, 0xf, 0x0,
    0x98, 0x53, 0x5b, 0xd0, 0x48, 0xe0, 0x0, 0x0,
    0x3, 0xf3, 0xb, 0xb4, 0x0, 0x0, 0x0, 0x2,
    0x0, 0x0, 0x0,

    /* U+5305 "包" */
    0x0, 0x3, 0x20, 0x0, 0x0, 0x0, 0x0, 0x0,
    0xe6, 0x0, 0x0, 0x0, 0x0, 0x0, 0x6f, 0xff,
    0xff, 0xff, 0xf3, 0x0, 0x2f, 0x40, 0x0, 0x0,
    0xd, 0x30, 0x1d, 0xa0, 0x0, 0x0, 0x0, 0xe2,
    0xa, 0xce, 0xff, 0xff, 0xe0, 0xe, 0x20, 0x21,
    0xe2, 0x0, 0x1e, 0x0, 0xe2, 0x0, 0xe, 0x20,
    0x1, 0xe0, 0xf, 0x10, 0x0, 0xef, 0xff, 0xfe,
    0x0, 0xf1, 0x0, 0xe, 0x31, 0x11, 0x18, 0xbd,
    0x0, 0x0, 0xe2, 0x0, 0x0, 0x86, 0x17, 0x70,
    0xd, 0x60, 0x0, 0x0, 0x1, 0xc7, 0x0, 0x6e,
    0xff, 0xff, 0xff, 0xfc, 0x10, 0x0, 0x0, 0x0,
    0x0, 0x0, 0x0,

    /* U+533A "区" */
    0x3f, 0xff, 0xff, 0xff, 0xff, 0xfa, 0x3f, 0x1,
    0x0, 0x0, 0x2, 0x0, 0x3f, 0xe, 0x50, 0x0,
    0x1f, 0x30, 0x3f, 0x4, 0xf6, 0x0, 0xb9, 0x0,
    0x3f, 0x0, 0x4f, 0x69, 0xd0, 0x0, 0x3f, 0x0,
    0x4, 0xfe, 0x20, 0x0, 0x3f, 0x0, 0x6, 0xff,
    0x50, 0x0, 0x3f, 0x0, 0x7e, 0x35, 0xf4, 0x0,
    0x3f, 0xa, 0xe3, 0x0, 0x6f, 0x30, 0x3f, 0x8c,
    0x10, 0x0, 0x8, 0xa0, 0x3f, 0x21, 0x11, 0x11,
    0x11, 0x21, 0x2f, 0xff, 0xff, 0xff, 0xff, 0xfe,

    /* U+53E3 "口" */
    0xef, 0xff, 0xff, 0xff, 0xfd, 0xf4, 0x22, 0x22,
    0x22, 0x5d, 0xf2, 0x0, 0x0, 0x0, 0x3d, 0xf2,
    0x0, 0x0, 0x0, 0x3d, 0xf2, 0x0, 0x0, 0x0,
    0x3d, 0xf2, 0x0, 0x0, 0x0, 0x3d, 0xf2, 0x0,
    0x0, 0x0, 0x3d, 0xf2, 0x0, 0x0, 0x0, 0x3d,
    0xf4, 0x22, 0x22, 0x22, 0x5d, 0xff, 0xff, 0xff,
    0xff, 0xfd, 0xf2, 0x0, 0x0, 0x0, 0x3d, 0x0,
    0x0, 0x0, 0x0, 0x0,

    /* U+53F0 "台" */
    0x0, 0x0, 0x1, 0x0, 0x0, 0x0, 0x0, 0x0,
    0x0, 0xd6, 0x0, 0x0, 0x0, 0x0, 0x0, 0xaa,
    0x0, 0x92, 0x0, 0x0, 0x0, 0x9c, 0x0, 0x6,
    0xe2, 0x0, 0x0, 0x9c, 0x10, 0x1, 0x18, 0xe1,
    0x0, 0xef, 0xff, 0xff, 0xee, 0xde, 0xd0, 0x2,
    0x11, 0x0, 0x0, 0x0, 0xa, 0x10, 0x2, 0x22,
    0x22, 0x22, 0x22, 0x0, 0x0, 0xde, 0xdd, 0xdd,
    0xdd, 0xf1, 0x0, 0xd, 0x30, 0x0, 0x0, 0xf,
    0x10, 0x0, 0xd3, 0x0, 0x0, 0x0, 0xf1, 0x0,
    0xd, 0x53, 0x33, 0x33, 0x3f, 0x10, 0x0, 0xdd,
    0xdd, 0xdd, 0xdd, 0xf1, 0x0,

    /* U+540E "后" */
    0x0, 0x12, 0x23, 0x46, 0x79, 0xc3, 0x0, 0xd,
    0xed, 0xcb, 0xa8, 0x64, 0x10, 0x0, 0xd2, 0x0,
    0x0, 0x0, 0x0, 0x0, 0xd, 0x20, 0x0, 0x0,
    0x0, 0x0, 0x0, 0xdf, 0xff, 0xff, 0xff, 0xff,
    0x90, 0xe, 0x20, 0x0, 0x0, 0x0, 0x0, 0x0,
    0xf1, 0x11, 0x11, 0x11, 0x10, 0x0, 0x1e, 0xe,
    0xee, 0xee, 0xef, 0x20, 0x5, 0xa0, 0xe1, 0x0,
    0x0, 0xe2, 0x0, 0xc5, 0xe, 0x10, 0x0, 0xe,
    0x20, 0x5c, 0x0, 0xec, 0xcc, 0xcc, 0xf2, 0x7,
    0x20, 0xe, 0x43, 0x33, 0x3e, 0x20,

    /* U+542F "启" */
    0x0, 0x0, 0x0, 0x44, 0x0, 0x0, 0x0, 0x0,
    0x0, 0x5, 0xc0, 0x0, 0x0, 0x0, 0xdf, 0xff,
    0xff, 0xff, 0xff, 0x20, 0xd, 0x30, 0x0, 0x0,
    0x0, 0xe3, 0x0, 0xd3, 0x0, 0x0, 0x0, 0xe,
    0x30, 0xd, 0xfe, 0xee, 0xee, 0xee, 0xf3, 0x0,
    0xe3, 0x0, 0x0, 0x0, 0x0, 0x0, 0xf, 0x10,
    0x0, 0x0, 0x0, 0x0, 0x2, 0xe3, 0xff, 0xff,
    0xff, 0xfe, 0x0, 0x7a, 0x3e, 0x0, 0x0, 0x2,
    0xe0, 0xc, 0x43, 0xe0, 0x0, 0x0, 0x2e, 0x4,
    0xc0, 0x3e, 0x22, 0x22, 0x24, 0xe0, 0x83, 0x3,
    0xfc, 0xcc, 0xcc, 0xce, 0x0,

    /* U+5468 "周" */
    0x0, 0xef, 0xff, 0xff, 0xff, 0xff, 0x10, 0xe,
    0x10, 0x1, 0x30, 0x0, 0xf1, 0x0, 0xe1, 0x0,
    0x4b, 0x0, 0xf, 0x10, 0xe, 0x2d, 0xde, 0xfd,
    0xd0, 0xf1, 0x0, 0xe1, 0x0, 0x4b, 0x0, 0xf,
    0x10, 0xe, 0x8d, 0xde, 0xfd, 0xd6, 0xf1, 0x0,
    0xf1, 0x0, 0x0, 0x0, 0xf, 0x10, 0xf, 0xb,
    0xee, 0xee, 0x90, 0xf1, 0x1, 0xe0, 0xc3, 0x0,
    0x4a, 0xf, 0x10, 0x5b, 0xc, 0x52, 0x25, 0xa0,
    0xf1, 0xa, 0x70, 0x9c, 0xcc, 0xc7, 0xf, 0x2,
    0xf1, 0x0, 0x0, 0x0, 0x5a, 0xe0, 0x15, 0x0,
    0x0, 0x0, 0x3, 0x51, 0x0,

    /* U+5668 "器" */
    0x3, 0xfd, 0xdf, 0x38, 0xed, 0xde, 0x0, 0x3,
    0xb0, 0xc, 0x38, 0x60, 0xe, 0x0, 0x3, 0xb0,
    0xc, 0x38, 0x60, 0xe, 0x0, 0x3, 0xdd, 0xdd,
    0x27, 0xde, 0xdc, 0x0, 0x0, 0x0, 0x0, 0xc2,
    0x2c, 0x20, 0x0, 0xd, 0xee, 0xee, 0xfe, 0xee,
    0xee, 0x90, 0x0, 0x1, 0x8d, 0x14, 0xd5, 0x0,
    0x0, 0x28, 0xcd, 0x70, 0x0, 0x18, 0xda, 0x70,
    0x28, 0xfd, 0xdf, 0x39, 0xed, 0xde, 0x70, 0x2,
    0xc0, 0xb, 0x39, 0x50, 0x1d, 0x0, 0x2, 0xc1,
    0x1b, 0x39, 0x61, 0x2d, 0x0, 0x2, 0xfc, 0xce,
    0x39, 0xdc, 0xcd, 0x0,

    /* U+56DB "四" */
    0x1, 0x11, 0x11, 0x11, 0x11, 0x10, 0x3f, 0xff,
    0xff, 0xff, 0xff, 0xf2, 0x3d, 0x0, 0xf0, 0xf,
    0x0, 0xe2, 0x3d, 0x0, 0xf0, 0xf, 0x0, 0xe2,
    0x3d, 0x0, 0xf0, 0xf, 0x0, 0xe2, 0x3d, 0x2,
    0xe0, 0xf, 0x0, 0xe2, 0x3d, 0x8, 0x90, 0xf,
    0x31, 0xe2, 0x3d, 0x5d, 0x10, 0x8, 0xef, 0xf2,
    0x3d, 0x52, 0x0, 0x0, 0x0, 0xe2, 0x3d, 0x0,
    0x0, 0x0, 0x0, 0xe2, 0x3f, 0xff, 0xff, 0xff,
    0xff, 0xf2, 0x3d, 0x11, 0x11, 0x11, 0x11, 0xe2,

    /* U+56DE "回" */
    0x4f, 0xff, 0xff, 0xff, 0xff, 0xf2, 0x4c, 0x11,
    0x11, 0x11, 0x11, 0xe2, 0x4c, 0x0, 0x0, 0x0,
    0x0, 0xe2, 0x4c, 0x8, 0xcc, 0xcc, 0x20, 0xe2,
    0x4c, 0xb, 0x62, 0x2c, 0x30, 0xe2, 0x4c, 0xb,
    0x40, 0xb, 0x30, 0xe2, 0x4c, 0xb, 0x40, 0xb,
    0x30, 0xe2, 0x4c, 0xb, 0xdc, 0xce, 0x30, 0xe2,
    0x4c, 0x2, 0x33, 0x33, 0x0, 0xe2, 0x4c, 0x0,
    0x0, 0x0, 0x0, 0xe2, 0x4f, 0xee, 0xee, 0xee,
    0xee, 0xf2, 0x4c, 0x22, 0x22, 0x22, 0x22, 0xe2,

    /* U+5728 "在" */
    0x0, 0x0, 0x5, 0x40, 0x0, 0x0, 0x0, 0x0,
    0x0, 0xd4, 0x0, 0x0, 0x0, 0x1d, 0xdd, 0xdf,
    0xdd, 0xdd, 0xdd, 0xa0, 0x33, 0x3d, 0x83, 0x33,
    0x33, 0x32, 0x0, 0x3, 0xf0, 0x0, 0xc0, 0x0,
    0x0, 0x0, 0xd7, 0x0, 0xf, 0x0, 0x0, 0x0,
    0x9e, 0x0, 0x0, 0xf1, 0x0, 0x0, 0x6f, 0xd1,
    0xff, 0xff, 0xff, 0xf4, 0x5e, 0x6d, 0x0, 0x0,
    0xf0, 0x0, 0x0, 0x23, 0xd0, 0x0, 0xf, 0x0,
    0x0, 0x0, 0x3d, 0x0, 0x0, 0xf0, 0x0, 0x0,
    0x3, 0xd9, 0xdd, 0xdf, 0xdd, 0xdc, 0x0, 0x3d,
    0x12, 0x22, 0x22, 0x22, 0x20,

    /* U+5730 "地" */
    0x0, 0x0, 0x0, 0x0, 0x0, 0x0, 0x0, 0x0,
    0x65, 0x0, 0x0, 0xd2, 0x0, 0x0, 0x0, 0x87,
    0x4, 0x70, 0xd2, 0x0, 0x0, 0x0, 0x87, 0x5,
    0x90, 0xd2, 0x16, 0x10, 0x2, 0x98, 0x25, 0x91,
    0xed, 0xef, 0x20, 0x1d, 0xee, 0xd8, 0xee, 0xf5,
    0xe, 0x10, 0x0, 0x87, 0x9d, 0xa0, 0xd2, 0xe,
    0x10, 0x0, 0x87, 0x5, 0x90, 0xd2, 0xf, 0x0,
    0x0, 0x87, 0x5, 0x90, 0xd3, 0x6f, 0x0, 0x0,
    0x87, 0x5, 0x90, 0xd4, 0xa5, 0x0, 0x0, 0x8c,
    0xe7, 0x90, 0xc1, 0x0, 0xa0, 0x3d, 0xc6, 0x15,
    0xb0, 0x0, 0x3, 0xf0, 0x1, 0x0, 0x1, 0xcf,
    0xff, 0xff, 0x80, 0x0, 0x0, 0x0, 0x0, 0x0,
    0x0, 0x0,

    /* U+5740 "址" */
    0x0, 0x0, 0x0, 0x0, 0x0, 0x0, 0x0, 0x0,
    0x86, 0x0, 0x0, 0x3e, 0x0, 0x0, 0x0, 0x97,
    0x0, 0x0, 0x3e, 0x0, 0x0, 0x0, 0x97, 0x1,
    0x60, 0x3e, 0x0, 0x0, 0x1a, 0xdc, 0xa4, 0xe0,
    0x3e, 0x11, 0x0, 0x6, 0xbb, 0x63, 0xe0, 0x3f,
    0xff, 0x80, 0x0, 0x97, 0x3, 0xe0, 0x3e, 0x0,
    0x0, 0x0, 0x97, 0x3, 0xe0, 0x3e, 0x0, 0x0,
    0x0, 0x97, 0x3, 0xe0, 0x3e, 0x0, 0x0, 0x0,
    0x98, 0x43, 0xe0, 0x3e, 0x0, 0x0, 0x3, 0xcf,
    0xd3, 0xe0, 0x3e, 0x0, 0x0, 0x6e, 0x83, 0x35,
    0xe3, 0x5e, 0x33, 0x30, 0x0, 0x1, 0xdd, 0xdd,
    0xdd, 0xdd, 0xd2,

    /* U+591A "多" */
    0x0, 0x0, 0x0, 0x30, 0x0, 0x0, 0x0, 0x0,
    0x0, 0x6e, 0x20, 0x0, 0x0, 0x0, 0x1, 0xae,
    0xee, 0xee, 0xff, 0x0, 0x7, 0xef, 0x30, 0x0,
    0x7e, 0x40, 0x5, 0x91, 0x4d, 0x25, 0xda, 0x10,
    0x0, 0x0, 0x2, 0x8d, 0xc3, 0x0, 0x0, 0x6,
    0xae, 0xd7, 0x6e, 0x20, 0x0, 0x0, 0x75, 0x10,
    0x8f, 0xff, 0xff, 0xf6, 0x0, 0x7, 0xec, 0x0,
    0x0, 0x8d, 0x10, 0x7e, 0x95, 0xda, 0x1, 0xac,
    0x10, 0x2, 0x10, 0x0, 0x88, 0xe8, 0x0, 0x0,
    0x0, 0x15, 0xae, 0x92, 0x0, 0x0, 0x9, 0xdf,
    0xb6, 0x0, 0x0, 0x0, 0x0, 0x53, 0x0, 0x0,
    0x0, 0x0, 0x0,

    /* U+5929 "天" */
    0x0, 0x0, 0x0, 0x0, 0x0, 0x0, 0x0, 0x3,
    0xff, 0xff, 0xff, 0xff, 0xfd, 0x0, 0x0, 0x0,
    0x0, 0xc5, 0x0, 0x0, 0x0, 0x0, 0x0, 0x0,
    0xc5, 0x0, 0x0, 0x0, 0x1, 0x11, 0x11, 0xc6,
    0x11, 0x11, 0x0, 0xe, 0xff, 0xff, 0xff, 0xff,
    0xff, 0x90, 0x0, 0x0, 0x0, 0xfa, 0x0, 0x0,
    0x0, 0x0, 0x0, 0x6, 0xce, 0x20, 0x0, 0x0,
    0x0, 0x0, 0x2e, 0x37, 0xc0, 0x0, 0x0, 0x0,
    0x2, 0xe7, 0x0, 0xbb, 0x10, 0x0, 0x0, 0x6f,
    0x70, 0x0, 0xb, 0xe4, 0x0, 0x2d, 0xd4, 0x0,
    0x0, 0x0, 0x7f, 0xb0, 0x5, 0x0, 0x0, 0x0,
    0x0, 0x1, 0x40,

    /* U+5931 "失" */
    0x0, 0x0, 0x0, 0x0, 0x0, 0x0, 0x0, 0x0,
    0x6, 0x20, 0x89, 0x0, 0x0, 0x0, 0x0, 0x1e,
    0x0, 0x89, 0x0, 0x0, 0x0, 0x0, 0x6f, 0xff,
    0xff, 0xff, 0xff, 0x0, 0x0, 0xd4, 0x11, 0x99,
    0x11, 0x11, 0x0, 0x5, 0xb0, 0x0, 0x98, 0x0,
    0x0, 0x0, 0x1, 0x31, 0x11, 0xa9, 0x11, 0x11,
    0x0, 0xe, 0xff, 0xff, 0xff, 0xff, 0xff, 0x90,
    0x0, 0x0, 0x1, 0xfe, 0x0, 0x0, 0x0, 0x0,
    0x0, 0xa, 0xab, 0x80, 0x0, 0x0, 0x0, 0x0,
    0x9d, 0x12, 0xe7, 0x0, 0x0, 0x0, 0x3d, 0xc1,
    0x0, 0x2e, 0xc3, 0x0, 0xc, 0xf7, 0x0, 0x0,
    0x0, 0x9f, 0xb0, 0x4, 0x10, 0x0, 0x0, 0x0,
    0x1, 0x30,

    /* U+59CB "始" */
    0x0, 0x11, 0x0, 0x0, 0x20, 0x0, 0x0, 0x7,
    0x70, 0x0, 0xc, 0x50, 0x0, 0x0, 0x95, 0x0,
    0x4, 0xd0, 0x80, 0x0, 0xae, 0xca, 0x60, 0xd4,
    0x8, 0x90, 0x5, 0xe6, 0xa8, 0x7b, 0x0, 0x2f,
    0x20, 0xe, 0x8, 0xaf, 0xff, 0xff, 0xea, 0x2,
    0xc0, 0xa5, 0x21, 0x0, 0x1, 0x80, 0x59, 0xc,
    0x20, 0x11, 0x11, 0x10, 0x8, 0x80, 0xe0, 0x9e,
    0xee, 0xef, 0x20, 0x2d, 0xca, 0x9, 0x60, 0x0,
    0xe2, 0x0, 0x1f, 0xb0, 0x96, 0x0, 0xe, 0x20,
    0xb, 0x8b, 0xb9, 0x83, 0x33, 0xe2, 0xa, 0x60,
    0x5, 0x9d, 0xcc, 0xcf, 0x20, 0x10, 0x0, 0x0,
    0x0, 0x0, 0x0,

    /* U+5B58 "存" */
    0x0, 0x0, 0x5, 0x20, 0x0, 0x0, 0x0, 0x0,
    0x0, 0xf2, 0x0, 0x0, 0x0, 0xd, 0xff, 0xff,
    0xff, 0xff, 0xff, 0x90, 0x0, 0x1e, 0x50, 0x0,
    0x0, 0x0, 0x0, 0x9, 0xc0, 0x0, 0x0, 0x0,
    0x0, 0x5, 0xf3, 0x8e, 0xee, 0xef, 0xf0, 0x3,
    0xfc, 0x0, 0x0, 0x8, 0xd3, 0x3, 0xfa, 0xc0,
    0x0, 0xb, 0x90, 0x0, 0x66, 0x3c, 0x5e, 0xee,
    0xfe, 0xee, 0xc0, 0x3, 0xc0, 0x11, 0x1c, 0x51,
    0x11, 0x0, 0x3c, 0x0, 0x0, 0xb4, 0x0, 0x0,
    0x3, 0xc0, 0x0, 0x1d, 0x40, 0x0, 0x0, 0x3c,
    0x0, 0x9e, 0xb0, 0x0, 0x0,

    /* U+5B8C "完" */
    0x0, 0x0, 0x0, 0x61, 0x0, 0x0, 0x0, 0x0,
    0x0, 0xa, 0x70, 0x0, 0x0, 0x9, 0xee, 0xee,
    0xff, 0xee, 0xee, 0x40, 0xa5, 0x0, 0x0, 0x0,
    0x0, 0xb4, 0xa, 0x50, 0x0, 0x0, 0x0, 0xa,
    0x40, 0x2, 0xff, 0xff, 0xff, 0xfb, 0x0, 0x0,
    0x0, 0x0, 0x0, 0x0, 0x0, 0x0, 0x0, 0x0,
    0x0, 0x0, 0x0, 0x0, 0xd, 0xee, 0xff, 0xef,
    0xfe, 0xee, 0x80, 0x0, 0xa, 0x60, 0x4c, 0x0,
    0x0, 0x0, 0x0, 0xe3, 0x4, 0xc0, 0x2, 0x50,
    0x2, 0xca, 0x0, 0x3d, 0x0, 0x7a, 0xa, 0xf8,
    0x0, 0x0, 0xcf, 0xfe, 0x40, 0x41, 0x0, 0x0,
    0x0, 0x0, 0x0,

    /* U+5BA4 "室" */
    0x0, 0x0, 0x0, 0x61, 0x0, 0x0, 0x0, 0x0,
    0x0, 0xb, 0x60, 0x0, 0x0, 0x9, 0xee, 0xee,
    0xff, 0xee, 0xee, 0x40, 0xa5, 0x0, 0x0, 0x0,
    0x0, 0xb5, 0x1, 0x33, 0x33, 0x33, 0x33, 0x32,
    0x0, 0x9, 0xbc, 0xfb, 0xbc, 0xbb, 0x50, 0x0,
    0x5, 0xc2, 0x0, 0x4c, 0x30, 0x0, 0xb, 0xfd,
    0xdd, 0xdd, 0xde, 0x60, 0x0, 0x10, 0x0, 0x42,
    0x0, 0x29, 0x0, 0x3, 0x33, 0x3b, 0x83, 0x33,
    0x20, 0x0, 0x9b, 0xbb, 0xec, 0xbb, 0xb6, 0x0,
    0x0, 0x0, 0xa, 0x60, 0x0, 0x0, 0x3e, 0xee,
    0xee, 0xfe, 0xee, 0xee, 0xc0,

    /* U+5C0F "小" */
    0x0, 0x0, 0x0, 0x0, 0x0, 0x0, 0x0, 0x0,
    0x0, 0x0, 0xe3, 0x0, 0x0, 0x0, 0x0, 0x0,
    0x0, 0xe3, 0x0, 0x0, 0x0, 0x0, 0x2, 0x0,
    0xe3, 0x3, 0x0, 0x0, 0x0, 0x1f, 0x10, 0xe3,
    0x2f, 0x10, 0x0, 0x0, 0x6c, 0x0, 0xe3, 0x9,
    0x90, 0x0, 0x0, 0xd6, 0x0, 0xe3, 0x1, 0xf2,
    0x0, 0x3, 0xf0, 0x0, 0xe3, 0x0, 0x9a, 0x0,
    0xb, 0x80, 0x0, 0xe3, 0x0, 0x2f, 0x10, 0x3f,
    0x10, 0x0, 0xe3, 0x0, 0xb, 0x80, 0x98, 0x0,
    0x0, 0xe3, 0x0, 0x3, 0xd0, 0x0, 0x0, 0x0,
    0xf3, 0x0, 0x0, 0x0, 0x0, 0x0, 0xdf, 0xe1,
    0x0, 0x0, 0x0, 0x0, 0x0, 0x22, 0x0, 0x0,
    0x0, 0x0,

    /* U+5DEE "差" */
    0x0, 0x2, 0x60, 0x0, 0x19, 0x0, 0x0, 0x0,
    0x1d, 0x50, 0x9, 0x90, 0x0, 0x6, 0xbb, 0xdd,
    0xbb, 0xfc, 0xbb, 0x30, 0x12, 0x22, 0x2e, 0x42,
    0x22, 0x20, 0x0, 0x22, 0x23, 0xf3, 0x22, 0x22,
    0x0, 0xb, 0xbb, 0xce, 0xbb, 0xbb, 0x80, 0x0,
    0x0, 0xa, 0x80, 0x0, 0x0, 0x1, 0xdd, 0xde,
    0xfd, 0xdd, 0xdd, 0xdb, 0x0, 0x0, 0xc6, 0x0,
    0x0, 0x0, 0x0, 0x0, 0xbf, 0xee, 0xfe, 0xee,
    0x80, 0x4, 0xd6, 0x0, 0x1f, 0x0, 0x0, 0x6,
    0xc3, 0x0, 0x1, 0xf0, 0x0, 0x0, 0x0, 0xee,
    0xee, 0xef, 0xee, 0xee, 0xa0,

    /* U+5DF2 "已" */
    0xaf, 0xff, 0xff, 0xff, 0xff, 0x30, 0x1, 0x11,
    0x11, 0x11, 0x1e, 0x30, 0x2, 0x0, 0x0, 0x0,
    0xe, 0x30, 0xf, 0x10, 0x0, 0x0, 0xe, 0x30,
    0xf, 0x10, 0x0, 0x0, 0xe, 0x30, 0xf, 0xff,
    0xff, 0xff, 0xff, 0x30, 0xf, 0x32, 0x22, 0x22,
    0x22, 0x0, 0xf, 0x10, 0x0, 0x0, 0x0, 0x0,
    0xf, 0x10, 0x0, 0x0, 0x0, 0x52, 0xf, 0x10,
    0x0, 0x0, 0x0, 0xb6, 0xf, 0x71, 0x10, 0x0,
    0x13, 0xf3, 0x6, 0xef, 0xff, 0xff, 0xff, 0xa0,
    0x0, 0x0, 0x0, 0x0, 0x0, 0x0,

    /* U+5E02 "市" */
    0x0, 0x0, 0x0, 0x70, 0x0, 0x0, 0x0, 0x0,
    0x0, 0xd, 0x40, 0x0, 0x0, 0x2c, 0xcc, 0xcc,
    0xed, 0xcc, 0xcc, 0xb0, 0x33, 0x33, 0x3b, 0x83,
    0x33, 0x33, 0x0, 0x0, 0x0, 0xa6, 0x0, 0x0,
    0x0, 0xb, 0xcc, 0xce, 0xdc, 0xcc, 0x80, 0x0,
    0xe4, 0x33, 0xb8, 0x33, 0x8a, 0x0, 0xe, 0x10,
    0xa, 0x60, 0x7, 0xa0, 0x0, 0xe1, 0x0, 0xa6,
    0x0, 0x7a, 0x0, 0xe, 0x10, 0xa, 0x60, 0x7,
    0xa0, 0x0, 0xe1, 0x0, 0xa6, 0x4, 0xb9, 0x0,
    0xa, 0x0, 0xa, 0x60, 0x99, 0x20, 0x0, 0x0,
    0x0, 0xa6, 0x0, 0x0, 0x0,

    /* U+5E27 "帧" */
    0x0, 0x0, 0x0, 0x0, 0x0, 0x0, 0x0, 0x2c,
    0x0, 0x0, 0x4b, 0x0, 0x0, 0x2, 0xd0, 0x0,
    0x4, 0xff, 0xfd, 0xd, 0xef, 0xeb, 0x0, 0x4b,
    0x0, 0x0, 0xe6, 0xd5, 0xc1, 0x36, 0xc3, 0x30,
    0xe, 0x2d, 0x2c, 0x6e, 0xcc, 0xcf, 0x10, 0xe2,
    0xd2, 0xc6, 0x80, 0x70, 0xe1, 0xe, 0x2d, 0x2c,
    0x68, 0xe, 0xe, 0x10, 0xe2, 0xd2, 0xc6, 0x81,
    0xd0, 0xe1, 0xe, 0x2d, 0x3c, 0x68, 0x3b, 0xe,
    0x10, 0xa2, 0xd9, 0x52, 0x3b, 0x9a, 0x70, 0x0,
    0x2d, 0x0, 0x3c, 0x80, 0x6e, 0x50, 0x2, 0xd0,
    0x6c, 0x40, 0x0, 0x3e, 0x10, 0x0, 0x0, 0x0,
    0x0, 0x0, 0x0,

    /* U+5E76 "并" */
    0x0, 0x2, 0x40, 0x0, 0x5, 0x10, 0x0, 0x0,
    0x4, 0xe0, 0x0, 0x2f, 0x20, 0x0, 0x0, 0x0,
    0xc6, 0x0, 0xa9, 0x0, 0x0, 0xa, 0xff, 0xff,
    0xff, 0xff, 0xff, 0x50, 0x0, 0x0, 0xe2, 0x0,
    0x4d, 0x0, 0x0, 0x0, 0x0, 0xe2, 0x0, 0x4d,
    0x0, 0x0, 0x0, 0x0, 0xe2, 0x0, 0x4d, 0x0,
    0x0, 0x5c, 0xcc, 0xfc, 0xcc, 0xdf, 0xcc, 0xc0,
    0x24, 0x44, 0xf4, 0x44, 0x7d, 0x44, 0x40, 0x0,
    0x3, 0xd0, 0x0, 0x4d, 0x0, 0x0, 0x0, 0xa,
    0x80, 0x0, 0x4d, 0x0, 0x0, 0x0, 0x8e, 0x10,
    0x0, 0x4d, 0x0, 0x0, 0x6, 0xd2, 0x0, 0x0,
    0x4d, 0x0, 0x0, 0x0, 0x0, 0x0, 0x0, 0x0,
    0x0, 0x0,

    /* U+5EA6 "度" */
    0x0, 0x0, 0x0, 0x23, 0x0, 0x0, 0x0, 0x0,
    0x0, 0x3, 0xd0, 0x0, 0x0, 0x0, 0xee, 0xee,
    0xef, 0xee, 0xee, 0x70, 0xf, 0x0, 0x70, 0x0,
    0x61, 0x0, 0x0, 0xf7, 0xbf, 0xbb, 0xbe, 0xcb,
    0x50, 0xf, 0x23, 0xe4, 0x33, 0xd6, 0x31, 0x0,
    0xf0, 0xe, 0xaa, 0xae, 0x30, 0x0, 0xf, 0x0,
    0x33, 0x33, 0x30, 0x0, 0x1, 0xe6, 0xee, 0xee,
    0xee, 0xe1, 0x0, 0x4c, 0x5, 0xc1, 0x0, 0xca,
    0x0, 0x8, 0x80, 0x5, 0xd6, 0xd8, 0x0, 0x0,
    0xe3, 0x3, 0x7e, 0xde, 0x84, 0x10, 0x6c, 0x3f,
    0xc7, 0x20, 0x16, 0xad, 0xa0, 0x10, 0x0, 0x0,
    0x0, 0x0, 0x0,

    /* U+5EFA "建" */
    0x0, 0x0, 0x0, 0x0, 0x0, 0x0, 0x0, 0x1,
    0x11, 0x0, 0x1, 0xe0, 0x0, 0x0, 0xc, 0xce,
    0x8a, 0xdd, 0xfd, 0xde, 0x0, 0x0, 0x2d, 0x10,
    0x1, 0xe0, 0xe, 0x0, 0x0, 0xc4, 0x4d, 0xdd,
    0xfd, 0xdf, 0xd1, 0x9, 0xa2, 0x10, 0x12, 0xe1,
    0x1e, 0x0, 0x9, 0xbd, 0x89, 0xcc, 0xfc, 0xcb,
    0x0, 0x6, 0xa, 0x54, 0x55, 0xe5, 0x55, 0x10,
    0xb, 0x3e, 0x15, 0x67, 0xe6, 0x66, 0x10, 0x4,
    0xea, 0x5b, 0xbb, 0xfb, 0xbb, 0x80, 0x1, 0xf8,
    0x12, 0x23, 0xe2, 0x22, 0x10, 0xa, 0xce, 0x92,
    0x1, 0xe0, 0x0, 0x0, 0x6d, 0x11, 0x7c, 0xee,
    0xee, 0xee, 0xe2, 0x1, 0x0, 0x0, 0x0, 0x0,
    0x0, 0x0,

    /* U+5F00 "开" */
    0x9, 0xff, 0xff, 0xff, 0xff, 0xff, 0x50, 0x0,
    0x1, 0xf1, 0x0, 0x3e, 0x0, 0x0, 0x0, 0x0,
    0xf0, 0x0, 0x3e, 0x0, 0x0, 0x0, 0x0, 0xf0,
    0x0, 0x3e, 0x0, 0x0, 0x0, 0x0, 0xf0, 0x0,
    0x3e, 0x0, 0x0, 0x1, 0x12, 0xf2, 0x11, 0x4e,
    0x11, 0x10, 0x5e, 0xee, 0xfe, 0xee, 0xef, 0xee,
    0xe0, 0x0, 0x2, 0xf0, 0x0, 0x3e, 0x0, 0x0,
    0x0, 0x6, 0xc0, 0x0, 0x3e, 0x0, 0x0, 0x0,
    0xd, 0x60, 0x0, 0x3e, 0x0, 0x0, 0x0, 0xab,
    0x0, 0x0, 0x3e, 0x0, 0x0, 0x9, 0xb0, 0x0,
    0x0, 0x3e, 0x0, 0x0, 0x0, 0x0, 0x0, 0x0,
    0x0, 0x0, 0x0,

    /* U+5F85 "待" */
    0x0, 0x0, 0x0, 0x0, 0x0, 0x0, 0x0, 0x0,
    0xb4, 0x0, 0x4d, 0x0, 0x0, 0x0, 0x9a, 0x3,
    0x36, 0xd3, 0x33, 0x0, 0x9a, 0x0, 0xcc, 0xdf,
    0xcc, 0xb0, 0x48, 0x8, 0x20, 0x4, 0xd0, 0x0,
    0x0, 0x4, 0xbe, 0xff, 0xff, 0xff, 0xfc, 0x2,
    0xe3, 0x0, 0x0, 0x6, 0xa0, 0x1, 0xdf, 0x30,
    0x0, 0x0, 0x6a, 0x0, 0xa7, 0xc3, 0x9f, 0xff,
    0xff, 0xff, 0x70, 0xc, 0x30, 0x83, 0x0, 0x6a,
    0x0, 0x0, 0xc3, 0x3, 0xe4, 0x6, 0xa0, 0x0,
    0xc, 0x30, 0x3, 0x20, 0x89, 0x0, 0x0, 0xc3,
    0x0, 0x3, 0xdb, 0x30, 0x0,

    /* U+6001 "态" */
    0x0, 0x0, 0x0, 0x51, 0x0, 0x0, 0x0, 0x0,
    0x0, 0x0, 0xd3, 0x0, 0x0, 0x0, 0xb, 0xcc,
    0xcc, 0xfd, 0xcc, 0xcc, 0x60, 0x2, 0x33, 0x39,
    0xed, 0x33, 0x33, 0x10, 0x0, 0x0, 0x3e, 0x3a,
    0xa0, 0x0, 0x0, 0x0, 0x6, 0xee, 0x30, 0xbc,
    0x30, 0x0, 0x17, 0xdd, 0x45, 0xe3, 0x7, 0xfb,
    0x50, 0x4d, 0x60, 0x0, 0x52, 0x0, 0x17, 0xc1,
    0x0, 0x71, 0xe0, 0x97, 0x0, 0x91, 0x0, 0x2,
    0xd0, 0xf0, 0x1e, 0x20, 0x8a, 0x0, 0x9, 0x70,
    0xf0, 0x4, 0x17, 0xd, 0x40, 0x1e, 0x10, 0xf1,
    0x0, 0x2d, 0x5, 0xc0, 0x3, 0x0, 0xaf, 0xee,
    0xf7, 0x0, 0x10, 0x0, 0x0, 0x0, 0x0, 0x0,
    0x0, 0x0,

    /* U+6148 "慈" */
    0x0, 0x1, 0x50, 0x0, 0x7, 0x0, 0x0, 0x0,
    0x1d, 0x30, 0x9, 0x70, 0x0, 0xc, 0xdd, 0xee,
    0xdd, 0xfd, 0xdd, 0x70, 0x0, 0xc5, 0x0, 0xa,
    0x80, 0x10, 0x0, 0xb6, 0xb, 0x39, 0x90, 0x79,
    0x0, 0x9d, 0xcf, 0x78, 0xec, 0xeb, 0x0, 0x0,
    0xa, 0xb5, 0x0, 0x5c, 0x80, 0x0, 0x1b, 0x81,
    0xe1, 0x7c, 0x18, 0x80, 0x9, 0xdd, 0xcd, 0xbf,
    0xdd, 0xce, 0x20, 0x2, 0x4, 0xa, 0x20, 0x3,
    0x20, 0x2, 0xd1, 0xe0, 0x3d, 0x13, 0x99, 0x1,
    0xd4, 0xe, 0x0, 0x20, 0xe0, 0xb8, 0x27, 0x0,
    0xbe, 0xdd, 0xe8, 0x1, 0x70, 0x0, 0x0, 0x0,
    0x0, 0x0, 0x0,

    /* U+620F "戏" */
    0x0, 0x0, 0x0, 0x0, 0x0, 0x0, 0x0, 0x0,
    0x0, 0x0, 0xf0, 0x92, 0x0, 0xe, 0xee, 0xe8,
    0xe, 0x13, 0xd3, 0x0, 0x0, 0x8, 0x80, 0xd2,
    0x6, 0x64, 0x7, 0x20, 0xb8, 0xaf, 0xee, 0xca,
    0x60, 0x4c, 0xe, 0x35, 0xb5, 0x0, 0x60, 0x0,
    0x9b, 0xb0, 0x8, 0x70, 0x88, 0x0, 0x1, 0xf6,
    0x0, 0x69, 0x4d, 0x0, 0x0, 0x2f, 0xb0, 0x2,
    0xee, 0x20, 0x0, 0xb, 0x6d, 0x40, 0x4f, 0x50,
    0x1, 0x6, 0xd0, 0x66, 0x7e, 0xb9, 0x4, 0xb3,
    0xf2, 0x0, 0xab, 0x11, 0xe5, 0x96, 0x15, 0x0,
    0x1, 0x0, 0x4, 0xed, 0x10,

    /* U+6216 "或" */
    0x0, 0x0, 0x0, 0x0, 0x0, 0x0, 0x0, 0x0,
    0x0, 0x0, 0x88, 0x4a, 0x0, 0x0, 0x0, 0x0,
    0x7, 0x90, 0x97, 0x0, 0xff, 0xff, 0xff, 0xff,
    0xff, 0xfd, 0x0, 0x0, 0x0, 0x5, 0xb0, 0x2,
    0x0, 0xe, 0xee, 0xe5, 0x3c, 0x3, 0xe0, 0x0,
    0xf0, 0x8, 0x62, 0xe0, 0x98, 0x0, 0xf, 0x0,
    0x86, 0xf, 0x2f, 0x10, 0x0, 0xfe, 0xef, 0x60,
    0xcc, 0x80, 0x0, 0x1, 0x11, 0x11, 0x9, 0xd0,
    0x2, 0x3, 0x69, 0xcf, 0xa6, 0xed, 0x3, 0xc1,
    0xc9, 0x63, 0x2a, 0xd2, 0xc7, 0xa7, 0x0, 0x0,
    0x1, 0x80, 0x2, 0xdd, 0x10,

    /* U+62DF "拟" */
    0x0, 0x0, 0x0, 0x0, 0x0, 0x0, 0x0, 0x0,
    0x68, 0x7, 0x86, 0x70, 0x2d, 0x0, 0x0, 0x69,
    0x7, 0x90, 0xd2, 0x2d, 0x0, 0x1d, 0xee, 0xd7,
    0x90, 0x5b, 0x3d, 0x0, 0x2, 0x8a, 0x27, 0x90,
    0x2, 0x3c, 0x0, 0x0, 0x69, 0x7, 0x90, 0x0,
    0x4b, 0x0, 0x0, 0x6d, 0xd7, 0x90, 0x0, 0x6a,
    0x0, 0x4c, 0xfc, 0x27, 0x90, 0x92, 0x97, 0x0,
    0x45, 0x79, 0x7, 0x9a, 0xb0, 0xe3, 0x0, 0x0,
    0x69, 0x7, 0xf9, 0x6, 0xf9, 0x0, 0x0, 0x69,
    0x9, 0x70, 0x4f, 0x4e, 0x60, 0x0, 0x88, 0x0,
    0x6, 0xf4, 0x4, 0xf2, 0xc, 0xe3, 0x0, 0x6d,
    0x30, 0x0, 0x82, 0x0, 0x0, 0x0, 0x0, 0x0,
    0x0, 0x0,

    /* U+62E9 "择" */
    0x0, 0x0, 0x0, 0x0, 0x0, 0x0, 0x0, 0x0,
    0x69, 0x9, 0xfe, 0xee, 0xec, 0x0, 0x0, 0x69,
    0x0, 0xd2, 0x0, 0xb7, 0x0, 0xd, 0xff, 0xf1,
    0x4c, 0x18, 0xb0, 0x0, 0x0, 0x69, 0x0, 0x7,
    0xed, 0x0, 0x0, 0x0, 0x69, 0x14, 0xae, 0x7b,
    0xd7, 0x30, 0x0, 0x6f, 0xbc, 0x70, 0xc1, 0x38,
    0xb0, 0x1a, 0xfd, 0x30, 0x0, 0xe1, 0x0, 0x0,
    0x5a, 0x99, 0x6, 0xee, 0xfe, 0xec, 0x0, 0x0,
    0x69, 0x0, 0x0, 0xe1, 0x0, 0x0, 0x0, 0x69,
    0x2e, 0xee, 0xfe, 0xee, 0x90, 0x2, 0x99, 0x0,
    0x0, 0xe1, 0x0, 0x0, 0x9, 0xa2, 0x0, 0x0,
    0xe1, 0x0, 0x0,

    /* U+6309 "按" */
    0x0, 0x0, 0x0, 0x0, 0x20, 0x0, 0x0, 0x0,
    0x69, 0x0, 0x0, 0xc6, 0x0, 0x0, 0x0, 0x69,
    0x7, 0xbb, 0xde, 0xbb, 0x80, 0x2e, 0xef, 0xea,
    0x63, 0x32, 0x25, 0xb0, 0x1, 0x79, 0x1a, 0x57,
    0xa0, 0x4, 0xa0, 0x0, 0x69, 0x0, 0xc, 0x60,
    0x0, 0x0, 0x0, 0x6d, 0x9e, 0xef, 0xfe, 0xee,
    0xe5, 0x4b, 0xfc, 0x20, 0x8a, 0x0, 0xb8, 0x0,
    0x46, 0x79, 0x0, 0xe4, 0x1, 0xf2, 0x0, 0x0,
    0x69, 0x1, 0xae, 0x79, 0xb0, 0x0, 0x0, 0x69,
    0x0, 0x3, 0xef, 0x60, 0x0, 0x0, 0x79, 0x0,
    0x6d, 0xc5, 0xea, 0x10, 0xc, 0xf6, 0x8f, 0xb4,
    0x0, 0x9, 0xc0, 0x3, 0x20, 0x21, 0x0, 0x0,
    0x0, 0x10,

    /* U+63A5 "接" */
    0x0, 0x0, 0x0, 0x0, 0x0, 0x0, 0x0, 0x7,
    0x70, 0x0, 0xd, 0x40, 0x0, 0x0, 0x77, 0xc,
    0xee, 0xff, 0xee, 0x71, 0xbd, 0xda, 0x8, 0x70,
    0xe, 0x0, 0x3, 0x99, 0x30, 0x5a, 0x4, 0xb0,
    0x0, 0x7, 0x73, 0xef, 0xfe, 0xff, 0xee, 0x0,
    0x7b, 0x60, 0x9, 0x10, 0x0, 0x1, 0x6d, 0xe5,
    0x2, 0xf1, 0x0, 0x0, 0x6a, 0xb7, 0x6d, 0xfe,
    0xdd, 0xfe, 0xb0, 0x7, 0x70, 0x1e, 0x20, 0x1e,
    0x10, 0x0, 0x77, 0x1, 0x8d, 0x9c, 0x50, 0x0,
    0x8, 0x70, 0x26, 0xbd, 0xad, 0x71, 0xd, 0xe3,
    0xcc, 0x84, 0x0, 0x19, 0xc0, 0x0, 0x0, 0x0,
    0x0, 0x0, 0x0,

    /* U+6447 "摇" */
    0x0, 0x0, 0x0, 0x0, 0x0, 0x0, 0x0, 0x0,
    0x86, 0x2f, 0xee, 0xdc, 0xba, 0x50, 0x0, 0x86,
    0x5, 0x12, 0x80, 0xb, 0x40, 0x1e, 0xfe, 0xa9,
    0x70, 0xe0, 0x2f, 0x0, 0x2, 0x97, 0x12, 0xb0,
    0x94, 0x98, 0x0, 0x0, 0x86, 0x3, 0x80, 0x0,
    0x50, 0x0, 0x0, 0x8b, 0x6b, 0xee, 0xfe, 0xee,
    0x60, 0x3b, 0xfa, 0x6b, 0x0, 0xe1, 0x0, 0x0,
    0x13, 0x86, 0x9e, 0xee, 0xfe, 0xee, 0xe1, 0x0,
    0x86, 0x6, 0x11, 0xe2, 0x16, 0x10, 0x0, 0x86,
    0xe, 0x10, 0xe1, 0xe, 0x10, 0x4, 0xb6, 0xe,
    0x99, 0xf9, 0x9f, 0x10, 0xc, 0xb1, 0x5, 0x66,
    0x66, 0x6f, 0x10,

    /* U+64AD "播" */
    0x0, 0x0, 0x0, 0x0, 0x0, 0x0, 0x0, 0x0,
    0xe0, 0x6e, 0xdc, 0xf9, 0x96, 0x10, 0x14, 0xf4,
    0x4, 0x80, 0xe0, 0x96, 0x0, 0x6f, 0xff, 0x30,
    0xe0, 0xe1, 0xe0, 0x0, 0x0, 0xe0, 0x7d, 0xed,
    0xfd, 0xed, 0xb0, 0x0, 0xe0, 0x0, 0x7b, 0xeb,
    0x70, 0x0, 0x0, 0xec, 0x48, 0xd1, 0xe1, 0xd9,
    0x10, 0x7e, 0xfb, 0xee, 0x43, 0xa3, 0x3c, 0xe2,
    0x75, 0xe2, 0x6f, 0xaa, 0xfa, 0xbd, 0x30, 0x0,
    0xe0, 0xf, 0x0, 0xe0, 0x2d, 0x0, 0x0, 0xe0,
    0xf, 0xcc, 0xfc, 0xcd, 0x0, 0x0, 0xe0, 0xf,
    0x0, 0xe0, 0x2d, 0x0, 0x1b, 0x90, 0xf, 0xcc,
    0xcc, 0xcd, 0x0,

    /* U+6536 "收" */
    0x0, 0x0, 0x0, 0x0, 0x0, 0x0, 0x0, 0x0,
    0x2, 0xd0, 0xa, 0x70, 0x0, 0x0, 0x7, 0x12,
    0xe0, 0xe, 0x40, 0x0, 0x0, 0xe, 0x22, 0xe0,
    0x4f, 0xff, 0xff, 0xf0, 0xe, 0x22, 0xe0, 0xab,
    0x0, 0x69, 0x0, 0xe, 0x22, 0xe2, 0xfe, 0x0,
    0x96, 0x0, 0xe, 0x22, 0xe8, 0x7c, 0x20, 0xc3,
    0x0, 0xe, 0x22, 0xe0, 0x6, 0x81, 0xe0, 0x0,
    0xe, 0x6a, 0xe0, 0x0, 0xda, 0x80, 0x0, 0x1f,
    0xd9, 0xe0, 0x0, 0x7f, 0x20, 0x0, 0x4, 0x2,
    0xe0, 0x5, 0xea, 0xe2, 0x0, 0x0, 0x2, 0xe1,
    0x9e, 0x30, 0x7f, 0x60, 0x0, 0x2, 0xe8, 0xa1,
    0x0, 0x3, 0xd1, 0x0, 0x0, 0x0, 0x0, 0x0,
    0x0, 0x0,

    /* U+653E "放" */
    0x0, 0x1, 0x0, 0x0, 0x10, 0x0, 0x0, 0x0,
    0x9, 0x60, 0x0, 0xc4, 0x0, 0x0, 0x1, 0x16,
    0xa1, 0x1, 0xf0, 0x0, 0x0, 0xf, 0xff, 0xff,
    0xe7, 0xff, 0xff, 0xe0, 0x0, 0xa4, 0x0, 0x1e,
    0x41, 0x5c, 0x10, 0x0, 0xb5, 0x0, 0x9f, 0x50,
    0x69, 0x0, 0x0, 0xcf, 0xff, 0x96, 0x90, 0xa6,
    0x0, 0x0, 0xd3, 0xe, 0x1, 0xe1, 0xf2, 0x0,
    0x0, 0xe1, 0xe, 0x0, 0x9c, 0xb0, 0x0, 0x1,
    0xe0, 0xe, 0x0, 0x3f, 0x50, 0x0, 0x6, 0xa0,
    0xe, 0x1, 0xcc, 0xd1, 0x0, 0xd, 0x42, 0x7c,
    0x2d, 0x90, 0x9d, 0x20, 0x7c, 0x8, 0xb7, 0xe7,
    0x0, 0x8, 0xe1, 0x1, 0x0, 0x0, 0x30, 0x0,
    0x0, 0x30,

    /* U+6548 "效" */
    0x0, 0x2, 0x0, 0x0, 0x11, 0x0, 0x0, 0x0,
    0xd, 0x30, 0x0, 0xa5, 0x0, 0x0, 0x2, 0x29,
    0xa2, 0x20, 0xe1, 0x0, 0x0, 0x2d, 0xdd, 0xdd,
    0xd5, 0xfe, 0xee, 0xe0, 0x0, 0x53, 0x53, 0xb,
    0x60, 0x2d, 0x0, 0x1, 0xe2, 0x3d, 0x4f, 0x80,
    0x4a, 0x0, 0xa, 0x70, 0x7, 0xb6, 0xc0, 0x87,
    0x0, 0x3b, 0x81, 0x59, 0x90, 0xe2, 0xd3, 0x0,
    0x0, 0x8c, 0xc3, 0x0, 0x7c, 0xd0, 0x0, 0x0,
    0xb, 0xe0, 0x0, 0x1f, 0x70, 0x0, 0x0, 0x2e,
    0xd6, 0x0, 0xad, 0xe1, 0x0, 0x3, 0xe5, 0x1e,
    0x3a, 0xc1, 0x8d, 0x20, 0x4e, 0x50, 0x2, 0xdb,
    0x10, 0x8, 0xe1, 0x13, 0x0, 0x0, 0x40, 0x0,
    0x0, 0x30,

    /* U+6574 "整" */
    0x0, 0x0, 0x0, 0x0, 0x0, 0x0, 0x0, 0xc,
    0xcd, 0xec, 0xc2, 0x6d, 0x99, 0x90, 0x0, 0x5,
    0x90, 0x0, 0xc9, 0x9f, 0x80, 0x6, 0xbc, 0xdb,
    0x88, 0xf0, 0x3b, 0x0, 0x9, 0x35, 0x90, 0xc9,
    0x88, 0xa5, 0x0, 0x6, 0xbf, 0xdb, 0x80, 0xd,
    0xd0, 0x0, 0x1, 0xbb, 0xca, 0x11, 0x9c, 0xca,
    0x10, 0x3d, 0x45, 0x94, 0x4e, 0x80, 0x7, 0xe1,
    0x3, 0xde, 0xfd, 0xde, 0xdd, 0xdc, 0x0, 0x0,
    0x2, 0x0, 0x97, 0x0, 0x0, 0x0, 0x0, 0x1e,
    0x0, 0x9e, 0xcc, 0xc4, 0x0, 0x0, 0x1e, 0x0,
    0x97, 0x0, 0x0, 0x0, 0x2d, 0xdf, 0xdd, 0xfe,
    0xdd, 0xdd, 0xb0,

    /* U+65AD "断" */
    0x0, 0x0, 0x0, 0x0, 0x0, 0x0, 0xd6, 0xc,
    0x24, 0x34, 0x7a, 0xd3, 0xd8, 0x6c, 0x2b, 0x4f,
    0x96, 0x10, 0xd2, 0xbc, 0x5d, 0xe, 0x0, 0x0,
    0xd2, 0x3c, 0x43, 0xe, 0x0, 0x0, 0xd8, 0xcf,
    0xcc, 0x4f, 0xcc, 0xcc, 0xd3, 0x4f, 0x53, 0x1e,
    0x4d, 0x64, 0xd2, 0x9f, 0xe3, 0xe, 0xc, 0x20,
    0xd5, 0xcc, 0x6e, 0x3d, 0xc, 0x20, 0xdc, 0x3c,
    0x25, 0x5b, 0xc, 0x20, 0xd2, 0xc, 0x20, 0x68,
    0xc, 0x20, 0xd2, 0x4, 0x10, 0xb3, 0xc, 0x20,
    0xbe, 0xee, 0xeb, 0xb0, 0xc, 0x20, 0x0, 0x0,
    0x0, 0x0, 0x0, 0x0,

    /* U+65B0 "新" */
    0x0, 0x2, 0x30, 0x0, 0x0, 0x0, 0x0, 0x0,
    0x3, 0xb0, 0x0, 0x0, 0x37, 0x70, 0xa, 0xee,
    0xfe, 0xe3, 0xce, 0xb8, 0x30, 0x0, 0xa4, 0xc,
    0x10, 0xe1, 0x0, 0x0, 0x0, 0x77, 0xe, 0x0,
    0xe1, 0x0, 0x0, 0x1e, 0xee, 0xef, 0xe7, 0xec,
    0xcc, 0xc2, 0x0, 0x3, 0xc0, 0x0, 0xe4, 0x4f,
    0x30, 0x0, 0x3, 0xc0, 0x0, 0xe1, 0x1e, 0x0,
    0xc, 0xee, 0xfe, 0xe2, 0xe0, 0x1e, 0x0, 0x0,
    0x83, 0xc6, 0x20, 0xf0, 0x1e, 0x0, 0x6, 0x93,
    0xc3, 0xc5, 0xb0, 0x1e, 0x0, 0x2d, 0x14, 0xc0,
    0x7c, 0x50, 0x1e, 0x0, 0x2, 0x2d, 0x70, 0x4d,
    0x0, 0x1e, 0x0, 0x0, 0x0, 0x0, 0x0, 0x0,
    0x0, 0x0,

    /* U+65E0 "无" */
    0x1, 0xff, 0xff, 0xff, 0xff, 0xf8, 0x0, 0x0,
    0x0, 0x3e, 0x0, 0x0, 0x0, 0x0, 0x0, 0x3,
    0xe0, 0x0, 0x0, 0x0, 0x0, 0x0, 0x4d, 0x0,
    0x0, 0x0, 0xb, 0xcc, 0xcd, 0xfc, 0xcc, 0xcc,
    0x40, 0x23, 0x33, 0xba, 0x33, 0x33, 0x31, 0x0,
    0x0, 0xe, 0x7c, 0x0, 0x0, 0x0, 0x0, 0x5,
    0xe2, 0xf0, 0x0, 0x0, 0x0, 0x1, 0xe6, 0x2f,
    0x0, 0x0, 0x0, 0x0, 0xca, 0x2, 0xf0, 0x0,
    0x5a, 0x2, 0xdb, 0x0, 0x2f, 0x10, 0x9, 0x94,
    0xf8, 0x0, 0x0, 0xbf, 0xff, 0xe3, 0x3, 0x0,
    0x0, 0x0, 0x0, 0x0, 0x0,

    /* U+65E5 "日" */
    0x2f, 0xff, 0xff, 0xff, 0xf3, 0x2e, 0x0, 0x0,
    0x0, 0xd3, 0x2e, 0x0, 0x0, 0x0, 0xd3, 0x2e,
    0x0, 0x0, 0x0, 0xd3, 0x2e, 0x0, 0x0, 0x0,
    0xd3, 0x2f, 0xee, 0xee, 0xee, 0xf3, 0x2e, 0x22,
    0x22, 0x22, 0xd3, 0x2e, 0x0, 0x0, 0x0, 0xd3,
    0x2e, 0x0, 0x0, 0x0, 0xd3, 0x2e, 0x0, 0x0,
    0x0, 0xd3, 0x2f, 0xff, 0xff, 0xff, 0xf3, 0x2e,
    0x11, 0x11, 0x11, 0xd3,

    /* U+660E "明" */
    0x1, 0x11, 0x1, 0xff, 0xff, 0xec, 0xff, 0xf2,
    0x1e, 0x0, 0x1e, 0xc3, 0xd, 0x21, 0xe0, 0x1,
    0xec, 0x30, 0xd2, 0x1e, 0x11, 0x3e, 0xc3, 0x1d,
    0x21, 0xfd, 0xdd, 0xec, 0xff, 0xf2, 0x1e, 0x0,
    0x1e, 0xc3, 0xd, 0x22, 0xe0, 0x1, 0xec, 0x30,
    0xd2, 0x3f, 0xee, 0xee, 0xc3, 0xd, 0x26, 0xa1,
    0x12, 0xec, 0xff, 0xf2, 0xc4, 0x0, 0x1e, 0x0,
    0x0, 0x8b, 0x0, 0x2, 0xe0, 0x0, 0x8d, 0x10,
    0xc, 0xf8, 0x0, 0x2, 0x10, 0x0, 0x10, 0x0,

    /* U+663E "显" */
    0x0, 0x9f, 0xff, 0xff, 0xff, 0xf5, 0x0, 0x0,
    0x96, 0x0, 0x0, 0x0, 0xb5, 0x0, 0x0, 0x9d,
    0xbb, 0xbb, 0xbb, 0xe5, 0x0, 0x0, 0x98, 0x33,
    0x33, 0x33, 0xc5, 0x0, 0x0, 0x98, 0x33, 0x33,
    0x33, 0xc5, 0x0, 0x0, 0x7c, 0xcc, 0xcc, 0xcc,
    0xc4, 0x0, 0x1, 0x30, 0xd, 0x3, 0xa0, 0x5,
    0x0, 0x2, 0xe1, 0xf, 0x4, 0xc0, 0x3d, 0x0,
    0x0, 0x7b, 0xf, 0x4, 0xc0, 0xc5, 0x0, 0x0,
    0xd, 0x2f, 0x4, 0xc5, 0xb0, 0x0, 0x0, 0x0,
    0xf, 0x4, 0xc0, 0x0, 0x0, 0x4f, 0xff, 0xff,
    0xff, 0xff, 0xff, 0xf0,

    /* U+6674 "晴" */
    0x0, 0x0, 0x0, 0x0, 0x0, 0x0, 0x0, 0x11,
    0x0, 0x0, 0xc4, 0x0, 0x0, 0xee, 0xed, 0x9d,
    0xdf, 0xed, 0xd7, 0xe, 0x12, 0xd0, 0x11, 0xc5,
    0x11, 0x0, 0xe1, 0x2d, 0x3a, 0xae, 0xba, 0x90,
    0xe, 0x12, 0xd8, 0x88, 0xea, 0x88, 0x80, 0xe7,
    0x7d, 0x33, 0x33, 0x33, 0x33, 0xe, 0x88, 0xd5,
    0xfd, 0xdd, 0xec, 0x0, 0xe1, 0x2d, 0x5b, 0x11,
    0x14, 0xc0, 0xe, 0x12, 0xd5, 0xea, 0xaa, 0xbc,
    0x0, 0xe1, 0x2d, 0x5d, 0x77, 0x79, 0xc0, 0xd,
    0xee, 0xc5, 0xc4, 0x44, 0x6c, 0x0, 0x0, 0x0,
    0x5a, 0x0, 0x5c, 0x80, 0x0, 0x0, 0x0, 0x0,
    0x0, 0x0, 0x0,

    /* U+667A "智" */
    0x0, 0x11, 0x0, 0x0, 0x0, 0x0, 0x0, 0x8,
    0x70, 0x0, 0x1, 0x11, 0x10, 0x2, 0xed, 0xfd,
    0xd3, 0xfd, 0xdf, 0x30, 0x84, 0xe, 0x0, 0x2c,
    0x0, 0xb3, 0x1d, 0xdd, 0xfd, 0xd7, 0xc0, 0xb,
    0x30, 0x0, 0x7e, 0x40, 0x2c, 0x0, 0xb3, 0x0,
    0x5e, 0x4c, 0xb3, 0xee, 0xee, 0x31, 0xcc, 0x31,
    0x18, 0x21, 0x11, 0x0, 0x3, 0x6f, 0xcc, 0xcc,
    0xcc, 0xf1, 0x0, 0x6, 0xb0, 0x0, 0x0, 0xf,
    0x10, 0x0, 0x6f, 0xdd, 0xdd, 0xdd, 0xf1, 0x0,
    0x6, 0xb0, 0x0, 0x0, 0xf, 0x10, 0x0, 0x6f,
    0xdd, 0xdd, 0xdd, 0xf1, 0x0,

    /* U+66F4 "更" */
    0xd, 0xff, 0xff, 0xff, 0xff, 0xff, 0x70, 0x0,
    0x0, 0xb, 0x50, 0x0, 0x0, 0x0, 0x22, 0x22,
    0xc6, 0x22, 0x21, 0x0, 0xe, 0xbb, 0xbe, 0xcb,
    0xbd, 0x70, 0x0, 0xe3, 0x0, 0xb5, 0x0, 0x97,
    0x0, 0xe, 0xdd, 0xdf, 0xdd, 0xde, 0x70, 0x0,
    0xe2, 0x0, 0xb5, 0x0, 0x97, 0x0, 0xc, 0xee,
    0xef, 0xee, 0xee, 0x60, 0x0, 0xc, 0x20, 0xe2,
    0x0, 0x0, 0x0, 0x0, 0x3e, 0xac, 0x0, 0x0,
    0x0, 0x0, 0x2, 0xaf, 0xe9, 0x52, 0x0, 0x2,
    0x8c, 0xe8, 0x11, 0x6a, 0xdf, 0xfc, 0x28, 0x30,
    0x0, 0x0, 0x0, 0x1, 0x10,

    /* U+6708 "月" */
    0x0, 0xf, 0xff, 0xff, 0xff, 0xf0, 0x0, 0xf1,
    0x0, 0x0, 0x1f, 0x0, 0xf, 0x10, 0x0, 0x1,
    0xf0, 0x0, 0xf1, 0x0, 0x0, 0x1f, 0x0, 0xf,
    0xff, 0xff, 0xff, 0xf0, 0x0, 0xf1, 0x0, 0x0,
    0x1f, 0x0, 0xf, 0x0, 0x0, 0x1, 0xf0, 0x1,
    0xff, 0xff, 0xff, 0xff, 0x0, 0x4e, 0x0, 0x0,
    0x1, 0xf0, 0x9, 0xa0, 0x0, 0x0, 0x1f, 0x2,
    0xf3, 0x0, 0x0, 0x2, 0xf0, 0xd9, 0x0, 0x0,
    0xc, 0xf9, 0x3, 0x0, 0x0, 0x0, 0x0, 0x0,

    /* U+672A "未" */
    0x0, 0x0, 0x0, 0x0, 0x0, 0x0, 0x0, 0x0,
    0x0, 0x0, 0xb5, 0x0, 0x0, 0x0, 0x0, 0x0,
    0x0, 0xb6, 0x0, 0x0, 0x0, 0x0, 0xff, 0xff,
    0xff, 0xff, 0xfb, 0x0, 0x0, 0x0, 0x0, 0xb5,
    0x0, 0x0, 0x0, 0x0, 0x0, 0x0, 0xb5, 0x0,
    0x0, 0x0, 0xe, 0xff, 0xff, 0xff, 0xff, 0xff,
    0x90, 0x0, 0x0, 0xa, 0xff, 0x40, 0x0, 0x0,
    0x0, 0x0, 0x8c, 0xb7, 0xd4, 0x0, 0x0, 0x0,
    0xa, 0xc1, 0xb5, 0x2e, 0x60, 0x0, 0x3, 0xdb,
    0x0, 0xb5, 0x2, 0xda, 0x10, 0x4f, 0x60, 0x0,
    0xb5, 0x0, 0xa, 0xe0, 0x1, 0x0, 0x0, 0xb5,
    0x0, 0x0, 0x10,

    /* U+672C "本" */
    0x0, 0x0, 0x0, 0x0, 0x0, 0x0, 0x0, 0x0,
    0x0, 0x0, 0xe2, 0x0, 0x0, 0x0, 0x0, 0x0,
    0x0, 0xe3, 0x0, 0x0, 0x0, 0xd, 0xff, 0xff,
    0xff, 0xff, 0xff, 0x20, 0x1, 0x11, 0x2e, 0xff,
    0x41, 0x11, 0x0, 0x0, 0x0, 0x6a, 0xe9, 0xa0,
    0x0, 0x0, 0x0, 0x1, 0xe2, 0xe3, 0xd4, 0x0,
    0x0, 0x0, 0xb, 0x70, 0xe3, 0x4e, 0x10, 0x0,
    0x0, 0xab, 0x0, 0xe3, 0x8, 0xd1, 0x0, 0x9,
    0xd1, 0x11, 0xe4, 0x11, 0xac, 0x10, 0x9c, 0x1b,
    0xff, 0xff, 0xff, 0x9, 0xd0, 0x11, 0x0, 0x0,
    0xe3, 0x0, 0x0, 0x20, 0x0, 0x0, 0x0, 0xe3,
    0x0, 0x0, 0x0,

    /* U+673A "机" */
    0x0, 0x0, 0x0, 0x0, 0x0, 0x0, 0x0, 0x0,
    0x2d, 0x0, 0xaf, 0xff, 0xe0, 0x0, 0x0, 0x2d,
    0x0, 0xa7, 0x2, 0xe0, 0x0, 0x1d, 0xdf, 0xdb,
    0xa7, 0x2, 0xe0, 0x0, 0x2, 0x8e, 0x22, 0xa7,
    0x2, 0xe0, 0x0, 0x0, 0xcd, 0x0, 0xa7, 0x2,
    0xe0, 0x0, 0x2, 0xff, 0xc0, 0xa7, 0x2, 0xe0,
    0x0, 0xb, 0x8d, 0x9a, 0xa6, 0x2, 0xe0, 0x0,
    0x4d, 0x2d, 0x4, 0xb5, 0x2, 0xe0, 0x0, 0x54,
    0x2d, 0x0, 0xe2, 0x2, 0xe0, 0x40, 0x0, 0x2d,
    0x2, 0xd0, 0x2, 0xe0, 0xd2, 0x0, 0x2d, 0xa,
    0x50, 0x1, 0xf1, 0xf1, 0x0, 0x2d, 0x5a, 0x0,
    0x0, 0xcf, 0xc0, 0x0, 0x0, 0x0, 0x0, 0x0,
    0x0, 0x0,

    /* U+6746 "杆" */
    0x0, 0x0, 0x0, 0x0, 0x0, 0x0, 0x0, 0x0,
    0xf, 0x0, 0x12, 0x22, 0x22, 0x10, 0x0, 0xf,
    0x0, 0x5a, 0xaf, 0xaa, 0x60, 0x1e, 0xef, 0xee,
    0x0, 0xf, 0x0, 0x0, 0x2, 0x4f, 0x21, 0x0,
    0xf, 0x0, 0x0, 0x0, 0x9f, 0x0, 0x0, 0xf,
    0x0, 0x0, 0x1, 0xff, 0x60, 0x44, 0x4f, 0x44,
    0x40, 0x8, 0x9f, 0xc7, 0xbb, 0xbf, 0xbb, 0xb2,
    0x2e, 0x2f, 0x1c, 0x0, 0xf, 0x0, 0x0, 0x45,
    0xf, 0x0, 0x0, 0xf, 0x0, 0x0, 0x0, 0xf,
    0x0, 0x0, 0xf, 0x0, 0x0, 0x0, 0xf, 0x0,
    0x0, 0xf, 0x0, 0x0, 0x0, 0xf, 0x0, 0x0,
    0xf, 0x0, 0x0,

    /* U+6A21 "模" */
    0x0, 0x0, 0x0, 0x0, 0x0, 0x0, 0x0, 0x0,
    0x68, 0x0, 0xe, 0x0, 0xe0, 0x0, 0x0, 0x68,
    0xb, 0xbf, 0xbb, 0xfb, 0xb0, 0x16, 0xab, 0x63,
    0x3e, 0x33, 0xf3, 0x30, 0x5, 0xbb, 0x57, 0xce,
    0xcc, 0xec, 0x20, 0x0, 0xe9, 0x8, 0x70, 0x0,
    0xc, 0x20, 0x6, 0xff, 0x78, 0xdb, 0xbb, 0xbf,
    0x20, 0x1e, 0x89, 0xc9, 0xa6, 0x66, 0x6d, 0x20,
    0x89, 0x68, 0x2, 0x55, 0xc8, 0x55, 0x0, 0x21,
    0x68, 0x3d, 0xdd, 0xfe, 0xdd, 0xd1, 0x0, 0x68,
    0x0, 0x4, 0xed, 0x20, 0x0, 0x0, 0x68, 0x1,
    0x8e, 0x45, 0xd6, 0x10, 0x0, 0x68, 0xad, 0x71,
    0x0, 0x29, 0xe5, 0x0, 0x0, 0x0, 0x0, 0x0,
    0x0, 0x0,

    /* U+6B62 "止" */
    0x0, 0x0, 0x0, 0x0, 0x0, 0x0, 0x0, 0x0,
    0x0, 0x0, 0xf, 0x10, 0x0, 0x0, 0x0, 0x0,
    0x0, 0xf, 0x20, 0x0, 0x0, 0x0, 0xc, 0x10,
    0xf, 0x20, 0x0, 0x0, 0x0, 0xf, 0x10, 0xf,
    0x31, 0x11, 0x0, 0x0, 0xf, 0x10, 0xf, 0xff,
    0xff, 0x30, 0x0, 0xf, 0x10, 0xf, 0x20, 0x0,
    0x0, 0x0, 0xf, 0x10, 0xf, 0x20, 0x0, 0x0,
    0x0, 0xf, 0x10, 0xf, 0x20, 0x0, 0x0, 0x0,
    0xf, 0x10, 0xf, 0x20, 0x0, 0x0, 0x0, 0xf,
    0x10, 0xf, 0x20, 0x0, 0x0, 0x2, 0x2f, 0x32,
    0x2f, 0x32, 0x22, 0x20, 0x5d, 0xdd, 0xdd, 0xdd,
    0xdd, 0xdd, 0xd0,

    /* U+6B63 "正" */
    0x0, 0x0, 0x0, 0x0, 0x0, 0x0, 0x0, 0x8,
    0xff, 0xff, 0xff, 0xff, 0xff, 0x70, 0x0, 0x0,
    0x0, 0x4d, 0x0, 0x0, 0x0, 0x0, 0x1, 0x0,
    0x4d, 0x0, 0x0, 0x0, 0x0, 0x1f, 0x0, 0x4d,
    0x0, 0x0, 0x0, 0x0, 0x1f, 0x0, 0x4f, 0xff,
    0xfe, 0x0, 0x0, 0x1f, 0x0, 0x4e, 0x22, 0x21,
    0x0, 0x0, 0x1f, 0x0, 0x4d, 0x0, 0x0, 0x0,
    0x0, 0x1f, 0x0, 0x4d, 0x0, 0x0, 0x0, 0x0,
    0x1f, 0x0, 0x4d, 0x0, 0x0, 0x0, 0x13, 0x4f,
    0x33, 0x6e, 0x33, 0x33, 0x30, 0x3c, 0xcc, 0xcc,
    0xcc, 0xcc, 0xcc, 0xc0,

    /* U+6B8B "残" */
    0x0, 0x0, 0x0, 0x0, 0x0, 0x0, 0x0, 0xe,
    0xff, 0xff, 0x6b, 0x44, 0x91, 0x0, 0x0, 0x6a,
    0x0, 0xa, 0x50, 0x32, 0x0, 0x0, 0x97, 0x0,
    0x3b, 0xcb, 0xef, 0x30, 0x0, 0xd8, 0x42, 0xff,
    0xea, 0x85, 0x0, 0x3, 0xfb, 0xcb, 0x16, 0x80,
    0x0, 0x0, 0x9, 0xa0, 0x79, 0x5a, 0xeb, 0xde,
    0x50, 0x1e, 0xd5, 0xb5, 0x87, 0xe2, 0x5, 0x0,
    0x47, 0x16, 0xe0, 0x0, 0xe2, 0xaa, 0x0, 0x0,
    0xa, 0x70, 0x0, 0xce, 0x60, 0x0, 0x0, 0x6d,
    0x2, 0x7d, 0xcc, 0x0, 0xd0, 0x5, 0xe2, 0x4d,
    0x81, 0xd, 0x76, 0xb0, 0xd, 0x30, 0x0, 0x0,
    0x2, 0xdd, 0x20, 0x0, 0x0, 0x0, 0x0, 0x0,
    0x0, 0x0,

    /* U+6C14 "气" */
    0x0, 0x2, 0x30, 0x0, 0x0, 0x0, 0x0, 0x0,
    0xc, 0x80, 0x0, 0x0, 0x0, 0x0, 0x0, 0x5f,
    0xff, 0xff, 0xff, 0xff, 0x60, 0x2, 0xe6, 0x0,
    0x0, 0x0, 0x0, 0x0, 0xd, 0xce, 0xee, 0xee,
    0xee, 0xe7, 0x0, 0x4e, 0x11, 0x11, 0x11, 0x11,
    0x10, 0x0, 0x2, 0x33, 0x33, 0x33, 0x33, 0x10,
    0x0, 0x4, 0xcc, 0xcc, 0xcc, 0xce, 0x80, 0x0,
    0x0, 0x0, 0x0, 0x0, 0x8, 0x80, 0x0, 0x0,
    0x0, 0x0, 0x0, 0x8, 0x90, 0x0, 0x0, 0x0,
    0x0, 0x0, 0x6, 0xa0, 0xb0, 0x0, 0x0, 0x0,
    0x0, 0x3, 0xe7, 0xd0, 0x0, 0x0, 0x0, 0x0,
    0x0, 0x9e, 0x40,

    /* U+6D41 "流" */
    0x0, 0x0, 0x0, 0x7, 0x10, 0x0, 0x0, 0xb,
    0x30, 0x0, 0xb, 0x60, 0x0, 0x0, 0x4, 0xe5,
    0xcd, 0xde, 0xed, 0xdd, 0x40, 0x0, 0x32, 0x11,
    0xd6, 0x12, 0x21, 0x0, 0x43, 0x0, 0x7, 0xd0,
    0x8, 0xa0, 0x0, 0x6f, 0x50, 0x6f, 0x31, 0x13,
    0xf7, 0x0, 0x4, 0xe0, 0x99, 0xbb, 0xcb, 0xbf,
    0x0, 0x0, 0x10, 0x18, 0x7, 0x23, 0x71, 0x0,
    0x0, 0xe0, 0x2c, 0xb, 0x44, 0xa0, 0x0, 0x3,
    0xd0, 0x4b, 0xb, 0x44, 0xa0, 0x0, 0x8, 0x80,
    0x78, 0xb, 0x44, 0xa0, 0x80, 0xe, 0x30, 0xd3,
    0xb, 0x44, 0xa0, 0xd0, 0x4d, 0xb, 0x90, 0xb,
    0x42, 0xff, 0x90, 0x1, 0x4, 0x0, 0x0, 0x0,
    0x0, 0x0,

    /* U+6E38 "游" */
    0x0, 0x0, 0x2, 0x0, 0x2, 0x0, 0x0, 0x8,
    0x10, 0xc, 0x20, 0xe, 0x20, 0x0, 0x7, 0xe3,
    0x9, 0x70, 0x4f, 0x88, 0x80, 0x0, 0x56, 0xff,
    0xee, 0xc9, 0x77, 0x70, 0x27, 0x0, 0x87, 0x5,
    0xe2, 0x22, 0x10, 0x2d, 0x90, 0x87, 0x3, 0x8e,
    0xef, 0x60, 0x1, 0xc1, 0x9f, 0xfa, 0x0, 0x5c,
    0x10, 0x0, 0x0, 0xa5, 0x59, 0x1, 0xe1, 0x0,
    0x0, 0xd0, 0xb4, 0x5a, 0xee, 0xfe, 0xe2, 0x4,
    0xc0, 0xe1, 0x68, 0x2, 0xe0, 0x0, 0x8, 0x72,
    0xd0, 0x68, 0x1, 0xe0, 0x0, 0xe, 0x29, 0x81,
    0x97, 0x2, 0xe0, 0x0, 0x3d, 0x2e, 0x1b, 0xc2,
    0x5f, 0xa0, 0x0, 0x1, 0x1, 0x0, 0x0, 0x0,
    0x0, 0x0,

    /* U+6E7F "湿" */
    0x1, 0x0, 0x0, 0x0, 0x0, 0x0, 0x0, 0x7,
    0xd2, 0x2f, 0xff, 0xff, 0xff, 0x0, 0x0, 0x9e,
    0x3d, 0x0, 0x0, 0xe, 0x0, 0x0, 0xa, 0x2e,
    0x33, 0x33, 0x3e, 0x0, 0x3, 0x0, 0x2f, 0xbb,
    0xbb, 0xbf, 0x0, 0x2e, 0x70, 0x2d, 0x11, 0x11,
    0x1e, 0x0, 0x2, 0xd7, 0x1d, 0xdd, 0xdd, 0xdd,
    0x0, 0x0, 0x11, 0x10, 0x19, 0xa, 0x10, 0x10,
    0x0, 0x64, 0xa6, 0x2d, 0xd, 0x16, 0xa0, 0x0,
    0xb4, 0x2d, 0x2d, 0xd, 0x1d, 0x20, 0x0, 0xf0,
    0xa, 0x7d, 0xd, 0x7a, 0x0, 0x5, 0xb0, 0x1,
    0x2d, 0xd, 0x10, 0x0, 0xb, 0x64, 0xee, 0xef,
    0xef, 0xee, 0xe2, 0x3, 0x0, 0x0, 0x0, 0x0,
    0x0, 0x0,

    /* U+6EAA "溪" */
    0x2, 0x10, 0x0, 0x12, 0x34, 0x57, 0x50, 0x5,
    0xe3, 0x9d, 0xcb, 0xa9, 0x78, 0x20, 0x0, 0x4e,
    0x38, 0x2, 0xa0, 0xd, 0x10, 0x0, 0x2, 0xd,
    0x30, 0xc2, 0x69, 0x0, 0xb, 0x10, 0x3, 0x3c,
    0x50, 0x61, 0x0, 0x7, 0xd1, 0x3, 0xd5, 0x5,
    0xd1, 0x0, 0x0, 0x79, 0x4c, 0xbc, 0xfa, 0x40,
    0x0, 0x0, 0x0, 0x1, 0x9c, 0x40, 0x9a, 0x0,
    0x0, 0x64, 0x6e, 0xdb, 0xba, 0x9b, 0x70, 0x0,
    0xb3, 0x11, 0x14, 0xc1, 0x11, 0x20, 0x0, 0xe1,
    0xbb, 0xbe, 0xfc, 0xbb, 0xa0, 0x5, 0xa0, 0x0,
    0x4e, 0x6c, 0x30, 0x0, 0xb, 0x43, 0x8c, 0xc2,
    0x3, 0xcc, 0x71, 0x5, 0x5, 0x72, 0x0, 0x0,
    0x3, 0x70,

    /* U+72B6 "状" */
    0x0, 0x0, 0x0, 0x0, 0x0, 0x0, 0x0, 0x0,
    0x2, 0xd0, 0x0, 0xd3, 0x50, 0x0, 0x2, 0x2,
    0xe0, 0x0, 0xd3, 0xb8, 0x0, 0xa, 0x62, 0xe0,
    0x0, 0xd3, 0xd, 0x30, 0x3, 0xd2, 0xe2, 0x33,
    0xe6, 0x35, 0x30, 0x0, 0xc7, 0xe7, 0xcc, 0xfc,
    0xcc, 0xa0, 0x0, 0x57, 0xe0, 0x0, 0xf5, 0x0,
    0x0, 0x0, 0x8, 0xe0, 0x1, 0xf9, 0x0, 0x0,
    0x1, 0xbd, 0xe0, 0x6, 0xbe, 0x10, 0x0, 0x3e,
    0x82, 0xe0, 0xd, 0x49, 0xa0, 0x0, 0x3, 0x2,
    0xe0, 0x8b, 0x0, 0xe7, 0x0, 0x0, 0x2, 0xe6,
    0xe1, 0x0, 0x2f, 0x70, 0x0, 0x2, 0xeb, 0x20,
    0x0, 0x3, 0xb0, 0x0, 0x0, 0x0, 0x0, 0x0,
    0x0, 0x0,

    /* U+7535 "电" */
    0x0, 0x0, 0x0, 0x0, 0x0, 0x0, 0x0, 0x0,
    0xf, 0x10, 0x0, 0x0, 0x1, 0x11, 0x1f, 0x21,
    0x11, 0x0, 0x2f, 0xee, 0xef, 0xee, 0xef, 0x20,
    0x2e, 0x0, 0xf, 0x10, 0xe, 0x20, 0x2e, 0x0,
    0xf, 0x10, 0xe, 0x20, 0x2f, 0xff, 0xff, 0xff,
    0xff, 0x20, 0x2e, 0x0, 0xf, 0x10, 0xe, 0x20,
    0x2e, 0x0, 0xf, 0x10, 0xe, 0x20, 0x2f, 0xff,
    0xff, 0xff, 0xff, 0x30, 0x0, 0x0, 0xf, 0x10,
    0x0, 0x2e, 0x0, 0x0, 0xf, 0x40, 0x0, 0x7c,
    0x0, 0x0, 0x8, 0xff, 0xff, 0xe5, 0x0, 0x0,
    0x0, 0x0, 0x0, 0x0,

    /* U+753B "画" */
    0x3f, 0xff, 0xff, 0xff, 0xff, 0xff, 0xf0, 0x0,
    0x0, 0x0, 0x0, 0x0, 0x0, 0x0, 0x3, 0x60,
    0x0, 0x0, 0x0, 0x8, 0x10, 0x6, 0xa1, 0xfe,
    0xff, 0xee, 0xd, 0x30, 0x6, 0xa1, 0xe0, 0x86,
    0x1e, 0xd, 0x30, 0x6, 0xa1, 0xfa, 0xdc, 0xae,
    0xd, 0x30, 0x6, 0xa1, 0xf3, 0xa8, 0x4e, 0xd,
    0x30, 0x6, 0xa1, 0xe0, 0x86, 0x1e, 0xd, 0x30,
    0x6, 0xa1, 0xfe, 0xfe, 0xee, 0xd, 0x30, 0x6,
    0xa0, 0x0, 0x0, 0x0, 0xd, 0x30, 0x6, 0xb3,
    0x33, 0x33, 0x33, 0x3d, 0x30, 0x4, 0xcc, 0xcc,
    0xcc, 0xcc, 0xcf, 0x30,

    /* U+7801 "码" */
    0x0, 0x0, 0x0, 0xcf, 0xff, 0xf5, 0x0, 0xff,
    0xff, 0xc0, 0x0, 0xc, 0x30, 0x0, 0x4c, 0x0,
    0x8, 0x0, 0xe2, 0x0, 0x9, 0x60, 0x2, 0xd0,
    0xf, 0x0, 0x0, 0xf2, 0x10, 0x3c, 0x0, 0xf0,
    0x0, 0x8f, 0xef, 0x75, 0xb1, 0x3e, 0x10, 0x2e,
    0xe0, 0x77, 0x5e, 0xee, 0xef, 0x36, 0x5e, 0x7,
    0x70, 0x0, 0x0, 0xd3, 0x0, 0xe0, 0x78, 0xaa,
    0xaa, 0x5e, 0x20, 0xe, 0x7, 0x84, 0x44, 0x42,
    0xf1, 0x0, 0xfc, 0xd7, 0x0, 0x0, 0x1f, 0x0,
    0x3, 0x33, 0x10, 0x0, 0xef, 0xa0, 0x0, 0x0,
    0x0, 0x0, 0x1, 0x0, 0x0,

    /* U+793A "示" */
    0x0, 0xbf, 0xff, 0xff, 0xff, 0xf8, 0x0, 0x0,
    0x0, 0x0, 0x0, 0x0, 0x0, 0x0, 0x0, 0x0,
    0x0, 0x0, 0x0, 0x0, 0x0, 0x0, 0x0, 0x0,
    0x0, 0x0, 0x0, 0x0, 0x1e, 0xee, 0xee, 0xee,
    0xee, 0xee, 0xc0, 0x2, 0x22, 0x22, 0x9a, 0x22,
    0x22, 0x20, 0x0, 0x6, 0x50, 0x89, 0x5, 0x40,
    0x0, 0x0, 0x2e, 0x30, 0x89, 0x4, 0xe2, 0x0,
    0x0, 0xc8, 0x0, 0x89, 0x0, 0x7d, 0x0, 0xa,
    0xb0, 0x0, 0x89, 0x0, 0xb, 0x90, 0x3d, 0x10,
    0x1, 0xb9, 0x0, 0x1, 0xa0, 0x0, 0x0, 0x8f,
    0xd3, 0x0, 0x0, 0x0, 0x0, 0x0, 0x0, 0x0,
    0x0, 0x0, 0x0,

    /* U+7A7A "空" */
    0x0, 0x0, 0x0, 0x71, 0x0, 0x0, 0x0, 0x0,
    0x0, 0xa, 0x70, 0x0, 0x0, 0x7, 0xee, 0xee,
    0xff, 0xee, 0xee, 0x30, 0x89, 0x0, 0x0, 0x0,
    0x0, 0xd3, 0x6, 0x70, 0x39, 0x1, 0xc4, 0xb,
    0x30, 0x0, 0x8f, 0x60, 0x5, 0xea, 0x10, 0x5,
    0xdc, 0x20, 0x0, 0x0, 0x8e, 0x40, 0xa6, 0x0,
    0x0, 0x0, 0x0, 0x45, 0x0, 0x7f, 0xff, 0xff,
    0xff, 0xf3, 0x0, 0x0, 0x0, 0xb, 0x60, 0x0,
    0x0, 0x0, 0x0, 0x0, 0xb6, 0x0, 0x0, 0x0,
    0x0, 0x0, 0xb, 0x60, 0x0, 0x0, 0xe, 0xff,
    0xff, 0xff, 0xff, 0xff, 0xa0,

    /* U+7AEF "端" */
    0x0, 0x0, 0x0, 0x0, 0x0, 0x0, 0x0, 0xb,
    0x30, 0x84, 0xd, 0x0, 0xe0, 0x4, 0x9a, 0x48,
    0x40, 0xe1, 0xe, 0x1, 0xbb, 0xba, 0x8c, 0xbf,
    0xbb, 0xf0, 0x1, 0x1, 0x21, 0x22, 0x22, 0x22,
    0x0, 0xd1, 0x59, 0x33, 0x33, 0x33, 0x32, 0xa,
    0x47, 0x7a, 0xaa, 0xfa, 0xaa, 0x90, 0x76, 0xa5,
    0x0, 0x5b, 0x0, 0x0, 0x4, 0x9c, 0x2b, 0xdf,
    0xdf, 0xdf, 0x40, 0x1c, 0xe0, 0xb1, 0xd0, 0xd0,
    0xa4, 0x0, 0x4c, 0x5b, 0x1d, 0xd, 0xa, 0x44,
    0xae, 0xea, 0xb1, 0xd0, 0xd0, 0xa4, 0x25, 0x20,
    0xb, 0x1b, 0x8, 0x4b, 0x10, 0x0, 0x0, 0x0,
    0x0, 0x0, 0x0,

    /* U+7B49 "等" */
    0x0, 0x3, 0x10, 0x0, 0x31, 0x0, 0x0, 0x0,
    0x2f, 0x10, 0x1, 0xe2, 0x0, 0x0, 0x0, 0xbe,
    0xfd, 0xd9, 0xef, 0xed, 0xc0, 0x8, 0xc0, 0xe2,
    0x2d, 0x3, 0xd0, 0x0, 0x9, 0x10, 0x52, 0x96,
    0x0, 0x60, 0x0, 0x0, 0xcd, 0xdd, 0xfe, 0xdd,
    0xda, 0x0, 0x0, 0x0, 0x0, 0xa7, 0x0, 0x0,
    0x0, 0x3e, 0xee, 0xee, 0xee, 0xef, 0xee, 0xe0,
    0x0, 0x0, 0x0, 0x0, 0xf, 0x20, 0x0, 0x8,
    0xef, 0xee, 0xee, 0xef, 0xee, 0x50, 0x0, 0x9,
    0xa1, 0x0, 0xf, 0x20, 0x0, 0x0, 0x0, 0x8e,
    0x0, 0xf, 0x20, 0x0, 0x0, 0x0, 0x3, 0x1a,
    0xde, 0x0, 0x0, 0x0, 0x0, 0x0, 0x6, 0x40,
    0x0, 0x0,

    /* U+7EDC "络" */
    0x0, 0x0, 0x0, 0x1, 0x10, 0x0, 0x0, 0x0,
    0x3d, 0x0, 0xc, 0x60, 0x0, 0x0, 0x0, 0xa6,
    0x11, 0x4f, 0xff, 0xff, 0x10, 0x3, 0xd0, 0x98,
    0xd9, 0x0, 0x5c, 0x0, 0x1d, 0x74, 0xdb, 0x9d,
    0x54, 0xe2, 0x0, 0x3d, 0xbf, 0x44, 0x2, 0xef,
    0x40, 0x0, 0x0, 0x69, 0x0, 0x5c, 0xb9, 0xc6,
    0x10, 0x3, 0xe4, 0x5d, 0x93, 0x0, 0x28, 0xd3,
    0xe, 0xeb, 0x80, 0xce, 0xee, 0xec, 0x0, 0x1,
    0x0, 0x0, 0xe1, 0x0, 0x2d, 0x0, 0x0, 0x3,
    0x63, 0xe1, 0x0, 0x2d, 0x0, 0x6c, 0xfe, 0xb3,
    0xe4, 0x33, 0x5d, 0x0, 0x34, 0x10, 0x0, 0xeb,
    0xaa, 0xbd, 0x0,

    /* U+7F13 "缓" */
    0x0, 0x28, 0x0, 0x12, 0x34, 0x68, 0x50, 0x0,
    0x96, 0xd, 0xdc, 0xd9, 0x7a, 0x20, 0x0, 0xe0,
    0x34, 0x80, 0xc1, 0x1d, 0x0, 0x8, 0x81, 0xd0,
    0xd0, 0x76, 0x77, 0x0, 0x2f, 0x9b, 0x6c, 0xed,
    0xed, 0xfd, 0x80, 0x18, 0x8e, 0x0, 0x3b, 0x0,
    0x0, 0x0, 0x0, 0xa5, 0x4c, 0xde, 0xcc, 0xcc,
    0xc0, 0x5, 0xc2, 0x41, 0xb5, 0x11, 0x11, 0x10,
    0xf, 0xfd, 0x90, 0xfd, 0xdd, 0xdb, 0x0, 0x1,
    0x0, 0x6, 0x9c, 0x10, 0x97, 0x0, 0x14, 0x7b,
    0xce, 0x13, 0xd9, 0xa0, 0x0, 0x6c, 0x85, 0xc7,
    0x6, 0xde, 0x92, 0x0, 0x0, 0x4, 0xa9, 0xe9,
    0x20, 0x6c, 0xe1, 0x0, 0x0, 0x2, 0x0, 0x0,
    0x0, 0x10,

    /* U+7F3A "缺" */
    0x0, 0x0, 0x0, 0x0, 0x0, 0x0, 0x0, 0x1,
    0xe0, 0x0, 0x1, 0xf0, 0x0, 0x0, 0x6, 0xc7,
    0x76, 0x1, 0xf0, 0x0, 0x0, 0xd, 0x8e, 0x76,
    0x7f, 0xff, 0xfe, 0x0, 0x59, 0x1d, 0x0, 0x1,
    0xe0, 0x1e, 0x0, 0x13, 0x4d, 0x33, 0x1, 0xe0,
    0x1e, 0x0, 0x7b, 0xcf, 0xbb, 0x21, 0xe0, 0x1e,
    0x0, 0x6, 0x1d, 0x24, 0xde, 0xfe, 0xef, 0xe0,
    0xe, 0x1d, 0x59, 0x4, 0xf8, 0x0, 0x0, 0xe,
    0x1d, 0x59, 0x8, 0xae, 0x10, 0x0, 0xe, 0x1d,
    0x59, 0x1e, 0x27, 0xc1, 0x0, 0xe, 0xdf, 0xfa,
    0xc8, 0x0, 0x9d, 0x30, 0x2, 0x21, 0xb, 0x90,
    0x0, 0x6, 0xe1, 0x0, 0x0, 0x1, 0x0, 0x0,
    0x0, 0x0,

    /* U+7F51 "网" */
    0x3f, 0xff, 0xff, 0xff, 0xff, 0xf2, 0x3b, 0x0,
    0x1, 0x0, 0x0, 0xd2, 0x3b, 0x54, 0xe, 0x20,
    0x49, 0xd2, 0x3b, 0x2c, 0x4a, 0xc3, 0xa4, 0xd2,
    0x3b, 0xa, 0xe4, 0x3c, 0xe0, 0xd2, 0x3b, 0x3,
    0xf0, 0xb, 0x90, 0xd2, 0x3b, 0x7, 0xf4, 0xd,
    0xc0, 0xd2, 0x3b, 0xe, 0x6a, 0x5a, 0xc4, 0xd2,
    0x3b, 0x79, 0xb, 0xd2, 0x5a, 0xd2, 0x3c, 0xd1,
    0x7, 0x80, 0xa, 0xd2, 0x3b, 0x10, 0x2, 0x10,
    0x2, 0xf1, 0x3b, 0x0, 0x0, 0x0, 0xef, 0x90,
    0x0, 0x0, 0x0, 0x0, 0x0, 0x0,

    /* U+8111 "脑" */
    0x0, 0x0, 0x0, 0x0, 0xc0, 0x0, 0x0, 0xbf,
    0xf3, 0x0, 0xd, 0x30, 0x0, 0xb, 0x1a, 0x3a,
    0xbb, 0xed, 0xbb, 0xa0, 0xb1, 0xa3, 0x34, 0x44,
    0x45, 0x43, 0xb, 0x1a, 0x33, 0x5a, 0x3, 0xc5,
    0x0, 0xbf, 0xf3, 0x95, 0xb4, 0x94, 0xd1, 0xb,
    0x1a, 0x39, 0x51, 0xdd, 0xd, 0x10, 0xc1, 0xa3,
    0x95, 0xb, 0x90, 0xd1, 0xc, 0xff, 0x39, 0x53,
    0xcd, 0x1d, 0x10, 0xe0, 0xa3, 0x96, 0xc3, 0x68,
    0xd1, 0x1d, 0xa, 0x39, 0xb9, 0x0, 0xdd, 0x16,
    0x90, 0xa3, 0x96, 0x11, 0x12, 0xd1, 0xc2, 0x5b,
    0x7, 0xdd, 0xdd, 0xdf, 0x10, 0x0, 0x0, 0x0,
    0x0, 0x0, 0x0,

    /* U+826F "良" */
    0x0, 0x0, 0x14, 0x0, 0x0, 0x0, 0x0, 0x0,
    0x2f, 0x0, 0x0, 0x0, 0xd, 0xff, 0xff, 0xff,
    0xfe, 0x0, 0xe, 0x20, 0x0, 0x0, 0x1f, 0x0,
    0xe, 0x42, 0x22, 0x22, 0x3f, 0x0, 0xe, 0xcc,
    0xcc, 0xcc, 0xcf, 0x0, 0xe, 0x20, 0x0, 0x0,
    0x1f, 0x0, 0xe, 0xff, 0xff, 0xff, 0xff, 0x0,
    0xe, 0x20, 0xd5, 0x0, 0x1a, 0x90, 0xe, 0x20,
    0x3e, 0x48, 0xe8, 0x0, 0xe, 0x20, 0x5, 0xfd,
    0x10, 0x0, 0xe, 0x58, 0xd8, 0x2b, 0xe9, 0x41,
    0x4f, 0xc7, 0x30, 0x0, 0x28, 0xcc, 0x1, 0x0,
    0x0, 0x0, 0x0, 0x0,

    /* U+884C "行" */
    0x0, 0x0, 0x70, 0x0, 0x0, 0x0, 0x0, 0x0,
    0xa, 0xb0, 0xff, 0xff, 0xff, 0x60, 0x0, 0x7e,
    0x10, 0x0, 0x0, 0x0, 0x0, 0x7, 0xf3, 0x0,
    0x0, 0x0, 0x0, 0x0, 0xb, 0x40, 0x70, 0x0,
    0x0, 0x0, 0x0, 0x0, 0x8, 0xc2, 0x22, 0x22,
    0x22, 0x20, 0x0, 0x5f, 0x3a, 0xdd, 0xde, 0xfd,
    0xd1, 0x4, 0xfe, 0x0, 0x0, 0x6, 0xc0, 0x0,
    0x3e, 0x7e, 0x0, 0x0, 0x6, 0xc0, 0x0, 0x2,
    0x2e, 0x0, 0x0, 0x6, 0xc0, 0x0, 0x0, 0x2e,
    0x0, 0x0, 0x6, 0xc0, 0x0, 0x0, 0x2e, 0x0,
    0x0, 0x18, 0xb0, 0x0, 0x0, 0x2e, 0x0, 0x5,
    0xfc, 0x40, 0x0,

    /* U+89E3 "解" */
    0x0, 0xb, 0x30, 0x0, 0x0, 0x0, 0x0, 0x0,
    0x4f, 0x0, 0x8, 0xdf, 0xde, 0xb0, 0x0, 0xde,
    0xdf, 0x60, 0x4b, 0x4, 0xa0, 0xa, 0xa0, 0x4c,
    0x0, 0xa6, 0x6, 0x90, 0x3e, 0xee, 0xfe, 0xc7,
    0xc0, 0x8e, 0x40, 0x3, 0xa2, 0xc0, 0xe6, 0x50,
    0xb0, 0x0, 0x3, 0xd8, 0xe7, 0xe0, 0xe0, 0xe0,
    0x0, 0x3, 0xd9, 0xe8, 0xe3, 0xfe, 0xfe, 0xe0,
    0x3, 0xa2, 0xc0, 0xe8, 0x50, 0xe0, 0x0, 0x4,
    0xec, 0xfc, 0xe7, 0x10, 0xe0, 0x0, 0x7, 0x95,
    0xd3, 0xeb, 0xee, 0xfe, 0xe6, 0xb, 0x42, 0xc0,
    0xd0, 0x0, 0xe0, 0x0, 0x1c, 0x0, 0x59, 0x70,
    0x0, 0xe0, 0x0,

    /* U+8BDD "话" */
    0x7, 0x60, 0x0, 0x12, 0x35, 0x79, 0x10, 0x2f,
    0x43, 0xff, 0xdf, 0xb9, 0x71, 0x0, 0x5b, 0x0,
    0x0, 0xf1, 0x0, 0x0, 0x0, 0x2, 0x33, 0x4f,
    0x43, 0x33, 0x8d, 0xd1, 0x8c, 0xcc, 0xfd, 0xcc,
    0xb1, 0x3e, 0x20, 0x0, 0xf, 0x10, 0x0, 0x0,
    0xe2, 0x0, 0x0, 0xf1, 0x0, 0x0, 0xe, 0x20,
    0x9f, 0xff, 0xff, 0xb0, 0x0, 0xe2, 0xa, 0x71,
    0x11, 0x6b, 0x0, 0xe, 0x5d, 0xa7, 0x0, 0x5,
    0xb0, 0x0, 0xee, 0x4a, 0x82, 0x22, 0x6b, 0x0,
    0x1b, 0x10, 0xae, 0xee, 0xee, 0xb0,

    /* U+8BF4 "说" */
    0x5, 0x30, 0x5, 0x70, 0x0, 0xb1, 0x0, 0x4,
    0xe1, 0x1, 0xe3, 0x6, 0xb0, 0x0, 0x0, 0x99,
    0x2, 0x87, 0x3f, 0x51, 0x0, 0x0, 0x1, 0x1f,
    0xdd, 0xdd, 0xdb, 0x0, 0x59, 0x90, 0x1e, 0x0,
    0x0, 0x3b, 0x0, 0x24, 0xf1, 0x1e, 0x0, 0x0,
    0x3b, 0x0, 0x0, 0xe1, 0x1f, 0xee, 0xee, 0xfb,
    0x0, 0x0, 0xe1, 0x0, 0xa6, 0x2e, 0x0, 0x0,
    0x0, 0xe1, 0x40, 0xb3, 0x1e, 0x0, 0x0, 0x0,
    0xeb, 0xb1, 0xe0, 0x1e, 0x0, 0xc0, 0x1, 0xfa,
    0x1c, 0x80, 0x1f, 0x1, 0xe0, 0x0, 0x60, 0xda,
    0x0, 0xc, 0xff, 0x80, 0x0, 0x0, 0x30, 0x0,
    0x0, 0x0, 0x0,

    /* U+8D25 "败" */
    0x0, 0x0, 0x0, 0x0, 0xd2, 0x0, 0x0, 0xd,
    0xff, 0xfe, 0x3, 0xf0, 0x0, 0x0, 0xd, 0x10,
    0x1e, 0x8, 0xb0, 0x0, 0x0, 0xd, 0x16, 0x1e,
    0xd, 0xff, 0xff, 0xf0, 0xd, 0x1e, 0x1e, 0x5f,
    0x30, 0x4b, 0x0, 0xd, 0x1e, 0x1e, 0xed, 0x60,
    0x68, 0x0, 0xd, 0x1e, 0x1e, 0x43, 0x90, 0xa4,
    0x0, 0xd, 0x2e, 0x1e, 0x0, 0xc1, 0xd0, 0x0,
    0xb, 0x3d, 0xa, 0x0, 0x5c, 0x50, 0x0, 0x0,
    0x7b, 0x70, 0x0, 0x9f, 0x90, 0x0, 0x4, 0xe2,
    0xb9, 0x9, 0xb1, 0xd8, 0x0, 0x7d, 0x20, 0x9,
    0xca, 0x0, 0x1c, 0xb0, 0x41, 0x0, 0x3, 0x70,
    0x0, 0x0, 0x60,

    /* U+8DB3 "足" */
    0x0, 0xcf, 0xff, 0xff, 0xff, 0xf2, 0x0, 0xc,
    0x50, 0x0, 0x0, 0xe, 0x20, 0x0, 0xc5, 0x0,
    0x0, 0x0, 0xe2, 0x0, 0xc, 0x50, 0x0, 0x0,
    0xe, 0x20, 0x0, 0xcf, 0xff, 0xff, 0xff, 0xf2,
    0x0, 0x1, 0x11, 0x1d, 0x31, 0x11, 0x0, 0x0,
    0x69, 0x0, 0xd2, 0x0, 0x0, 0x0, 0x8, 0x70,
    0xd, 0xff, 0xff, 0xd0, 0x0, 0xc9, 0x0, 0xd3,
    0x11, 0x10, 0x0, 0x3e, 0xe2, 0xd, 0x20, 0x0,
    0x0, 0xb, 0x65, 0xe6, 0xe2, 0x0, 0x0, 0x7,
    0xc0, 0x3, 0xae, 0xff, 0xff, 0xfb, 0x21, 0x0,
    0x0, 0x0, 0x0, 0x0, 0x0,

    /* U+8F7B "轻" */
    0x0, 0x2b, 0x0, 0x0, 0x0, 0x0, 0x0, 0x0,
    0x5a, 0x0, 0xaf, 0xff, 0xff, 0x0, 0x3, 0x99,
    0x33, 0x0, 0x0, 0xcc, 0x0, 0x2c, 0xfe, 0xdc,
    0x0, 0x9, 0xd1, 0x0, 0x1, 0xea, 0x50, 0x0,
    0xaf, 0xb1, 0x0, 0x7, 0x9a, 0x50, 0x3d, 0xd3,
    0x9e, 0x50, 0xd, 0x9c, 0xa5, 0xe9, 0x0, 0x3,
    0xe3, 0x9, 0xad, 0xc7, 0x10, 0x0, 0x0, 0x10,
    0x0, 0xa, 0x50, 0xaf, 0xff, 0xff, 0x50, 0x0,
    0x1b, 0x98, 0x0, 0x2e, 0x0, 0x0, 0x6f, 0xff,
    0xc8, 0x0, 0x2e, 0x0, 0x0, 0x12, 0xa, 0x50,
    0x0, 0x2e, 0x0, 0x0, 0x0, 0xa, 0x57, 0xff,
    0xff, 0xff, 0xf2,

    /* U+8F83 "较" */
    0x0, 0x4b, 0x0, 0x0, 0x95, 0x0, 0x0, 0x2,
    0x89, 0x21, 0x22, 0x8b, 0x22, 0x10, 0x2d, 0xfe,
    0xda, 0xce, 0xee, 0xfe, 0xa0, 0x1, 0xe9, 0x60,
    0xa, 0x53, 0xe1, 0x0, 0x5, 0xa9, 0x60, 0x3c,
    0x0, 0x7b, 0x0, 0xb, 0x59, 0x60, 0xd5, 0x0,
    0xc, 0x50, 0xc, 0xff, 0xfd, 0xbe, 0x0, 0xe4,
    0xa0, 0x0, 0x9, 0x60, 0x9, 0x76, 0x90, 0x0,
    0x0, 0x2b, 0xb9, 0x1, 0xdd, 0x10, 0x0, 0x6d,
    0xbd, 0xa4, 0x3, 0xde, 0x60, 0x0, 0x0, 0x9,
    0x61, 0x9d, 0x21, 0xbc, 0x40, 0x0, 0x9, 0x6c,
    0x70, 0x0, 0x5, 0xc1, 0x0, 0x0, 0x0, 0x0,
    0x0, 0x0, 0x0,

    /* U+8FD0 "运" */
    0x2, 0x0, 0x0, 0x0, 0x0, 0x0, 0x0, 0x9a,
    0x1, 0xff, 0xff, 0xff, 0xa0, 0x0, 0xd7, 0x0,
    0x0, 0x0, 0x0, 0x0, 0x2, 0x40, 0x0, 0x0,
    0x0, 0x0, 0x0, 0x0, 0x89, 0x99, 0x99, 0x99,
    0x43, 0xdd, 0x37, 0x78, 0xf8, 0x77, 0x73, 0x2,
    0xc4, 0x0, 0x7b, 0x1, 0x20, 0x0, 0xc, 0x40,
    0xe, 0x30, 0x4d, 0x0, 0x0, 0xc4, 0x9, 0xa0,
    0x12, 0xe5, 0x0, 0xc, 0x45, 0xff, 0xff, 0xed,
    0xc0, 0x2, 0xe7, 0x24, 0x21, 0x0, 0xc, 0x1,
    0xe8, 0xda, 0x41, 0x0, 0x0, 0x0, 0x78, 0x0,
    0x7c, 0xef, 0xff, 0xff, 0xb0, 0x0, 0x0, 0x0,
    0x0, 0x0, 0x0,

    /* U+8FD4 "返" */
    0x5, 0x60, 0x2, 0x34, 0x57, 0x9a, 0x0, 0x2e,
    0x40, 0xed, 0xca, 0x97, 0x40, 0x0, 0x4a, 0xe,
    0x10, 0x0, 0x0, 0x0, 0x0, 0x0, 0xec, 0xcc,
    0xcc, 0x70, 0x5d, 0xd3, 0xf, 0x42, 0x22, 0xa7,
    0x1, 0x2c, 0x30, 0xf8, 0xb0, 0x2e, 0x10, 0x0,
    0xc3, 0x2d, 0x8, 0xcc, 0x60, 0x0, 0xc, 0x36,
    0x90, 0xd, 0xf1, 0x0, 0x0, 0xc3, 0xc3, 0x1c,
    0xa7, 0xd1, 0x0, 0x2e, 0xab, 0x6e, 0x80, 0x8,
    0xd0, 0x1e, 0x9e, 0x97, 0x40, 0x0, 0x6, 0x7,
    0x90, 0x18, 0xdf, 0xff, 0xff, 0xfc, 0x0, 0x0,
    0x0, 0x0, 0x0, 0x0, 0x0,

    /* U+8FDB "进" */
    0x0, 0x0, 0x0, 0x0, 0x0, 0x0, 0x0, 0x73,
    0x0, 0xf, 0x0, 0x79, 0x0, 0x4, 0xe1, 0x0,
    0xf0, 0x7, 0x90, 0x0, 0x8, 0xa7, 0xff, 0xff,
    0xff, 0xf5, 0x0, 0x1, 0x0, 0xf1, 0x7, 0x90,
    0x2, 0x88, 0x10, 0xf, 0x0, 0x79, 0x0, 0x28,
    0xe3, 0x0, 0xf0, 0x7, 0x90, 0x0, 0xc, 0x3e,
    0xff, 0xff, 0xff, 0xfc, 0x0, 0xc3, 0x1, 0xe0,
    0x7, 0x90, 0x0, 0xc, 0x30, 0x7a, 0x0, 0x79,
    0x0, 0x1, 0xe5, 0x2e, 0x20, 0x7, 0x90, 0x1,
    0xd9, 0xea, 0x91, 0x0, 0x34, 0x0, 0x79, 0x1,
    0x7c, 0xef, 0xff, 0xff, 0xb0, 0x0, 0x0, 0x0,
    0x0, 0x0, 0x0,

    /* U+8FDE "连" */
    0x0, 0x0, 0x0, 0x3, 0x10, 0x0, 0x0, 0x2,
    0xb0, 0x0, 0xe, 0x30, 0x0, 0x0, 0x0, 0xb8,
    0x4b, 0xcf, 0xbb, 0xbb, 0x70, 0x0, 0x1e, 0x23,
    0xd7, 0x33, 0x33, 0x20, 0x0, 0x2, 0x3, 0xe0,
    0xb4, 0x0, 0x0, 0x7, 0x96, 0xb, 0x82, 0xc6,
    0x22, 0x0, 0x5, 0x9b, 0xb, 0xdd, 0xfd, 0xdd,
    0x30, 0x0, 0x4b, 0x0, 0x0, 0xc4, 0x0, 0x0,
    0x0, 0x4b, 0x35, 0x55, 0xd8, 0x55, 0x50, 0x0,
    0x4b, 0x69, 0x99, 0xeb, 0x99, 0x90, 0x0, 0x8d,
    0x0, 0x0, 0xc4, 0x0, 0x0, 0x7, 0xd9, 0xd6,
    0x20, 0x52, 0x0, 0x0, 0x1d, 0x20, 0x4a, 0xef,
    0xff, 0xff, 0xf1, 0x0, 0x0, 0x0, 0x0, 0x0,
    0x0, 0x0,

    /* U+9009 "选" */
    0x0, 0x0, 0x0, 0x0, 0x0, 0x0, 0x0, 0x50,
    0x0, 0x41, 0x69, 0x0, 0x0, 0xa, 0x90, 0xd,
    0x36, 0x90, 0x0, 0x0, 0xe, 0x31, 0xff, 0xff,
    0xff, 0x90, 0x0, 0x10, 0x89, 0x6, 0x90, 0x0,
    0x2, 0x77, 0x15, 0x20, 0x69, 0x0, 0x0, 0x28,
    0xe3, 0xde, 0xff, 0xff, 0xee, 0x20, 0xd, 0x30,
    0xc, 0x37, 0x80, 0x0, 0x0, 0xd3, 0x0, 0xe1,
    0x78, 0x4, 0x20, 0xd, 0x30, 0x8b, 0x7, 0x80,
    0x95, 0x2, 0xe5, 0x8c, 0x10, 0x4f, 0xed, 0x11,
    0xe7, 0xda, 0x30, 0x0, 0x0, 0x0, 0x87, 0x1,
    0x7c, 0xee, 0xee, 0xff, 0xc0, 0x0, 0x0, 0x0,
    0x0, 0x0, 0x0,

    /* U+957F "长" */
    0x0, 0x0, 0x0, 0x0, 0x0, 0x0, 0x0, 0x0,
    0xd, 0x30, 0x0, 0x0, 0x41, 0x0, 0x0, 0xd,
    0x30, 0x0, 0x3b, 0xe3, 0x0, 0x0, 0xd, 0x30,
    0x4b, 0xf8, 0x10, 0x0, 0x0, 0xd, 0x3b, 0xd6,
    0x0, 0x0, 0x0, 0x0, 0xd, 0x31, 0x0, 0x0,
    0x0, 0x0, 0x1f, 0xff, 0xff, 0xff, 0xff, 0xff,
    0xe0, 0x1, 0x1d, 0x41, 0x7c, 0x11, 0x11, 0x10,
    0x0, 0xd, 0x30, 0xe, 0x50, 0x0, 0x0, 0x0,
    0xd, 0x30, 0x4, 0xe2, 0x0, 0x0, 0x0, 0xd,
    0x30, 0x13, 0x6e, 0x50, 0x0, 0x0, 0xe, 0x7a,
    0xf8, 0x4, 0xec, 0x50, 0x0, 0x3f, 0xd7, 0x10,
    0x0, 0x8, 0xb0, 0x0, 0x4, 0x0, 0x0, 0x0,
    0x0, 0x0,

    /* U+9634 "阴" */
    0xbf, 0xff, 0x3b, 0xee, 0xee, 0xcb, 0x30, 0xe1,
    0xd4, 0x11, 0x2e, 0xb3, 0x3c, 0xd, 0x30, 0x1,
    0xeb, 0x37, 0x80, 0xd3, 0x0, 0x1e, 0xb3, 0xc4,
    0xd, 0xff, 0xff, 0xeb, 0x36, 0xb0, 0xd3, 0x0,
    0x1e, 0xb3, 0xc, 0x3d, 0x20, 0x1, 0xeb, 0x30,
    0x95, 0xef, 0xff, 0xfe, 0xb6, 0x8e, 0x4f, 0x0,
    0x1, 0xeb, 0x56, 0x26, 0xb0, 0x0, 0x1e, 0xb3,
    0x1, 0xe4, 0x0, 0x26, 0xdb, 0x30, 0x98, 0x0,
    0xc, 0xb5, 0x0, 0x0, 0x0, 0x0, 0x0, 0x0,

    /* U+96E8 "雨" */
    0x3f, 0xff, 0xff, 0xff, 0xff, 0xff, 0xe0, 0x0,
    0x0, 0xa, 0x60, 0x0, 0x0, 0x0, 0x0, 0x0,
    0xa6, 0x0, 0x0, 0x0, 0x5e, 0xee, 0xef, 0xfe,
    0xee, 0xe1, 0x6, 0xa0, 0x0, 0xa6, 0x0, 0xf,
    0x10, 0x6a, 0x88, 0xa, 0x6c, 0x50, 0xf1, 0x6,
    0xa0, 0x9a, 0xa6, 0x1c, 0x5f, 0x10, 0x6a, 0x10,
    0x1a, 0x61, 0x0, 0xf1, 0x6, 0xaa, 0xa0, 0xa6,
    0xe7, 0xf, 0x10, 0x6a, 0x8, 0x8a, 0x61, 0xb3,
    0xf1, 0x6, 0xa0, 0x0, 0xa6, 0x0, 0xf, 0x10,
    0x6a, 0x0, 0xa, 0x60, 0x8f, 0xc0, 0x1, 0x20,
    0x0, 0x0, 0x1, 0x20, 0x0,

    /* U+96EA "雪" */
    0x6d, 0xdd, 0xdf, 0xdd, 0xdd, 0x70, 0x0, 0x0,
    0xe, 0x10, 0x0, 0x0, 0xcd, 0xdd, 0xdf, 0xdd,
    0xdd, 0xd1, 0xe1, 0x44, 0x1e, 0x24, 0x41, 0xd2,
    0xd2, 0x77, 0x2e, 0x37, 0x72, 0xc1, 0x3, 0xbb,
    0x4e, 0x3b, 0xb3, 0x0, 0x0, 0x0, 0x0, 0x0,
    0x0, 0x0, 0x3d, 0xdd, 0xdd, 0xdd, 0xdf, 0x20,
    0x0, 0x0, 0x0, 0x0, 0xd, 0x20, 0xc, 0xdd,
    0xdd, 0xdd, 0xdf, 0x20, 0x0, 0x0, 0x0, 0x0,
    0xd, 0x20, 0x5d, 0xdd, 0xdd, 0xdd, 0xdf, 0x20,

    /* U+96F7 "雷" */
    0x4d, 0xdd, 0xdf, 0xdd, 0xdd, 0x70, 0x0, 0x0,
    0xe, 0x10, 0x0, 0x0, 0xbd, 0xdd, 0xdf, 0xdd,
    0xdd, 0xd1, 0xe2, 0x44, 0x1e, 0x24, 0x41, 0xd2,
    0xe2, 0x66, 0x2e, 0x26, 0x62, 0xd2, 0x2, 0xaa,
    0x3c, 0x3a, 0xa4, 0x0, 0x2, 0x22, 0x22, 0x22,
    0x22, 0x0, 0xf, 0xbb, 0xbf, 0xbb, 0xbf, 0x30,
    0xf, 0x0, 0xe, 0x10, 0xd, 0x30, 0xf, 0xcc,
    0xcf, 0xcc, 0xcf, 0x30, 0xf, 0x0, 0xe, 0x10,
    0xd, 0x30, 0xf, 0xdd, 0xdd, 0xdd, 0xdf, 0x30,

    /* U+96FE "雾" */
    0x4, 0xbb, 0xbb, 0xfc, 0xbb, 0xb6, 0x0, 0x46,
    0x66, 0x6e, 0x66, 0x66, 0x60, 0xd, 0x88, 0x88,
    0xe9, 0x88, 0x8f, 0x0, 0xd2, 0x99, 0x3d, 0x29,
    0x93, 0xe0, 0x5, 0x16, 0xa2, 0xa1, 0x66, 0x23,
    0x0, 0x1, 0xce, 0x99, 0x99, 0x99, 0x0, 0x8,
    0xc9, 0xc5, 0x15, 0xad, 0x60, 0x0, 0x51, 0x4a,
    0xff, 0xfb, 0x42, 0x0, 0x8d, 0xc9, 0x67, 0x14,
    0x79, 0xbd, 0xb0, 0x2b, 0xbb, 0xfb, 0xbb, 0xbb,
    0x0, 0x0, 0x4, 0xc4, 0x0, 0x2, 0xd0, 0x3,
    0xcd, 0x92, 0x0, 0x9d, 0xd6, 0x0, 0x1, 0x0,
    0x0, 0x0, 0x0, 0x0, 0x0,

    /* U+973E "霾" */
    0x4, 0xbb, 0xbb, 0xec, 0xbb, 0xb8, 0x0, 0x79,
    0x99, 0x9d, 0xa9, 0x99, 0x91, 0xd, 0x36, 0x64,
    0xa5, 0x66, 0x3c, 0x20, 0x92, 0x77, 0x3a, 0x47,
    0x72, 0x81, 0x0, 0x19, 0xc4, 0x74, 0x99, 0x30,
    0x0, 0x8a, 0xd8, 0xc, 0x8c, 0x88, 0xb0, 0x3,
    0x76, 0xa6, 0xea, 0xea, 0xad, 0x2, 0xaa, 0xd2,
    0xd, 0x3c, 0x33, 0xd0, 0x4, 0x9a, 0x80, 0x66,
    0xd6, 0x65, 0x3, 0x72, 0x9c, 0x1b, 0xbe, 0xbb,
    0xb0, 0x29, 0xb2, 0xc0, 0x0, 0xc1, 0x0, 0x4,
    0x36, 0x9b, 0x8b, 0xbe, 0xbb, 0xba, 0x0, 0x43,
    0x0, 0x0, 0x0, 0x0, 0x0,

    /* U+9762 "面" */
    0x1f, 0xff, 0xff, 0xff, 0xff, 0xff, 0xe0, 0x0,
    0x0, 0xe, 0x30, 0x0, 0x0, 0x0, 0x0, 0x3,
    0xe0, 0x0, 0x0, 0x0, 0x3f, 0xff, 0xff, 0xff,
    0xff, 0xf0, 0x4, 0xc0, 0x68, 0x0, 0xc3, 0xf,
    0x0, 0x4c, 0x6, 0xa3, 0x3c, 0x30, 0xf0, 0x4,
    0xc0, 0x6d, 0xbb, 0xe3, 0xf, 0x0, 0x4c, 0x6,
    0x80, 0xc, 0x30, 0xf0, 0x4, 0xc0, 0x6f, 0xee,
    0xf3, 0xf, 0x0, 0x4c, 0x6, 0x80, 0xc, 0x30,
    0xf0, 0x4, 0xea, 0xcd, 0xaa, 0xeb, 0xaf, 0x0,
    0x3c, 0x33, 0x33, 0x33, 0x33, 0xf0,

    /* U+97F3 "音" */
    0x0, 0x0, 0x0, 0x51, 0x0, 0x0, 0x0, 0x0,
    0x0, 0xb, 0x60, 0x0, 0x0, 0x7, 0xff, 0xff,
    0xff, 0xff, 0xff, 0x30, 0x0, 0xe, 0x10, 0x3,
    0xc0, 0x0, 0x0, 0x0, 0xb4, 0x0, 0x79, 0x0,
    0x3, 0xff, 0xff, 0xff, 0xff, 0xff, 0xfe, 0x0,
    0x0, 0x0, 0x0, 0x0, 0x0, 0x0, 0x7, 0xdd,
    0xdd, 0xdd, 0xdd, 0x30, 0x0, 0x89, 0x11, 0x11,
    0x11, 0xd4, 0x0, 0x8, 0x93, 0x33, 0x33, 0x3d,
    0x40, 0x0, 0x8d, 0xbb, 0xbb, 0xbb, 0xf4, 0x0,
    0x8, 0x80, 0x0, 0x0, 0xc, 0x40, 0x0, 0x8f,
    0xee, 0xee, 0xee, 0xf4, 0x0,

    /* U+FF1A "：" */
    0x19, 0x32, 0xf7, 0x1, 0x0, 0x0, 0x0, 0x0,
    0x0, 0x1a, 0x42, 0xf7, 0x0, 0x0
};


/*---------------------
 *  GLYPH DESCRIPTION
 *--------------------*/

static const lv_font_fmt_txt_glyph_dsc_t glyph_dsc[] = {
    {.bitmap_index = 0, .adv_w = 0, .box_w = 0, .box_h = 0, .ofs_x = 0, .ofs_y = 0} /* id = 0 reserved */,
    {.bitmap_index = 0, .adv_w = 58, .box_w = 0, .box_h = 0, .ofs_x = 0, .ofs_y = 0},
    {.bitmap_index = 0, .adv_w = 80, .box_w = 3, .box_h = 10, .ofs_x = 1, .ofs_y = 0},
    {.bitmap_index = 15, .adv_w = 91, .box_w = 4, .box_h = 5, .ofs_x = 1, .ofs_y = 6},
    {.bitmap_index = 25, .adv_w = 134, .box_w = 9, .box_h = 10, .ofs_x = 0, .ofs_y = 0},
    {.bitmap_index = 70, .adv_w = 129, .box_w = 7, .box_h = 14, .ofs_x = 0, .ofs_y = -2},
    {.bitmap_index = 119, .adv_w = 184, .box_w = 11, .box_h = 10, .ofs_x = 0, .ofs_y = 0},
    {.bitmap_index = 174, .adv_w = 143, .box_w = 9, .box_h = 10, .ofs_x = 0, .ofs_y = 0},
    {.bitmap_index = 219, .adv_w = 57, .box_w = 2, .box_h = 5, .ofs_x = 1, .ofs_y = 6},
    {.bitmap_index = 224, .adv_w = 80, .box_w = 5, .box_h = 14, .ofs_x = 0, .ofs_y = -3},
    {.bitmap_index = 259, .adv_w = 80, .box_w = 5, .box_h = 14, .ofs_x = 0, .ofs_y = -3},
    {.bitmap_index = 294, .adv_w = 96, .box_w = 6, .box_h = 6, .ofs_x = 0, .ofs_y = 5},
    {.bitmap_index = 312, .adv_w = 124, .box_w = 8, .box_h = 7, .ofs_x = 0, .ofs_y = 1},
    {.bitmap_index = 340, .adv_w = 68, .box_w = 4, .box_h = 4, .ofs_x = 0, .ofs_y = -2},
    {.bitmap_index = 348, .adv_w = 99, .box_w = 5, .box_h = 2, .ofs_x = 1, .ofs_y = 3},
    {.bitmap_index = 353, .adv_w = 68, .box_w = 3, .box_h = 2, .ofs_x = 1, .ofs_y = 0},
    {.bitmap_index = 356, .adv_w = 112, .box_w = 5, .box_h = 11, .ofs_x = 1, .ofs_y = 0},
    {.bitmap_index = 384, .adv_w = 129, .box_w = 8, .box_h = 10, .ofs_x = 0, .ofs_y = 0},
    {.bitmap_index = 424, .adv_w = 129, .box_w = 5, .box_h = 10, .ofs_x = 1, .ofs_y = 0},
    {.bitmap_index = 449, .adv_w = 129, .box_w = 8, .box_h = 10, .ofs_x = 0, .ofs_y = 0},
    {.bitmap_index = 489, .adv_w = 129, .box_w = 7, .box_h = 10, .ofs_x = 0, .ofs_y = 0},
    {.bitmap_index = 524, .adv_w = 129, .box_w = 8, .box_h = 10, .ofs_x = 0, .ofs_y = 0},
    {.bitmap_index = 564, .adv_w = 129, .box_w = 7, .box_h = 10, .ofs_x = 1, .ofs_y = 0},
    {.bitmap_index = 599, .adv_w = 129, .box_w = 8, .box_h = 10, .ofs_x = 0, .ofs_y = 0},
    {.bitmap_index = 639, .adv_w = 129, .box_w = 8, .box_h = 10, .ofs_x = 0, .ofs_y = 0},
    {.bitmap_index = 679, .adv_w = 129, .box_w = 8, .box_h = 10, .ofs_x = 0, .ofs_y = 0},
    {.bitmap_index = 719, .adv_w = 129, .box_w = 8, .box_h = 10, .ofs_x = 0, .ofs_y = 0},
    {.bitmap_index = 759, .adv_w = 85, .box_w = 3, .box_h = 8, .ofs_x = 1, .ofs_y = 0},
    {.bitmap_index = 771, .adv_w = 85, .box_w = 4, .box_h = 10, .ofs_x = 0, .ofs_y = -2},
    {.bitmap_index = 791, .adv_w = 124, .box_w = 8, .box_h = 9, .ofs_x = 0, .ofs_y = 0},
    {.bitmap_index = 827, .adv_w = 124, .box_w = 8, .box_h = 6, .ofs_x = 0, .ofs_y = 1},
    {.bitmap_index = 851, .adv_w = 124, .box_w = 8, .box_h = 9, .ofs_x = 0, .ofs_y = 0},
    {.bitmap_index = 887, .adv_w = 97, .box_w = 6, .box_h = 10, .ofs_x = 0, .ofs_y = 0},
    {.bitmap_index = 917, .adv_w = 193, .box_w = 12, .box_h = 13, .ofs_x = 0, .ofs_y = -3},
    {.bitmap_index = 995, .adv_w = 149, .box_w = 10, .box_h = 10, .ofs_x = 0, .ofs_y = 0},
    {.bitmap_index = 1045, .adv_w = 139, .box_w = 7, .box_h = 10, .ofs_x = 1, .ofs_y = 0},
    {.bitmap_index = 1080, .adv_w = 134, .box_w = 7, .box_h = 10, .ofs_x = 1, .ofs_y = 0},
    {.bitmap_index = 1115, .adv_w = 157, .box_w = 8, .box_h = 10, .ofs_x = 1, .ofs_y = 0},
    {.bitmap_index = 1155, .adv_w = 125, .box_w = 7, .box_h = 10, .ofs_x = 1, .ofs_y = 0},
    {.bitmap_index = 1190, .adv_w = 118, .box_w = 6, .box_h = 10, .ofs_x = 1, .ofs_y = 0},
    {.bitmap_index = 1220, .adv_w = 153, .box_w = 8, .box_h = 10, .ofs_x = 1, .ofs_y = 0},
    {.bitmap_index = 1260, .adv_w = 159, .box_w = 8, .box_h = 10, .ofs_x = 1, .ofs_y = 0},
    {.bitmap_index = 1300, .adv_w = 61, .box_w = 2, .box_h = 10, .ofs_x = 1, .ofs_y = 0},
    {.bitmap_index = 1310, .adv_w = 61, .box_w = 5, .box_h = 13, .ofs_x = -2, .ofs_y = -3},
    {.bitmap_index = 1343, .adv_w = 138, .box_w = 8, .box_h = 10, .ofs_x = 1, .ofs_y = 0},
    {.bitmap_index = 1383, .adv_w = 114, .box_w = 6, .box_h = 10, .ofs_x = 1, .ofs_y = 0},
    {.bitmap_index = 1413, .adv_w = 186, .box_w = 10, .box_h = 10, .ofs_x = 1, .ofs_y = 0},
    {.bitmap_index = 1463, .adv_w = 165, .box_w = 9, .box_h = 10, .ofs_x = 1, .ofs_y = 0},
    {.bitmap_index = 1508, .adv_w = 166, .box_w = 9, .box_h = 10, .ofs_x = 1, .ofs_y = 0},
    {.bitmap_index = 1553, .adv_w = 134, .box_w = 7, .box_h = 10, .ofs_x = 1, .ofs_y = 0},
    {.bitmap_index = 1588, .adv_w = 166, .box_w = 9, .box_h = 12, .ofs_x = 1, .ofs_y = -2},
    {.bitmap_index = 1642, .adv_w = 138, .box_w = 8, .box_h = 10, .ofs_x = 1, .ofs_y = 0},
    {.bitmap_index = 1682, .adv_w = 127, .box_w = 8, .box_h = 10, .ofs_x = 0, .ofs_y = 0},
    {.bitmap_index = 1722, .adv_w = 118, .box_w = 8, .box_h = 10, .ofs_x = 0, .ofs_y = 0},
    {.bitmap_index = 1762, .adv_w = 157, .box_w = 8, .box_h = 10, .ofs_x = 1, .ofs_y = 0},
    {.bitmap_index = 1802, .adv_w = 138, .box_w = 9, .box_h = 10, .ofs_x = 0, .ofs_y = 0},
    {.bitmap_index = 1847, .adv_w = 201, .box_w = 13, .box_h = 10, .ofs_x = 0, .ofs_y = 0},
    {.bitmap_index = 1912, .adv_w = 140, .box_w = 9, .box_h = 10, .ofs_x = 0, .ofs_y = 0},
    {.bitmap_index = 1957, .adv_w = 133, .box_w = 9, .box_h = 10, .ofs_x = 0, .ofs_y = 0},
    {.bitmap_index = 2002, .adv_w = 140, .box_w = 9, .box_h = 10, .ofs_x = 0, .ofs_y = 0},
    {.bitmap_index = 2047, .adv_w = 66, .box_w = 4, .box_h = 14, .ofs_x = 0, .ofs_y = -3},
    {.bitmap_index = 2075, .adv_w = 114, .box_w = 7, .box_h = 13, .ofs_x = 0, .ofs_y = -2},
    {.bitmap_index = 2121, .adv_w = 66, .box_w = 4, .box_h = 14, .ofs_x = 0, .ofs_y = -3},
    {.bitmap_index = 2149, .adv_w = 124, .box_w = 7, .box_h = 6, .ofs_x = 0, .ofs_y = 5},
    {.bitmap_index = 2170, .adv_w = 112, .box_w = 7, .box_h = 2, .ofs_x = 0, .ofs_y = -4},
    {.bitmap_index = 2177, .adv_w = 78, .box_w = 4, .box_h = 2, .ofs_x = 0, .ofs_y = 9},
    {.bitmap_index = 2181, .adv_w = 137, .box_w = 8, .box_h = 8, .ofs_x = 0, .ofs_y = 0},
    {.bitmap_index = 2213, .adv_w = 142, .box_w = 8, .box_h = 11, .ofs_x = 1, .ofs_y = 0},
    {.bitmap_index = 2257, .adv_w = 111, .box_w = 7, .box_h = 8, .ofs_x = 0, .ofs_y = 0},
    {.bitmap_index = 2285, .adv_w = 142, .box_w = 8, .box_h = 11, .ofs_x = 0, .ofs_y = 0},
    {.bitmap_index = 2329, .adv_w = 129, .box_w = 8, .box_h = 8, .ofs_x = 0, .ofs_y = 0},
    {.bitmap_index = 2361, .adv_w = 78, .box_w = 5, .box_h = 11, .ofs_x = 0, .ofs_y = 0},
    {.bitmap_index = 2389, .adv_w = 142, .box_w = 8, .box_h = 11, .ofs_x = 0, .ofs_y = -3},
    {.bitmap_index = 2433, .adv_w = 138, .box_w = 7, .box_h = 11, .ofs_x = 1, .ofs_y = 0},
    {.bitmap_index = 2472, .adv_w = 60, .box_w = 2, .box_h = 11, .ofs_x = 1, .ofs_y = 0},
    {.bitmap_index = 2483, .adv_w = 60, .box_w = 4, .box_h = 14, .ofs_x = -1, .ofs_y = -3},
    {.bitmap_index = 2511, .adv_w = 116, .box_w = 7, .box_h = 11, .ofs_x = 1, .ofs_y = 0},
    {.bitmap_index = 2550, .adv_w = 64, .box_w = 3, .box_h = 11, .ofs_x = 1, .ofs_y = 0},
    {.bitmap_index = 2567, .adv_w = 206, .box_w = 11, .box_h = 8, .ofs_x = 1, .ofs_y = 0},
    {.bitmap_index = 2611, .adv_w = 138, .box_w = 7, .box_h = 8, .ofs_x = 1, .ofs_y = 0},
    {.bitmap_index = 2639, .adv_w = 138, .box_w = 8, .box_h = 8, .ofs_x = 0, .ofs_y = 0},
    {.bitmap_index = 2671, .adv_w = 142, .box_w = 8, .box_h = 11, .ofs_x = 1, .ofs_y = -3},
    {.bitmap_index = 2715, .adv_w = 142, .box_w = 8, .box_h = 11, .ofs_x = 0, .ofs_y = -3},
    {.bitmap_index = 2759, .adv_w = 85, .box_w = 5, .box_h = 8, .ofs_x = 1, .ofs_y = 0},
    {.bitmap_index = 2779, .adv_w = 107, .box_w = 6, .box_h = 8, .ofs_x = 0, .ofs_y = 0},
    {.bitmap_index = 2803, .adv_w = 75, .box_w = 5, .box_h = 10, .ofs_x = 0, .ofs_y = 0},
    {.bitmap_index = 2828, .adv_w = 137, .box_w = 7, .box_h = 8, .ofs_x = 1, .ofs_y = 0},
    {.bitmap_index = 2856, .adv_w = 118, .box_w = 8, .box_h = 8, .ofs_x = 0, .ofs_y = 0},
    {.bitmap_index = 2888, .adv_w = 185, .box_w = 12, .box_h = 8, .ofs_x = 0, .ofs_y = 0},
    {.bitmap_index = 2936, .adv_w = 116, .box_w = 8, .box_h = 8, .ofs_x = 0, .ofs_y = 0},
    {.bitmap_index = 2968, .adv_w = 118, .box_w = 8, .box_h = 11, .ofs_x = 0, .ofs_y = -3},
    {.bitmap_index = 3012, .adv_w = 113, .box_w = 7, .box_h = 8, .ofs_x = 0, .ofs_y = 0},
    {.bitmap_index = 3040, .adv_w = 67, .box_w = 4, .box_h = 14, .ofs_x = 0, .ofs_y = -3},
    {.bitmap_index = 3068, .adv_w = 41, .box_w = 2, .box_h = 14, .ofs_x = 0, .ofs_y = -3},
    {.bitmap_index = 3082, .adv_w = 67, .box_w = 4, .box_h = 14, .ofs_x = 0, .ofs_y = -3},
    {.bitmap_index = 3110, .adv_w = 124, .box_w = 8, .box_h = 3, .ofs_x = 0, .ofs_y = 2},
    {.bitmap_index = 3122, .adv_w = 81, .box_w = 5, .box_h = 6, .ofs_x = 0, .ofs_y = 5},
    {.bitmap_index = 3137, .adv_w = 80, .box_w = 3, .box_h = 2, .ofs_x = 1, .ofs_y = 4},
    {.bitmap_index = 3140, .adv_w = 220, .box_w = 14, .box_h = 2, .ofs_x = 0, .ofs_y = 4},
    {.bitmap_index = 3154, .adv_w = 220, .box_w = 13, .box_h = 11, .ofs_x = 0, .ofs_y = -1},
    {.bitmap_index = 3226, .adv_w = 220, .box_w = 13, .box_h = 12, .ofs_x = 0, .ofs_y = -1},
    {.bitmap_index = 3304, .adv_w = 220, .box_w = 13, .box_h = 12, .ofs_x = 0, .ofs_y = -1},
    {.bitmap_index = 3382, .adv_w = 220, .box_w = 14, .box_h = 12, .ofs_x = 0, .ofs_y = -1},
    {.bitmap_index = 3466, .adv_w = 220, .box_w = 12, .box_h = 13, .ofs_x = 1, .ofs_y = -1},
    {.bitmap_index = 3544, .adv_w = 220, .box_w = 12, .box_h = 13, .ofs_x = 1, .ofs_y = -1},
    {.bitmap_index = 3622, .adv_w = 220, .box_w = 13, .box_h = 11, .ofs_x = 0, .ofs_y = -1},
    {.bitmap_index = 3694, .adv_w = 220, .box_w = 13, .box_h = 13, .ofs_x = 0, .ofs_y = -2},
    {.bitmap_index = 3779, .adv_w = 220, .box_w = 14, .box_h = 12, .ofs_x = 0, .ofs_y = -1},
    {.bitmap_index = 3863, .adv_w = 220, .box_w = 14, .box_h = 13, .ofs_x = 0, .ofs_y = -2},
    {.bitmap_index = 3954, .adv_w = 220, .box_w = 14, .box_h = 13, .ofs_x = 0, .ofs_y = -1},
    {.bitmap_index = 4045, .adv_w = 220, .box_w = 13, .box_h = 14, .ofs_x = 0, .ofs_y = -2},
    {.bitmap_index = 4136, .adv_w = 220, .box_w = 13, .box_h = 13, .ofs_x = 0, .ofs_y = -1},
    {.bitmap_index = 4221, .adv_w = 220, .box_w = 14, .box_h = 13, .ofs_x = 0, .ofs_y = -2},
    {.bitmap_index = 4312, .adv_w = 220, .box_w = 13, .box_h = 14, .ofs_x = 0, .ofs_y = -2},
    {.bitmap_index = 4403, .adv_w = 220, .box_w = 11, .box_h = 14, .ofs_x = 1, .ofs_y = -2},
    {.bitmap_index = 4480, .adv_w = 220, .box_w = 12, .box_h = 13, .ofs_x = 1, .ofs_y = -1},
    {.bitmap_index = 4558, .adv_w = 220, .box_w = 13, .box_h = 14, .ofs_x = 0, .ofs_y = -2},
    {.bitmap_index = 4649, .adv_w = 220, .box_w = 13, .box_h = 14, .ofs_x = 0, .ofs_y = -2},
    {.bitmap_index = 4740, .adv_w = 220, .box_w = 14, .box_h = 14, .ofs_x = 0, .ofs_y = -2},
    {.bitmap_index = 4838, .adv_w = 220, .box_w = 13, .box_h = 14, .ofs_x = 0, .ofs_y = -2},
    {.bitmap_index = 4929, .adv_w = 220, .box_w = 13, .box_h = 14, .ofs_x = 0, .ofs_y = -2},
    {.bitmap_index = 5020, .adv_w = 220, .box_w = 12, .box_h = 12, .ofs_x = 1, .ofs_y = -1},
    {.bitmap_index = 5092, .adv_w = 220, .box_w = 10, .box_h = 12, .ofs_x = 2, .ofs_y = -2},
    {.bitmap_index = 5152, .adv_w = 220, .box_w = 13, .box_h = 13, .ofs_x = 0, .ofs_y = -1},
    {.bitmap_index = 5237, .adv_w = 220, .box_w = 13, .box_h = 12, .ofs_x = 0, .ofs_y = -1},
    {.bitmap_index = 5315, .adv_w = 220, .box_w = 13, .box_h = 13, .ofs_x = 0, .ofs_y = -1},
    {.bitmap_index = 5400, .adv_w = 220, .box_w = 13, .box_h = 13, .ofs_x = 0, .ofs_y = -2},
    {.bitmap_index = 5485, .adv_w = 220, .box_w = 14, .box_h = 12, .ofs_x = 0, .ofs_y = -1},
    {.bitmap_index = 5569, .adv_w = 220, .box_w = 12, .box_h = 12, .ofs_x = 1, .ofs_y = -1},
    {.bitmap_index = 5641, .adv_w = 220, .box_w = 12, .box_h = 12, .ofs_x = 1, .ofs_y = -1},
    {.bitmap_index = 5713, .adv_w = 220, .box_w = 13, .box_h = 13, .ofs_x = 0, .ofs_y = -1},
    {.bitmap_index = 5798, .adv_w = 220, .box_w = 14, .box_h = 14, .ofs_x = 0, .ofs_y = -2},
    {.bitmap_index = 5896, .adv_w = 220, .box_w = 14, .box_h = 13, .ofs_x = 0, .ofs_y = -1},
    {.bitmap_index = 5987, .adv_w = 220, .box_w = 13, .box_h = 14, .ofs_x = 0, .ofs_y = -2},
    {.bitmap_index = 6078, .adv_w = 220, .box_w = 14, .box_h = 13, .ofs_x = 0, .ofs_y = -2},
    {.bitmap_index = 6169, .adv_w = 220, .box_w = 14, .box_h = 14, .ofs_x = 0, .ofs_y = -2},
    {.bitmap_index = 6267, .adv_w = 220, .box_w = 13, .box_h = 14, .ofs_x = 0, .ofs_y = -2},
    {.bitmap_index = 6358, .adv_w = 220, .box_w = 13, .box_h = 13, .ofs_x = 0, .ofs_y = -1},
    {.bitmap_index = 6443, .adv_w = 220, .box_w = 13, .box_h = 14, .ofs_x = 0, .ofs_y = -2},
    {.bitmap_index = 6534, .adv_w = 220, .box_w = 13, .box_h = 13, .ofs_x = 0, .ofs_y = -1},
    {.bitmap_index = 6619, .adv_w = 220, .box_w = 14, .box_h = 14, .ofs_x = 0, .ofs_y = -2},
    {.bitmap_index = 6717, .adv_w = 220, .box_w = 13, .box_h = 13, .ofs_x = 0, .ofs_y = -1},
    {.bitmap_index = 6802, .adv_w = 220, .box_w = 12, .box_h = 13, .ofs_x = 1, .ofs_y = -2},
    {.bitmap_index = 6880, .adv_w = 220, .box_w = 13, .box_h = 13, .ofs_x = 0, .ofs_y = -1},
    {.bitmap_index = 6965, .adv_w = 220, .box_w = 13, .box_h = 14, .ofs_x = 1, .ofs_y = -2},
    {.bitmap_index = 7056, .adv_w = 220, .box_w = 14, .box_h = 14, .ofs_x = 0, .ofs_y = -2},
    {.bitmap_index = 7154, .adv_w = 220, .box_w = 13, .box_h = 14, .ofs_x = 0, .ofs_y = -2},
    {.bitmap_index = 7245, .adv_w = 220, .box_w = 14, .box_h = 14, .ofs_x = 0, .ofs_y = -2},
    {.bitmap_index = 7343, .adv_w = 220, .box_w = 14, .box_h = 13, .ofs_x = 0, .ofs_y = -2},
    {.bitmap_index = 7434, .adv_w = 220, .box_w = 13, .box_h = 13, .ofs_x = 0, .ofs_y = -1},
    {.bitmap_index = 7519, .adv_w = 220, .box_w = 14, .box_h = 14, .ofs_x = 0, .ofs_y = -2},
    {.bitmap_index = 7617, .adv_w = 220, .box_w = 13, .box_h = 14, .ofs_x = 0, .ofs_y = -2},
    {.bitmap_index = 7708, .adv_w = 220, .box_w = 13, .box_h = 13, .ofs_x = 0, .ofs_y = -1},
    {.bitmap_index = 7793, .adv_w = 220, .box_w = 13, .box_h = 13, .ofs_x = 0, .ofs_y = -1},
    {.bitmap_index = 7878, .adv_w = 220, .box_w = 14, .box_h = 14, .ofs_x = 0, .ofs_y = -2},
    {.bitmap_index = 7976, .adv_w = 220, .box_w = 14, .box_h = 13, .ofs_x = 0, .ofs_y = -1},
    {.bitmap_index = 8067, .adv_w = 220, .box_w = 14, .box_h = 14, .ofs_x = 0, .ofs_y = -2},
    {.bitmap_index = 8165, .adv_w = 220, .box_w = 13, .box_h = 14, .ofs_x = 0, .ofs_y = -2},
    {.bitmap_index = 8256, .adv_w = 220, .box_w = 14, .box_h = 13, .ofs_x = 0, .ofs_y = -1},
    {.bitmap_index = 8347, .adv_w = 220, .box_w = 14, .box_h = 13, .ofs_x = 0, .ofs_y = -1},
    {.bitmap_index = 8438, .adv_w = 220, .box_w = 14, .box_h = 14, .ofs_x = 0, .ofs_y = -2},
    {.bitmap_index = 8536, .adv_w = 220, .box_w = 14, .box_h = 14, .ofs_x = 0, .ofs_y = -2},
    {.bitmap_index = 8634, .adv_w = 220, .box_w = 14, .box_h = 14, .ofs_x = 0, .ofs_y = -2},
    {.bitmap_index = 8732, .adv_w = 220, .box_w = 14, .box_h = 13, .ofs_x = 0, .ofs_y = -1},
    {.bitmap_index = 8823, .adv_w = 220, .box_w = 12, .box_h = 14, .ofs_x = 1, .ofs_y = -2},
    {.bitmap_index = 8907, .adv_w = 220, .box_w = 14, .box_h = 14, .ofs_x = 0, .ofs_y = -2},
    {.bitmap_index = 9005, .adv_w = 220, .box_w = 13, .box_h = 13, .ofs_x = 0, .ofs_y = -2},
    {.bitmap_index = 9090, .adv_w = 220, .box_w = 10, .box_h = 12, .ofs_x = 2, .ofs_y = -1},
    {.bitmap_index = 9150, .adv_w = 220, .box_w = 11, .box_h = 13, .ofs_x = 1, .ofs_y = -2},
    {.bitmap_index = 9222, .adv_w = 220, .box_w = 14, .box_h = 12, .ofs_x = 0, .ofs_y = -1},
    {.bitmap_index = 9306, .adv_w = 220, .box_w = 13, .box_h = 14, .ofs_x = 1, .ofs_y = -2},
    {.bitmap_index = 9397, .adv_w = 220, .box_w = 13, .box_h = 13, .ofs_x = 0, .ofs_y = -1},
    {.bitmap_index = 9482, .adv_w = 220, .box_w = 13, .box_h = 13, .ofs_x = 0, .ofs_y = -2},
    {.bitmap_index = 9567, .adv_w = 220, .box_w = 11, .box_h = 13, .ofs_x = 0, .ofs_y = -2},
    {.bitmap_index = 9639, .adv_w = 220, .box_w = 14, .box_h = 13, .ofs_x = 0, .ofs_y = -1},
    {.bitmap_index = 9730, .adv_w = 220, .box_w = 14, .box_h = 13, .ofs_x = 0, .ofs_y = -1},
    {.bitmap_index = 9821, .adv_w = 220, .box_w = 14, .box_h = 14, .ofs_x = 0, .ofs_y = -2},
    {.bitmap_index = 9919, .adv_w = 220, .box_w = 14, .box_h = 13, .ofs_x = 0, .ofs_y = -1},
    {.bitmap_index = 10010, .adv_w = 220, .box_w = 14, .box_h = 14, .ofs_x = 0, .ofs_y = -2},
    {.bitmap_index = 10108, .adv_w = 220, .box_w = 14, .box_h = 13, .ofs_x = 0, .ofs_y = -1},
    {.bitmap_index = 10199, .adv_w = 220, .box_w = 14, .box_h = 12, .ofs_x = 0, .ofs_y = -1},
    {.bitmap_index = 10283, .adv_w = 220, .box_w = 14, .box_h = 14, .ofs_x = 0, .ofs_y = -2},
    {.bitmap_index = 10381, .adv_w = 220, .box_w = 14, .box_h = 13, .ofs_x = 0, .ofs_y = -1},
    {.bitmap_index = 10472, .adv_w = 220, .box_w = 14, .box_h = 14, .ofs_x = 0, .ofs_y = -2},
    {.bitmap_index = 10570, .adv_w = 220, .box_w = 14, .box_h = 14, .ofs_x = 0, .ofs_y = -2},
    {.bitmap_index = 10668, .adv_w = 220, .box_w = 14, .box_h = 14, .ofs_x = 0, .ofs_y = -2},
    {.bitmap_index = 10766, .adv_w = 220, .box_w = 14, .box_h = 14, .ofs_x = 0, .ofs_y = -2},
    {.bitmap_index = 10864, .adv_w = 220, .box_w = 14, .box_h = 14, .ofs_x = 0, .ofs_y = -2},
    {.bitmap_index = 10962, .adv_w = 220, .box_w = 12, .box_h = 14, .ofs_x = 1, .ofs_y = -2},
    {.bitmap_index = 11046, .adv_w = 220, .box_w = 14, .box_h = 12, .ofs_x = 0, .ofs_y = -1},
    {.bitmap_index = 11130, .adv_w = 220, .box_w = 13, .box_h = 13, .ofs_x = 0, .ofs_y = -2},
    {.bitmap_index = 11215, .adv_w = 220, .box_w = 14, .box_h = 13, .ofs_x = 0, .ofs_y = -2},
    {.bitmap_index = 11306, .adv_w = 220, .box_w = 13, .box_h = 13, .ofs_x = 0, .ofs_y = -1},
    {.bitmap_index = 11391, .adv_w = 220, .box_w = 13, .box_h = 14, .ofs_x = 0, .ofs_y = -2},
    {.bitmap_index = 11482, .adv_w = 220, .box_w = 14, .box_h = 14, .ofs_x = 0, .ofs_y = -2},
    {.bitmap_index = 11580, .adv_w = 220, .box_w = 14, .box_h = 13, .ofs_x = 0, .ofs_y = -1},
    {.bitmap_index = 11671, .adv_w = 220, .box_w = 14, .box_h = 14, .ofs_x = 0, .ofs_y = -2},
    {.bitmap_index = 11769, .adv_w = 220, .box_w = 14, .box_h = 14, .ofs_x = 0, .ofs_y = -2},
    {.bitmap_index = 11867, .adv_w = 220, .box_w = 12, .box_h = 13, .ofs_x = 1, .ofs_y = -2},
    {.bitmap_index = 11945, .adv_w = 220, .box_w = 13, .box_h = 14, .ofs_x = 0, .ofs_y = -2},
    {.bitmap_index = 12036, .adv_w = 220, .box_w = 12, .box_h = 14, .ofs_x = 1, .ofs_y = -2},
    {.bitmap_index = 12120, .adv_w = 220, .box_w = 14, .box_h = 13, .ofs_x = 0, .ofs_y = -1},
    {.bitmap_index = 12211, .adv_w = 220, .box_w = 14, .box_h = 13, .ofs_x = 0, .ofs_y = -1},
    {.bitmap_index = 12302, .adv_w = 220, .box_w = 13, .box_h = 12, .ofs_x = 0, .ofs_y = -1},
    {.bitmap_index = 12380, .adv_w = 220, .box_w = 14, .box_h = 13, .ofs_x = 0, .ofs_y = -2},
    {.bitmap_index = 12471, .adv_w = 220, .box_w = 14, .box_h = 13, .ofs_x = 0, .ofs_y = -1},
    {.bitmap_index = 12562, .adv_w = 220, .box_w = 13, .box_h = 13, .ofs_x = 0, .ofs_y = -2},
    {.bitmap_index = 12647, .adv_w = 220, .box_w = 14, .box_h = 13, .ofs_x = 0, .ofs_y = -1},
    {.bitmap_index = 12738, .adv_w = 220, .box_w = 14, .box_h = 13, .ofs_x = 0, .ofs_y = -2},
    {.bitmap_index = 12829, .adv_w = 220, .box_w = 13, .box_h = 14, .ofs_x = 0, .ofs_y = -2},
    {.bitmap_index = 12920, .adv_w = 220, .box_w = 13, .box_h = 13, .ofs_x = 0, .ofs_y = -2},
    {.bitmap_index = 13005, .adv_w = 220, .box_w = 13, .box_h = 14, .ofs_x = 0, .ofs_y = -2},
    {.bitmap_index = 13096, .adv_w = 220, .box_w = 14, .box_h = 14, .ofs_x = 0, .ofs_y = -2},
    {.bitmap_index = 13194, .adv_w = 220, .box_w = 13, .box_h = 14, .ofs_x = 0, .ofs_y = -2},
    {.bitmap_index = 13285, .adv_w = 220, .box_w = 14, .box_h = 14, .ofs_x = 0, .ofs_y = -2},
    {.bitmap_index = 13383, .adv_w = 220, .box_w = 11, .box_h = 13, .ofs_x = 1, .ofs_y = -2},
    {.bitmap_index = 13455, .adv_w = 220, .box_w = 13, .box_h = 13, .ofs_x = 0, .ofs_y = -2},
    {.bitmap_index = 13540, .adv_w = 220, .box_w = 12, .box_h = 12, .ofs_x = 1, .ofs_y = -1},
    {.bitmap_index = 13612, .adv_w = 220, .box_w = 12, .box_h = 12, .ofs_x = 1, .ofs_y = -1},
    {.bitmap_index = 13684, .adv_w = 220, .box_w = 13, .box_h = 13, .ofs_x = 0, .ofs_y = -2},
    {.bitmap_index = 13769, .adv_w = 220, .box_w = 13, .box_h = 13, .ofs_x = 0, .ofs_y = -2},
    {.bitmap_index = 13854, .adv_w = 220, .box_w = 13, .box_h = 12, .ofs_x = 0, .ofs_y = -1},
    {.bitmap_index = 13932, .adv_w = 220, .box_w = 13, .box_h = 13, .ofs_x = 0, .ofs_y = -1},
    {.bitmap_index = 14017, .adv_w = 220, .box_w = 3, .box_h = 9, .ofs_x = 2, .ofs_y = -1}
};

/*---------------------
 *  CHARACTER MAPPING
 *--------------------*/

static const uint16_t unicode_list_1[] = {
    0x0, 0x7, 0x4d50, 0x4d59, 0x4d5b, 0x4d5d, 0x4d7a, 0x4d7d,
    0x4d82, 0x4ddc, 0x4de1, 0x4de4, 0x4e1a, 0x4e4b, 0x4e68, 0x4fac,
    0x50b5, 0x50bd, 0x50d5, 0x5102, 0x5157, 0x516b, 0x51f1, 0x51f8,
    0x5255, 0x528a, 0x5333, 0x5340, 0x535e, 0x537f, 0x53b8, 0x55b8,
    0x562b, 0x562e, 0x5678, 0x5680, 0x5690, 0x586a, 0x5879, 0x5881,
    0x591b, 0x5aa8, 0x5adc, 0x5af4, 0x5b5f, 0x5d3e, 0x5d42, 0x5d52,
    0x5d77, 0x5dc6, 0x5df6, 0x5e4a, 0x5e50, 0x5ed5, 0x5f51, 0x6098,
    0x615f, 0x6166, 0x622f, 0x6239, 0x6259, 0x62f5, 0x6397, 0x63fd,
    0x6486, 0x648e, 0x6498, 0x64c4, 0x64fd, 0x6500, 0x6530, 0x6535,
    0x655e, 0x658e, 0x65c4, 0x65ca, 0x6644, 0x6658, 0x667a, 0x667c,
    0x668a, 0x6696, 0x6971, 0x6ab2, 0x6ab3, 0x6adb, 0x6b64, 0x6c91,
    0x6d88, 0x6dcf, 0x6dfa, 0x7206, 0x7485, 0x748b, 0x7751, 0x788a,
    0x79ca, 0x7a3f, 0x7a99, 0x7e2c, 0x7e63, 0x7e8a, 0x7ea1, 0x8061,
    0x81bf, 0x879c, 0x8933, 0x8b2d, 0x8b44, 0x8c75, 0x8d03, 0x8ecb,
    0x8ed3, 0x8f20, 0x8f24, 0x8f2b, 0x8f2e, 0x8f59, 0x94cf, 0x9584,
    0x9638, 0x963a, 0x9647, 0x964e, 0x968e, 0x96b2, 0x9743, 0xfe6a
};

/*Collect the unicode lists and glyph_id offsets*/
static const lv_font_fmt_txt_cmap_t cmaps[] =
{
    {
        .range_start = 32, .range_length = 95, .glyph_id_start = 1,
        .unicode_list = NULL, .glyph_id_ofs_list = NULL, .list_length = 0, .type = LV_FONT_FMT_TXT_CMAP_FORMAT0_TINY
    },
    {
        .range_start = 176, .range_length = 65131, .glyph_id_start = 96,
        .unicode_list = unicode_list_1, .glyph_id_ofs_list = NULL, .list_length = 128, .type = LV_FONT_FMT_TXT_CMAP_SPARSE_TINY
    }
};



/*--------------------
 *  ALL CUSTOM DATA
 *--------------------*/

#if LVGL_VERSION_MAJOR == 8
/*Store all the custom data of the font*/
static  lv_font_fmt_txt_glyph_cache_t cache;
#endif

#if LVGL_VERSION_MAJOR >= 8
static const lv_font_fmt_txt_dsc_t font_dsc = {
#else
static lv_font_fmt_txt_dsc_t font_dsc = {
#endif
    .glyph_bitmap = glyph_bitmap,
    .glyph_dsc = glyph_dsc,
    .cmaps = cmaps,
    .kern_dsc = NULL,
    .kern_scale = 0,
    .cmap_num = 2,
    .bpp = 4,
    .kern_classes = 0,
    .bitmap_format = 0,
#if LVGL_VERSION_MAJOR == 8
    .cache = &cache
#endif
};



/*-----------------
 *  PUBLIC FONT
 *----------------*/

/*Initialize a public general font descriptor*/
#if LVGL_VERSION_MAJOR >= 8
const lv_font_t font_atian_ui_14_4 = {
#else
lv_font_t font_atian_ui_14_4 = {
#endif
    .get_glyph_dsc = lv_font_get_glyph_dsc_fmt_txt,    /*Function pointer to get glyph's data*/
    .get_glyph_bitmap = lv_font_get_bitmap_fmt_txt,    /*Function pointer to get glyph's bitmap*/
    .line_height = 16,          /*The maximum line height required by the font*/
    .base_line = 4,             /*Baseline measured from the bottom of the line*/
#if !(LVGL_VERSION_MAJOR == 6 && LVGL_VERSION_MINOR == 0)
    .subpx = LV_FONT_SUBPX_NONE,
#endif
#if LV_VERSION_CHECK(7, 4, 0) || LVGL_VERSION_MAJOR >= 8
    .underline_position = -1,
    .underline_thickness = 1,
#endif
    .dsc = &font_dsc,          /*The custom font data. Will be accessed by `get_glyph_bitmap/dsc` */
#if LV_VERSION_CHECK(8, 2, 0) || LVGL_VERSION_MAJOR >= 9
    .fallback = NULL,
#endif
    .user_data = NULL,
};



#endif /*#if FONT_ATIAN_UI_14_4*/
